category,title,price,date,link,status_note
education,보드게임 기획적,,02.02 ~ 02.04,https://www.wishbunny.me/drop/9084,
food,나는 레몬이에오/ 우린 레몬생강이에오,,02.16 ~ 02.18,https://www.wishbunny.me/drop/9092,
food,너티버티,,02.12 ~ 02.15,https://www.wishbunny.me/drop/9091,
food,느티나무 소갈비찜 선물세트,,02.09 ~ 02.11,https://www.wishbunny.me/drop/9090,
food,미다온 앙금가래떡 선물세트,,02.09 ~ 02.11,https://www.wishbunny.me/drop/9089,
food,김부각 선물세트,,02.05 ~ 02.07,https://www.wishbunny.me/drop/9088,
living,제주생선,,02.06 ~ 02.08,https://www.wishbunny.me/drop/9129,
living,바라짜 브레빌밤비노,,02.04 ~ 02.06,https://www.wishbunny.me/drop/9128,
beauty,틴더버드,,02.19 ~ 02.22,https://www.wishbunny.me/drop/9093,
health,YDY 폴라조임계오메가3,,02.02 ~ 02.04,https://www.wishbunny.me/drop/9096,
health,K3 유산균 선물세트,,02.02 ~ 02.04,https://www.wishbunny.me/drop/9087,
sports,가정용 에어하키 중형 대형,"30,900",01.26 ~ 01.30,https://www.wishbunny.me/drop/8098,
sports,5in1 콤보플레이어 가정용당구대 포켓볼 게임 탁구 농구 장난감,"127,000",01.26 ~ 01.30,https://www.wishbunny.me/drop/8097,
etc,맥킹덤 맥타일즈,,02.02 ~ 02.06,https://www.wishbunny.me/drop/9058,
baby,플레이매트,"39,900",02.01 ~ 02.03,https://www.wishbunny.me/drop/9155,
baby,아기 혼자서도 잘 먹어요! 유기농 퍼프&스틱 6종 구성,"29,900",01.31 ~ 02.06,https://www.wishbunny.me/drop/9159,
book,블루래빗 인기템 골라담기6차,,02.19 ~ 02.21,https://www.wishbunny.me/drop/9421,
education,에그스쿨,,02.04 ~ 02.06,https://www.wishbunny.me/drop/9525,
education,보드게임,,02.02 ~ 02.04,https://www.wishbunny.me/drop/9524,
food,유기농 쌀누룩요거트 미미유,,02.02 ~ 02.04,https://www.wishbunny.me/drop/9523,
wash,메쉬넵 네블라이저,,02.03 ~ 02.05,https://www.wishbunny.me/drop/9456,
fashion,삼소니 등원룩,,02.04 ~ 02.08,https://www.wishbunny.me/drop/9457,
fashion,자수 복주머니,,02.05 ~ 02.07,https://www.wishbunny.me/drop/9301,
fashion,자수 복주머니,,02.05 ~ 02.07,https://www.wishbunny.me/drop/9227,
etc,특별 기획전,,02.04 ~ 02.06,https://www.wishbunny.me/drop/9268,
wash,스테나 가열식 가습기 2차,,02.05 ~ 02.09,https://www.wishbunny.me/drop/9763,
beauty,라라메드 엉덩이 클렌저,,02.04 ~ 02.07,https://www.wishbunny.me/drop/9636,
living,롤키친 지퍼백 230매 1만원대,,02.12 ~ 01.14,https://www.wishbunny.me/drop/10042,
wash,마베비 이유식 워머 휴대용 포트,,02.09 ~ 02.11,https://www.wishbunny.me/drop/9420,
baby,트라이크 캐리어,"128,000",02.05 ~ 02.09,https://www.wishbunny.me/drop/10172,New Item
baby,공룡식판세트5종,N/A,02.09 ~ 02.13,https://www.wishbunny.me/drop/10171,New Item
baby,"육아필수템(하트고리, 워터매트, 실리콘볼)","24,900",02.14 ~ 02.20,https://www.wishbunny.me/drop/10170,New Item
baby,벨라이즈 미아방지 목걸이&팔찌,N/A,02.10 ~ 02.12,https://www.wishbunny.me/drop/10151,New Item
baby,팁토이조이,N/A,03.27 ~ 03.29,https://www.wishbunny.me/drop/10126,New Item
baby,이유식기,N/A,02.09 ~ 02.11,https://www.wishbunny.me/drop/10123,New Item
baby,호들 낮잠이불,"215,000",02.09 ~ 02.11,https://www.wishbunny.me/drop/10121,New Item
baby,출판사 연합 워크북 대전,"30,800",02.09 ~ 02.11,https://www.wishbunny.me/drop/10120,New Item
baby,주니 올스텐스푼세트,"8,900",02.05 ~ 02.08,https://www.wishbunny.me/drop/10119,New Item
baby,주니 컵 모음전,"21,000",02.05 ~ 02.08,https://www.wishbunny.me/drop/10117,New Item
baby,맥킹덤 자석블럭,"59,000",02.06 ~ 02.11,https://www.wishbunny.me/drop/10116,New Item
baby,★ 마이베이비북 교육용 소근육 발달 몬테소리 학습 교구책 +자석칠교+ 전용백팩 * 2권이상 구매시 + 샌드토이웨건 ★,"49,800",02.07 ~ 02.11,https://www.wishbunny.me/drop/10115,New Item
baby,★ 1+1 이벤트 하나사면 하나더! 마이베이비북 교육용 소근육 발달 몬테소리 학습 교구책 + 사은품: 마이리틀팜 [예약] 2월10일 출고예정 ★,"49,800",02.07 ~ 02.11,https://www.wishbunny.me/drop/10114,New Item
baby,아넬라퓨레 & 짜넬라퓨레 원하는 맛 골라담기,N/A,02.09 ~ 02.13,https://www.wishbunny.me/drop/10113,New Item
baby,모양 떡국떡 ‘설날’,"5,000",02.07 ~ 02.10,https://www.wishbunny.me/drop/10112,New Item
baby,무항생제 자유방사 난각1번 유정란,N/A,02.23 ~ 02.26,https://www.wishbunny.me/drop/10110,New Item
baby,"바브레 아기변기, 사다리변기, 디딤대",N/A,02.19 ~ 02.22,https://www.wishbunny.me/drop/10109,New Item
baby,로보카폴리 자일리톨캔디,"22,200",02.06 ~ 02.10,https://www.wishbunny.me/drop/10105,New Item
baby,마이키즈,N/A,02.07 ~ 02.12,https://www.wishbunny.me/drop/10101,New Item
baby,로지오가닉 유기농 아기 간식 떡뻥 스틱 퍼프,"29,900",02.09 ~ 02.13,https://www.wishbunny.me/drop/10100,New Item
baby,휴대용 네임 약병 케이스 + 약병 이름표,N/A,02.15 ~ 02.18,https://www.wishbunny.me/drop/10099,New Item
baby,콕콕콕사운드벽보7종,N/A,02.13 ~ 02.16,https://www.wishbunny.me/drop/10098,New Item
baby,미태그 위치추적기,"15,000",02.02 ~ 02.08,https://www.wishbunny.me/drop/10097,New Item
baby,글로우팡/워터볼/물고기12마리(뜰채),N/A,02.12 ~ 02.15,https://www.wishbunny.me/drop/10096,New Item
baby,"자동연필깎이, 지우개청소기, 자동스테이플러","13,900",02.04 ~ 02.08,https://www.wishbunny.me/drop/10095,New Item
baby,어뜌케어백1+1,N/A,02.11 ~ 02.14,https://www.wishbunny.me/drop/10094,New Item
baby,유모차 부스터백,N/A,02.09 ~ 02.11,https://www.wishbunny.me/drop/10093,New Item
baby,페이퍼하우스,"24,800",02.06 ~ 02.11,https://www.wishbunny.me/drop/10092,New Item
baby,옴모크레용,"21,800",02.14 ~ 02.18,https://www.wishbunny.me/drop/10091,New Item
baby,투명 장난감 정리함,"18,200",02.10 ~ 02.12,https://www.wishbunny.me/drop/10090,New Item
baby,두들링 미술세트 드로잉북 포함,"42,800",02.19 ~ 02.25,https://www.wishbunny.me/drop/10088,New Item
baby,"슈퍼심플송 DVD / 페파피그 DVD / 사파 CD,DVD 플레이어","30,000",02.06 ~ 02.13,https://www.wishbunny.me/drop/10085,New Item
baby,프로실플러스 흉터 관리스틱,"37,900",02.07 ~ 02.18,https://www.wishbunny.me/drop/10084,New Item
baby,리틀 홈 마트,"35,200",02.10 ~ 02.15,https://www.wishbunny.me/drop/10080,New Item
baby,맥킹덤 맥타일즈,"59,000",02.09 ~ 02.12,https://www.wishbunny.me/drop/10077,New Item
baby,[국내정품] 아디다스 키즈 신발 핫딜,N/A,03.17 ~ 03.22,https://www.wishbunny.me/drop/10075,New Item
baby,한일 스마트 욕실 온풍기,"139,000",02.06 ~ 02.09,https://www.wishbunny.me/drop/10074,New Item
baby,이지드로잉 큐브 자석블록,"32,000",02.06 ~ 02.12,https://www.wishbunny.me/drop/10071,New Item
baby,[26년 봄신상] 아이콩. 폴 라운드상하,N/A,02.06 ~ 02.10,https://www.wishbunny.me/drop/10068,New Item
baby,초정담 무항생제 한우 사골곰탕,"14,000",02.06 ~ 02.10,https://www.wishbunny.me/drop/10067,New Item
baby,쫀쫀모달티&요루고쟁이,"13,900",02.10 ~ 02.13,https://www.wishbunny.me/drop/10066,New Item
baby,블루래빗 두뇌발달 첫놀잇감 세트(20종),"99,000",02.06 ~ 02.07,https://www.wishbunny.me/drop/10064,
baby,분유포트,N/A,03.01 ~ 03.03,https://www.wishbunny.me/drop/10061,
baby,촛점책,N/A,02.25 ~ 02.27,https://www.wishbunny.me/drop/10060,
baby,허그베어 아기비데,N/A,03.27,https://www.wishbunny.me/drop/10059,
baby,원형러그 신형 2,N/A,02.15 ~ 02.17,https://www.wishbunny.me/drop/10058,
baby,분유쉐이커 보온,N/A,03.09 ~ 03.11,https://www.wishbunny.me/drop/10057,
baby,드메로니 동물 네임택,"7,220",02.05 ~ 02.07,https://www.wishbunny.me/drop/10055,
baby,드메로니 블랙 네임택,"5,860",02.05 ~ 02.07,https://www.wishbunny.me/drop/10054,
baby,드메로니 물병 네임택,"6,120",02.05 ~ 02.07,https://www.wishbunny.me/drop/10053,
baby,드메로니 컬러 네임택,"5,860",02.05 ~ 02.07,https://www.wishbunny.me/drop/10052,
baby,해열쿨링시트,"5,900",02.04 ~ 02.07,https://www.wishbunny.me/drop/10047,
baby,아티바바,"23,800",02.09 ~ 02.12,https://www.wishbunny.me/drop/10046,
baby,드릴모음5종!,"35,000",02.06 ~ 02.10,https://www.wishbunny.me/drop/10044,
baby,아티바바 실리콘 소프트 블럭,"23,800",02.09 ~ 02.12,https://www.wishbunny.me/drop/10043,
baby,프리미엄 카시트 트레이,"36,000",02.05 ~ 02.08,https://www.wishbunny.me/drop/10041,
baby,"어린이집 신학기템 파우치, 네임스티커","4,900",02.01 ~ 02.05,https://www.wishbunny.me/drop/10040,
baby,매직캔 쓰레기통,N/A,02.19 ~ 02.23,https://www.wishbunny.me/drop/10038,
baby,블루래빗 오감발달,N/A,02.24 ~ 02.25,https://www.wishbunny.me/drop/10036,
baby,이유식 야채큐브,N/A,02.09 ~ 02.11,https://www.wishbunny.me/drop/10035,
baby,오가닉스 과일 퓨레 4차,"24,800",02.25 ~ 02.28,https://www.wishbunny.me/drop/10032,
baby,뉴 베이비 사이언스,"129,000",02.23 ~ 02.27,https://www.wishbunny.me/drop/10031,
baby,꽁떼떼 아기 교구장 서랍장 [국내생산],"49,900",02.09 ~ 02.12,https://www.wishbunny.me/drop/10030,
baby,킨즈듀오웨건,"470,000",02.05 ~ 02.12,https://www.wishbunny.me/drop/10029,
baby,두두 스카프 버전2,"11,900",02.13 ~ 02.16,https://www.wishbunny.me/drop/10028,
baby,명절 선물세트,N/A,02.05 ~ 02.11,https://www.wishbunny.me/drop/10027,New Item
baby,곡물도자기 식판,"25,000",02.09 ~ 02.13,https://www.wishbunny.me/drop/10026,New Item
baby,아기피부고민은 라무르로 해결,N/A,02.05,https://www.wishbunny.me/drop/10024,New Item
baby,26년형 캐리어 트라이크,"148,000",02.07 ~ 02.28,https://www.wishbunny.me/drop/10023,New Item
baby,원터치 빨대컵,"15,500",02.05 ~ 02.28,https://www.wishbunny.me/drop/10022,New Item
baby,낮잠이불 풀세트 3종 모음,"124,000",02.06 ~ 02.28,https://www.wishbunny.me/drop/10021,New Item
baby,칫솔살균기&유아치실,N/A,02.23,https://www.wishbunny.me/drop/10020,New Item
baby,실리콘 약병,N/A,02.13,https://www.wishbunny.me/drop/10019,New Item
baby,디즈니정품 사계절 아우터 2종,N/A,02.09,https://www.wishbunny.me/drop/10018,New Item
baby,그로그로잉 여행용 방수파우치,N/A,02.05,https://www.wishbunny.me/drop/10015,New Item
baby,신생아~유아 두상베개,N/A,02.05,https://www.wishbunny.me/drop/10014,New Item
baby,유산균음료,"29,900",02.10 ~ 02.13,https://www.wishbunny.me/drop/10012,New Item
baby,래디어스 칫솔 x CJ 최저가 오픈,N/A,02.09 ~ 02.16,https://www.wishbunny.me/drop/10011,New Item
baby,"밥솥칸막이,찜기","18,900",02.09 ~ 02.11,https://www.wishbunny.me/drop/10007,New Item
baby,랜덤 요루스카프빕,"2,900",02.05,https://www.wishbunny.me/drop/10006,New Item
baby,리틀룬드 텀블러/도시락/백팩,N/A,02.05 ~ 02.08,https://www.wishbunny.me/drop/10005,New Item
baby,서점 베스트셀러 골라담기,N/A,02.05 ~ 02.12,https://www.wishbunny.me/drop/10004,New Item
baby,베베누보 낮잠이불 풀세트 모음전,"124,000",02.04 ~ 02.08,https://www.wishbunny.me/drop/10001,New Item
baby,신생아실 아토오겔4종풀세트,"39,000",03.01 ~ 03.07,https://www.wishbunny.me/drop/9997,New Item
baby,라무르 전제품 2차,N/A,02.02 ~ 02.04,https://www.wishbunny.me/drop/9995,New Item
baby,100곡 영어동요! 잉글리쉬송즈 사운드북,"9,600",02.05 ~ 02.08,https://www.wishbunny.me/drop/9994,New Item
baby,세이펜,N/A,02.13 ~ 02.18,https://www.wishbunny.me/drop/9992,New Item
baby,자브백 기저귀가방 보부상가방,"118,000",02.02 ~ 02.08,https://www.wishbunny.me/drop/9991,New Item
baby,두쫀쿠 4구 선물세트,N/A,02.04 ~ 02.09,https://www.wishbunny.me/drop/9989,New Item
baby,2배로 실사진 스티커북 4권,"23,900",02.05 ~ 02.07,https://www.wishbunny.me/drop/9987,New Item
baby,픽킷 칫솔 치약,"11,100",02.04 ~ 02.08,https://www.wishbunny.me/drop/9986,New Item
baby,100억 프로바이오틱스 유산균 비타민D 아연,"58,000",02.04 ~ 02.08,https://www.wishbunny.me/drop/9985,New Item
baby,호주정품 비판텐 안티셉틱 유키베어럽 수도크림,"10,900",02.04 ~ 02.28,https://www.wishbunny.me/drop/9982,New Item
baby,톡톡북 12권 전집 세트(세이펜 호환),"39,900",02.05 ~ 02.08,https://www.wishbunny.me/drop/9980,New Item
baby,낱말카드 (세이펜 호환),"19,900",02.05 ~ 02.08,https://www.wishbunny.me/drop/9979,New Item
baby,올인원 백색소음기,"32,900",02.04 ~ 02.08,https://www.wishbunny.me/drop/9978,New Item
baby,하이체어,"155,000",02.28 ~ 03.03,https://www.wishbunny.me/drop/9977,New Item
baby,떡뻥 아기과자 골라담기,"2,400",02.27 ~ 03.01,https://www.wishbunny.me/drop/9976,New Item
baby,몬테소리 스툴,"39,900",02.26 ~ 02.28,https://www.wishbunny.me/drop/9975,New Item
baby,이유식 기획전,"19,500",02.20 ~ 02.22,https://www.wishbunny.me/drop/9973,New Item
baby,딸기바나나포리지,"12,500",02.19 ~ 02.22,https://www.wishbunny.me/drop/9972,New Item
baby,튤립 사운드북,"36,750",02.16 ~ 02.22,https://www.wishbunny.me/drop/9971,New Item
baby,젖병세트,"24,900",02.13 ~ 02.15,https://www.wishbunny.me/drop/9970,New Item
baby,아기목욕스펀지,0,02.12 ~ 02.15,https://www.wishbunny.me/drop/9969,New Item
baby,배앓이방지 봄실내복,"13,410",02.11 ~ 02.13,https://www.wishbunny.me/drop/9968,New Item
baby,베쓰타올,"22,500",02.07 ~ 02.10,https://www.wishbunny.me/drop/9966,New Item
baby,온다베이비 욕조,"29,900",02.05 ~ 02.08,https://www.wishbunny.me/drop/9965,New Item
baby,유아용 타는 캐리어,"128,000",02.10 ~ 02.13,https://www.wishbunny.me/drop/9964,New Item
baby,휴대용 하이체어 업피,"99,000",02.09 ~ 02.11,https://www.wishbunny.me/drop/9963,New Item
baby,엔젤앤비 트립트랩 쿠션,"49,900",02.04 ~ 02.07,https://www.wishbunny.me/drop/9962,New Item
baby,와우펜,"8,900",02.05 ~ 02.08,https://www.wishbunny.me/drop/9961,New Item
baby,르베르 리브 하이체어,"148,000",02.26 ~ 03.04,https://www.wishbunny.me/drop/9960,New Item
baby,어린이집 준비물&식기,N/A,02.11 ~ 02.15,https://www.wishbunny.me/drop/9951,New Item
baby,리라그루브 연필 • 울리 • 지오토,N/A,02.03 ~ 02.08,https://www.wishbunny.me/drop/9936,New Item
baby,(최저가 한정수량) 아기상어 아이비타CD+아연 500정,N/A,02.03 ~ 02.08,https://www.wishbunny.me/drop/9935,New Item
baby,아린이네생선가게 순살구이,N/A,02.11 ~ 02.13,https://www.wishbunny.me/drop/9934,New Item
baby,오늘도바다식탁 톳 매생이 미역 밥새우 모음,N/A,02.09 ~ 02.12,https://www.wishbunny.me/drop/9933,New Item
baby,뛰뛰빵빵 핸드북,"29,900",02.05 ~ 02.07,https://www.wishbunny.me/drop/9931,New Item
baby,부릉부릉씽씽,"59,400",02.05 ~ 02.07,https://www.wishbunny.me/drop/9930,New Item
baby,아기두상베개,N/A,02.27 ~ 03.02,https://www.wishbunny.me/drop/9929,New Item
baby,"닭곰탕, 사골곰탕",N/A,02.23 ~ 02.26,https://www.wishbunny.me/drop/9928,New Item
baby,아넬라 컵넬라 짜넬라,N/A,02.19 ~ 02.21,https://www.wishbunny.me/drop/9927,New Item
baby,튼튼이 웨이브킵,N/A,02.11 ~ 02.14,https://www.wishbunny.me/drop/9926,New Item
baby,에디슨 휴대용 가열식 분유포트 보온병,"77,900",02.03 ~ 02.08,https://www.wishbunny.me/drop/9924,New Item
baby,수면조끼,"19,700",02.03 ~ 02.06,https://www.wishbunny.me/drop/9923,New Item
baby,키즈 LP 토토,"52,000",02.03 ~ 02.08,https://www.wishbunny.me/drop/9922,New Item
baby,올바스코뻥시리즈,N/A,02.04 ~ 02.06,https://www.wishbunny.me/drop/9921,New Item
baby,"블루이Bluey DVD 1,2,3","69,900",02.03 ~ 02.13,https://www.wishbunny.me/drop/9918,New Item
baby,무선 CD/DVD 플레이어,"99,000",02.03 ~ 02.13,https://www.wishbunny.me/drop/9917,New Item
baby,휴대용 미니 자석 블럭,"19,800",02.03 ~ 02.05,https://www.wishbunny.me/drop/9916,New Item
baby,이지컷 네임테이프,N/A,03.02 ~ 03.05,https://www.wishbunny.me/drop/9913,New Item
baby,낮잠이불,N/A,02.03,https://www.wishbunny.me/drop/9912,New Item
baby,포켓텀블러 120ml + 키링 스트랩 세트,"6,900",02.03 ~ 02.08,https://www.wishbunny.me/drop/9911,New Item
baby,무항생제 아이한우곰탕,N/A,02.26 ~ 03.01,https://www.wishbunny.me/drop/9910,New Item
baby,골라담기,"10,130",02.02 ~ 02.04,https://www.wishbunny.me/drop/9908,New Item
baby,일프로 실내복,"16,900",02.06 ~ 02.08,https://www.wishbunny.me/drop/9905,New Item
baby,26년형 르베르 스핀 360도 유모카,N/A,02.02 ~ 02.09,https://www.wishbunny.me/drop/9904,New Item
baby,라비킷 출수형 분유포트,"155,000",02.09 ~ 02.12,https://www.wishbunny.me/drop/9903,New Item
baby,튤립사운드북,"36,750",02.05 ~ 02.11,https://www.wishbunny.me/drop/9902,New Item
baby,엄마랑벽그림 아기병풍,"65,000",02.02 ~ 02.04,https://www.wishbunny.me/drop/9901,New Item
baby,유아 어린이 피아노,"140,000",02.03 ~ 02.06,https://www.wishbunny.me/drop/9900,New Item
baby,로보카폴리 덴티 자일리톨 구강유산균,"22,200",02.02,https://www.wishbunny.me/drop/9899,New Item
baby,낮잠이불,"63,900",02.03 ~ 02.06,https://www.wishbunny.me/drop/9898,New Item
baby,키미티즈방수네임시리즈,"7,900",02.03,https://www.wishbunny.me/drop/9894,New Item
baby,간편식 & 간식,N/A,02.03,https://www.wishbunny.me/drop/9893,New Item
baby,외출전 엘리베어 손소독티슈,"51,000",02.02 ~ 02.06,https://www.wishbunny.me/drop/9890,New Item
baby,마이쿠커,N/A,02.06 ~ 02.09,https://www.wishbunny.me/drop/9889,
baby,배도라지즙/배숙,"38,700",02.02 ~ 02.04,https://www.wishbunny.me/drop/9888,New Item
baby,NEW 뉴이 클라우드 부스터,"49,800",02.04 ~ 02.08,https://www.wishbunny.me/drop/9887,New Item
baby,MULNORY 채소 실리콘 장난감 주방놀이,"27,000",02.05 ~ 02.10,https://www.wishbunny.me/drop/9886,New Item
baby,헬시올라잇 이유식 팩토리,"9,900",02.02 ~ 02.08,https://www.wishbunny.me/drop/9881,New Item
baby,바이오메라 키즈 유산균 비타민D 아연,"58,000",02.02 ~ 02.08,https://www.wishbunny.me/drop/9880,New Item
baby,EQ의천재들 이큐의천재들,N/A,02.02 ~ 02.05,https://www.wishbunny.me/drop/9879,New Item
baby,명절 자수네임 복주머니,"13,500",02.02 ~ 02.06,https://www.wishbunny.me/drop/9878,New Item
baby,유아독서대 & 1단책장 & 몬테소리스툴,"29,700",02.04 ~ 02.08,https://www.wishbunny.me/drop/9877,New Item
baby,고리수건,"19,900",02.02 ~ 02.03,https://www.wishbunny.me/drop/9876,New Item
baby,네임스티커,"18,800",02.02 ~ 02.05,https://www.wishbunny.me/drop/9875,New Item
baby,라이트패드 2차,N/A,02.05 ~ 02.07,https://www.wishbunny.me/drop/9866,New Item
baby,"닥터노아 치약,칫솔,워시",N/A,02.12 ~ 02.19,https://www.wishbunny.me/drop/9862,New Item
baby,베베루트 링크형 발받침대,"58,000",02.02 ~ 02.08,https://www.wishbunny.me/drop/9861,New Item
baby,추피의 생활이야기 영문판,"170,250",02.02 ~ 02.05,https://www.wishbunny.me/drop/9860,
baby,봄 등원룩,N/A,02.19 ~ 02.22,https://www.wishbunny.me/drop/9859,
baby,튤립 사운드북 스마트베어 베이비 감각놀이 4종 세트,"34,650",02.02 ~ 02.17,https://www.wishbunny.me/drop/9858,
baby,시크릿키즈 봄봄 상하복,N/A,02.02 ~ 02.04,https://www.wishbunny.me/drop/9857,
baby,우아한 무조미/조미김&김자반&포켓국,N/A,02.25 ~ 02.28,https://www.wishbunny.me/drop/9856,
baby,요거쪽쪽 요거트파우치,N/A,02.23 ~ 02.26,https://www.wishbunny.me/drop/9855,
baby,라무르 스킨케어 모음,N/A,02.20 ~ 02.24,https://www.wishbunny.me/drop/9854,
baby,푸른들 건조국 & 후레이크,N/A,02.02 ~ 02.04,https://www.wishbunny.me/drop/9853,
baby,연필/ 연필깎이,N/A,02.24,https://www.wishbunny.me/drop/9848,
baby,자석블럭,N/A,02.12,https://www.wishbunny.me/drop/9844,
baby,네임스티커,N/A,02.06,https://www.wishbunny.me/drop/9842,
baby,베베핀 장난감 골라담기 핫딜,N/A,02.02 ~ 02.05,https://www.wishbunny.me/drop/9838,
baby,사파 CD플레이어 / DVD플레이어,N/A,02.09 ~ 02.13,https://www.wishbunny.me/drop/9833,New Item
baby,보냉파우치,N/A,02.19 ~ 02.22,https://www.wishbunny.me/drop/9827,New Item
baby,배변훈련 끝판왕!! 변기모음전,N/A,02.10 ~ 02.14,https://www.wishbunny.me/drop/9826,New Item
baby,에디슨 젓가락&식기,N/A,02.05 ~ 02.08,https://www.wishbunny.me/drop/9824,New Item
baby,네임테이프 . 행거,N/A,02.20 ~ 02.22,https://www.wishbunny.me/drop/9809,New Item
baby,라라메드 리틀콩,N/A,02.19 ~ 02.21,https://www.wishbunny.me/drop/9808,New Item
baby,마담꾸꾸,N/A,02.12 ~ 02.14,https://www.wishbunny.me/drop/9806,New Item
baby,네임스티커,N/A,02.11 ~ 02.13,https://www.wishbunny.me/drop/9805,New Item
baby,고리수건,N/A,02.10 ~ 02.12,https://www.wishbunny.me/drop/9804,New Item
baby,낮잠이불,N/A,02.09 ~ 02.11,https://www.wishbunny.me/drop/9803,New Item
baby,훌라 운전대,"28,900",02.06 ~ 02.08,https://www.wishbunny.me/drop/9802,New Item
baby,미아방지 목걸이,N/A,02.03 ~ 02.05,https://www.wishbunny.me/drop/9798,New Item
baby,플레이송스 골라담기 2차,N/A,02.26 ~ 02.28,https://www.wishbunny.me/drop/9793,New Item
baby,라비킷 유아베개 2차,N/A,02.19 ~ 02.22,https://www.wishbunny.me/drop/9792,New Item
baby,닥터노아 칫솔,N/A,02.16 ~ 02.18,https://www.wishbunny.me/drop/9791,New Item
baby,헬퍼 청소역할놀이 2차,N/A,02.09 ~ 02.12,https://www.wishbunny.me/drop/9790,New Item
baby,에디슨 모음전 2차,N/A,02.04 ~ 02.06,https://www.wishbunny.me/drop/9789,New Item
baby,라비킷 커들업,N/A,02.19 ~ 02.21,https://www.wishbunny.me/drop/9783,New Item
baby,미태그 위치추적기,N/A,02.09 ~ 02.11,https://www.wishbunny.me/drop/9780,New Item
baby,바잇미 신제품 점핑부기+기존 공구템장난감,"29,900",02.06 ~ 02.13,https://www.wishbunny.me/drop/9765,New Item
baby,얼집실내화 1+1,N/A,02.28 ~ 03.02,https://www.wishbunny.me/drop/9732,New Item
baby,넘버블록스총판,N/A,02.27 ~ 03.01,https://www.wishbunny.me/drop/9731,New Item
baby,스쿳앤라이드,N/A,02.25 ~ 02.27,https://www.wishbunny.me/drop/9729,New Item
baby,토도시리즈,N/A,02.23 ~ 02.25,https://www.wishbunny.me/drop/9728,New Item
baby,홈슈러스바,N/A,02.20 ~ 02.22,https://www.wishbunny.me/drop/9727,New Item
baby,러닝리소스 총판,N/A,02.18 ~ 02.20,https://www.wishbunny.me/drop/9726,New Item
baby,호들 낮잠이불,N/A,02.14 ~ 02.16,https://www.wishbunny.me/drop/9723,New Item
baby,이니셜고리수건 신상,N/A,02.12 ~ 02.14,https://www.wishbunny.me/drop/9721,New Item
baby,자동차시리즈 3종,N/A,02.11 ~ 02.13,https://www.wishbunny.me/drop/9720,New Item
baby,썼다지웠다카드 런칭,N/A,02.10 ~ 02.12,https://www.wishbunny.me/drop/9719,New Item
baby,탁가온 젓가락 신상,"9,500",02.06 ~ 02.08,https://www.wishbunny.me/drop/9717,New Item
baby,자일리톨팝,"17,980",02.05 ~ 02.07,https://www.wishbunny.me/drop/9716,New Item
baby,벨베이비 자석블럭,"22,800",02.02 ~ 02.04,https://www.wishbunny.me/drop/9713,New Item
baby,여행필수템 에어플레인백,"25,900",02.02 ~ 02.04,https://www.wishbunny.me/drop/9712,New Item
baby,두리 유아변기/변기커버/욕실용품,N/A,02.19 ~ 02.21,https://www.wishbunny.me/drop/9697,New Item
baby,스쿨랩 X 레브하우스보드 M&L + 스페셜기프트,"70,900",02.05 ~ 02.08,https://www.wishbunny.me/drop/9694,New Item
baby,완벽방수 어린이집 네임스티커,N/A,02.15 ~ 02.18,https://www.wishbunny.me/drop/9680,New Item
baby,엔젤앤비 슈크림 낮잠이불,N/A,02.11 ~ 02.14,https://www.wishbunny.me/drop/9679,New Item
baby,파이토블락&덴티백,N/A,02.25 ~ 02.28,https://www.wishbunny.me/drop/9675,New Item
baby,미카포트 기차놀이,N/A,02.19 ~ 02.21,https://www.wishbunny.me/drop/9659,New Item
baby,키자니아,N/A,02.19 ~ 02.21,https://www.wishbunny.me/drop/9658,New Item
baby,플레이조이 에어플레인백,N/A,02.09 ~ 02.11,https://www.wishbunny.me/drop/9651,New Item
baby,르베르스핀 360 유모카,N/A,02.08 ~ 02.10,https://www.wishbunny.me/drop/9650,New Item
baby,다이치 휴대용카시트,"235,000",02.05 ~ 02.07,https://www.wishbunny.me/drop/9648,New Item
baby,벨베이비 미니자석블럭,"17,900",02.05 ~ 02.07,https://www.wishbunny.me/drop/9647,New Item
baby,베베루트 링크형 카시트발판,N/A,02.03 ~ 02.05,https://www.wishbunny.me/drop/9645,New Item
baby,디얼 키링캠,"29,900",02.02 ~ 02.04,https://www.wishbunny.me/drop/9644,New Item
baby,코지쉘 4차,N/A,02.24 ~ 03.27,https://www.wishbunny.me/drop/9642,New Item
baby,기저귀매트,"48,200",02.05 ~ 02.08,https://www.wishbunny.me/drop/9637,New Item
baby,팁토이조이 걸음마신발,"43,900",02.02 ~ 02.05,https://www.wishbunny.me/drop/9634,New Item
baby,도트앤라인 네임스티커,"8,410",02.05 ~ 02.08,https://www.wishbunny.me/drop/9619,New Item
baby,씨투엠뉴 트라이크 6차,N/A,02.23 ~ 02.27,https://www.wishbunny.me/drop/9613,New Item
baby,특가) 탁가온 교정 젓가락,N/A,02.19 ~ 02.22,https://www.wishbunny.me/drop/9611,New Item
baby,미니닷츠 2차,"19,900",02.05 ~ 02.08,https://www.wishbunny.me/drop/9607,New Item
baby,내셔널 지오그래픽 매거진,N/A,02.04 ~ 02.06,https://www.wishbunny.me/drop/9597,New Item
baby,뮤지컬 알사탕,N/A,02.03 ~ 02.05,https://www.wishbunny.me/drop/9596,New Item
baby,블랭킷,N/A,03.03 ~ 03.06,https://www.wishbunny.me/drop/9584,New Item
baby,빨대컵,N/A,02.27 ~ 03.01,https://www.wishbunny.me/drop/9582,New Item
baby,독서대,N/A,02.20 ~ 02.23,https://www.wishbunny.me/drop/9579,New Item
baby,리얼 플레이 어린이 무선 청소기 장난감,N/A,02.02 ~ 02.08,https://www.wishbunny.me/drop/9578,New Item
baby,슈크림내복,N/A,02.18 ~ 02.21,https://www.wishbunny.me/drop/9577,New Item
baby,신발,N/A,02.19 ~ 02.22,https://www.wishbunny.me/drop/9576,New Item
baby,무자극 소독제,N/A,02.09 ~ 02.11,https://www.wishbunny.me/drop/9574,New Item
baby,콕콕콕 사운드벽보,N/A,02.09,https://www.wishbunny.me/drop/9573,New Item
baby,AI 플러스 욕실 온풍기,"159,000",02.06 ~ 02.09,https://www.wishbunny.me/drop/9568,New Item
baby,안티슬립 욕실 미끄럼 방지제,"21,900",03.04 ~ 03.08,https://www.wishbunny.me/drop/9567,New Item
baby,자석블럭,"31,410",02.05 ~ 02.08,https://www.wishbunny.me/drop/9566,New Item
baby,"또또맘 베스트 간식 모음전(떡뻥, 고구마말랭이, 유기농 김 등)","16,500",02.01 ~ 02.04,https://www.wishbunny.me/drop/9565,
baby,팁토조이 걸음마 신발,N/A,02.12 ~ 02.14,https://www.wishbunny.me/drop/9557,
baby,카시트 트레이,"36,000",02.05 ~ 02.07,https://www.wishbunny.me/drop/9553,
baby,별똥별 스티커북,"71,280",02.04 ~ 02.06,https://www.wishbunny.me/drop/9552,
baby,샤워핸들,"35,000",02.02 ~ 02.04,https://www.wishbunny.me/drop/9551,
baby,어린이집 준비물,"26,900",02.02 ~ 02.04,https://www.wishbunny.me/drop/9550,
baby,프랑스에서온 원목교구,"22,800",02.01,https://www.wishbunny.me/drop/9537,
baby,마베비 분유포트,N/A,02.06,https://www.wishbunny.me/drop/9536,
baby,뉴코코맘 수플레 트롤리,N/A,02.04,https://www.wishbunny.me/drop/9534,
baby,허그붕붕 아기욕조,N/A,02.03,https://www.wishbunny.me/drop/9533,
baby,코리의 생활동화 소전집,"70,000",02.02,https://www.wishbunny.me/drop/9532,
baby,스텐304 네임식기&식판,"2,500",02.01 ~ 02.05,https://www.wishbunny.me/drop/9531,
baby,스텐304 네임 양치컵,"8,900",02.01 ~ 02.05,https://www.wishbunny.me/drop/9530,New Item
baby,로지오가닉18+2최저가공구,"28,900",02.02 ~ 02.06,https://www.wishbunny.me/drop/9529,New Item
baby,오가닉스 포리지&퓨레,N/A,02.19 ~ 02.22,https://www.wishbunny.me/drop/9528,New Item
baby,호들 낮잠이불,N/A,02.09 ~ 02.11,https://www.wishbunny.me/drop/9507,New Item
baby,맥킹덤 맥타일즈,"59,000",02.06 ~ 02.08,https://www.wishbunny.me/drop/9505,New Item
baby,[몽클X블루버드] 이준맘 단독 몽클 솔티도우 행사,N/A,02.02 ~ 02.04,https://www.wishbunny.me/drop/9487,New Item
baby,어린이집 낮잠이불 2차,N/A,02.12 ~ 02.14,https://www.wishbunny.me/drop/9478,New Item
baby,산들맘 X 벨베이비 식탁일체형 턱받이 최저가,"14,440",02.05 ~ 02.07,https://www.wishbunny.me/drop/9473,New Item
baby,아티바바,"23,800",02.04 ~ 02.06,https://www.wishbunny.me/drop/9472,New Item
baby,봄달3차,N/A,02.02 ~ 02.04,https://www.wishbunny.me/drop/9470,New Item
baby,미카포트 기차,N/A,02.27 ~ 03.01,https://www.wishbunny.me/drop/9469,New Item
baby,맥킹덤 맥타일즈,"59,000",02.02 ~ 02.04,https://www.wishbunny.me/drop/9455,New Item
baby,베베추피 전23종,"183,750",02.02 ~ 02.05,https://www.wishbunny.me/drop/9450,New Item
baby,매드매터 모래놀이,N/A,02.09 ~ 02.15,https://www.wishbunny.me/drop/9402,New Item
baby,눈코입 스티커,N/A,02.10 ~ 02.12,https://www.wishbunny.me/drop/9394,New Item
baby,도형감각) 탐탐큐브,"52,000",02.05 ~ 02.07,https://www.wishbunny.me/drop/9392,New Item
baby,쭙 실리콘 약병,N/A,02.27 ~ 02.28,https://www.wishbunny.me/drop/9390,New Item
baby,슐라이히 피규어,N/A,02.23 ~ 02.25,https://www.wishbunny.me/drop/9388,New Item
baby,아가드 미아방지 스마트태그,N/A,02.13 ~ 02.15,https://www.wishbunny.me/drop/9384,New Item
baby,미니닷츠 자이리틀,N/A,02.23 ~ 02.25,https://www.wishbunny.me/drop/9374,New Item
baby,착즙남 / 리틀피기 봄상,N/A,02.19 ~ 02.21,https://www.wishbunny.me/drop/9373,New Item
baby,휴대용 미니자석타일 엘리트타일즈의 2026년 최신상품!,"18,000",02.05 ~ 02.07,https://www.wishbunny.me/drop/9370,New Item
baby,탁가온 젓가락 1+1,N/A,02.02 ~ 02.04,https://www.wishbunny.me/drop/9369,New Item
baby,슐라이히 피규어,N/A,02.23 ~ 02.25,https://www.wishbunny.me/drop/9313,New Item
baby,브루더,N/A,02.04 ~ 02.06,https://www.wishbunny.me/drop/9308,New Item
baby,디즈니 글로우 엠보 SET,"18,500",02.05 ~ 02.08,https://www.wishbunny.me/drop/9254,New Item
baby,드래곤마켓 보드게임,N/A,02.09 ~ 02.12,https://www.wishbunny.me/drop/9251,New Item
baby,디즈니 의류스티커,"6,000",02.05 ~ 02.08,https://www.wishbunny.me/drop/9180,New Item
baby,드래곤마켓 보드게임,N/A,02.09 ~ 02.12,https://www.wishbunny.me/drop/9177,New Item
baby,올스텐 304 네임양치컵,N/A,02.07 ~ 02.08,https://www.wishbunny.me/drop/9174,New Item
baby,"더트웰브 칫솔,치약,치실",N/A,02.08 ~ 02.09,https://www.wishbunny.me/drop/9173,New Item
baby,뉴케어 마이키즈 6종,"27,900",02.06 ~ 02.12,https://www.wishbunny.me/drop/9171,New Item
baby,아넬라퓨레 & 짜넬라퓨레,"39,900",02.05 ~ 02.08,https://www.wishbunny.me/drop/9170,New Item
baby,브러쉬업 칫솔살균기,"32,000",02.08 ~ 02.08,https://www.wishbunny.me/drop/9167,New Item
baby,모노맷 유아폴더매트,N/A,02.05 ~ 02.08,https://www.wishbunny.me/drop/9166,New Item
baby,마이퍼스트라이브러리,"39,000",02.25 ~ 02.28,https://www.wishbunny.me/drop/9164,New Item
baby,NEW 한국삐아제 키즈 LP 토토,"52,000",01.31 ~ 02.08,https://www.wishbunny.me/drop/9162,New Item
baby,클린미스트/로션/고보습크림/힙클렌저,N/A,02.03 ~ 02.06,https://www.wishbunny.me/drop/9161,Date Update: 02.03 ~ 02.05 -> 02.03 ~ 02.06
baby,방수 네임스티커 4종 전구성 1+1,"6,900",02.02 ~ 02.04,https://www.wishbunny.me/drop/9160,
baby,라무르 골라담기*세트,N/A,02.04 ~ 02.06,https://www.wishbunny.me/drop/9158,
baby,낮잠이불세트,"95,000",02.02 ~ 02.04,https://www.wishbunny.me/drop/9157,
baby,마이쿠커 두유제조기,"129,000",02.02 ~ 02.05,https://www.wishbunny.me/drop/9156,
baby,주니식기 전구성,"8,900",02.02 ~ 02.04,https://www.wishbunny.me/drop/9151,
baby,타이니코스모스 낮잠이불,N/A,02.12 ~ 02.20,https://www.wishbunny.me/drop/9147,
baby,지노키오 낮잠이불,"109,000",02.04 ~ 02.08,https://www.wishbunny.me/drop/9140,
baby,마이키즈,N/A,02.23 ~ 02.28,https://www.wishbunny.me/drop/9134,
baby,탁가온,N/A,02.14 ~ 02.18,https://www.wishbunny.me/drop/9132,
baby,푸른들,N/A,02.09 ~ 02.12,https://www.wishbunny.me/drop/9131,
baby,사다리 변기 1세대,"24,800",01.30 ~ 02.02,https://www.wishbunny.me/drop/9126,
baby,사다리 변기 2세대 plus,"28,900",01.30 ~ 02.02,https://www.wishbunny.me/drop/9125,
baby,명절연휴 대비육아템❤ 노래하는가방스티커,"39,800",02.05 ~ 02.09,https://www.wishbunny.me/drop/9119,
baby,슬라임12종랜덤박스/20종슬라임키트,"34,430",01.30,https://www.wishbunny.me/drop/9118,
baby,수혁맘특가,"3,900",01.30,https://www.wishbunny.me/drop/9115,
baby,수혁맘특가두조각퍼즐,"10,500",01.30,https://www.wishbunny.me/drop/9114,
baby,LP 토토 26년형 신버젼,"52,000",01.30,https://www.wishbunny.me/drop/9112,New Item
baby,아빠차트,N/A,02.22 ~ 02.24,https://www.wishbunny.me/drop/9107,New Item
baby,엄마랑 날말카드 & 캥거루 자연엄마 책,N/A,02.12 ~ 02.14,https://www.wishbunny.me/drop/9106,New Item
baby,엔젤앤비 슈크림 낮잠이불,N/A,02.09 ~ 02.11,https://www.wishbunny.me/drop/9105,New Item
baby,바퀸 진공용기,"14,000",02.06 ~ 02.08,https://www.wishbunny.me/drop/9104,New Item
baby,미카포트 기차,N/A,02.27 ~ 03.01,https://www.wishbunny.me/drop/9072,New Item
baby,르베르 신상 유모카,"288,000",02.06 ~ 02.10,https://www.wishbunny.me/drop/9062,New Item
baby,베어블리 자석블럭,N/A,02.26 ~ 03.01,https://www.wishbunny.me/drop/9037,New Item
baby,허그베어 아기 비데,N/A,02.19 ~ 02.21,https://www.wishbunny.me/drop/9032,New Item
baby,아이닉 분유포트 2차,N/A,02.14 ~ 02.20,https://www.wishbunny.me/drop/9030,New Item
baby,롤베이비 낮잠이불 시리즈,N/A,02.02 ~ 02.06,https://www.wishbunny.me/drop/9023,New Item
baby,추피의 생활이야기 한글 179종,"178,000",02.06 ~ 02.08,https://www.wishbunny.me/drop/9022,New Item
baby,퓨레(HOP&CUP),N/A,02.02 ~ 02.04,https://www.wishbunny.me/drop/9021,New Item
baby,낮잠이불 세트,N/A,01.30 ~ 02.08,https://www.wishbunny.me/drop/9019,New Item
baby,마이키즈,"27,900",01.25 ~ 01.31,https://www.wishbunny.me/drop/9018,New Item
baby,아이앤어스 독일더마 캡슐세제,"25,900",01.30 ~ 02.01,https://www.wishbunny.me/drop/9017,New Item
baby,모멘티 비키틀즈 시계,"49,800",01.30 ~ 02.02,https://www.wishbunny.me/drop/9016,New Item
baby,마이베이비북,"49,800",01.28 ~ 02.04,https://www.wishbunny.me/drop/9015,New Item
baby,이크 리유저블 실리콘 투약병 2종,"9,900",02.02 ~ 02.08,https://www.wishbunny.me/drop/9014,New Item
baby,소고기 돼지고기 육수티백,"31,500",02.03 ~ 02.05,https://www.wishbunny.me/drop/9009,New Item
baby,국내생산 맥스 항균 손잡이 앞접시 10P,N/A,02.03 ~ 02.12,https://www.wishbunny.me/drop/9007,New Item
baby,미미언니 낮잠이불 공구,N/A,02.04 ~ 02.05,https://www.wishbunny.me/drop/9003,New Item
baby,자석블럭,N/A,02.02 ~ 02.04,https://www.wishbunny.me/drop/9002,New Item
baby,옴모 크레용,N/A,01.30 ~ 02.03,https://www.wishbunny.me/drop/9001,New Item
baby,자석큐브 자석블록 장난감,"32,000",01.31 ~ 02.03,https://www.wishbunny.me/drop/9000,New Item
baby,키즈LP토토,"52,000",02.03 ~ 02.15,https://www.wishbunny.me/drop/8999,New Item
baby,360도 휘어지는 스텐 수저+포크 세트,"12,900",01.26 ~ 01.30,https://www.wishbunny.me/drop/8998,New Item
baby,얼라맘마 아기김치&저염장류,"12,000",02.02 ~ 02.08,https://www.wishbunny.me/drop/8997,New Item
baby,진맛김 설 선물세트,"19,500",01.30 ~ 02.03,https://www.wishbunny.me/drop/8996,New Item
baby,배변팬티 2차,N/A,01.31 ~ 02.04,https://www.wishbunny.me/drop/8995,New Item
baby,베비몽 소프트 말랑 블럭 80P,"22,900",02.05 ~ 02.10,https://www.wishbunny.me/drop/8994,New Item
baby,프로바이오틱스 유산균 키즈 비타민D 아연,"79,800",02.02 ~ 02.08,https://www.wishbunny.me/drop/8993,New Item
baby,세이펜 4세대 레인온펜 8color,"129,000",01.29 ~ 02.02,https://www.wishbunny.me/drop/8989,New Item
baby,라비킷베개시리즈,N/A,02.23 ~ 02.27,https://www.wishbunny.me/drop/8988,New Item
baby,하늘봄 동결 건조국,"12,000",01.29 ~ 02.01,https://www.wishbunny.me/drop/8987,New Item
baby,트레이싱 라이트패드,"39,800",01.29 ~ 02.01,https://www.wishbunny.me/drop/8986,New Item
baby,어린이 안전 테이프 디스펜서,N/A,02.05 ~ 02.08,https://www.wishbunny.me/drop/8985,New Item
baby,"방수 네임스티커, 의류 네임스티커","6,560",01.30 ~ 02.01,https://www.wishbunny.me/drop/8984,New Item
baby,베베루트,"58,000",01.30 ~ 02.01,https://www.wishbunny.me/drop/8982,New Item
baby,니가드키즈4 카시트발판,"62,500",01.30 ~ 02.01,https://www.wishbunny.me/drop/8981,New Item
baby,신발짝맞춤네임스티커,"6,000",01.29 ~ 01.31,https://www.wishbunny.me/drop/8980,New Item
baby,실리콘 약병 전용 네임스티커,"5,500",01.29 ~ 01.31,https://www.wishbunny.me/drop/8979,New Item
baby,곡물도자기 식판,"25,000",01.29 ~ 01.31,https://www.wishbunny.me/drop/8975,New Item
baby,네스틱 유아식기,"13,000",01.29 ~ 02.01,https://www.wishbunny.me/drop/8969,New Item
baby,올포홈 낮잠이불,"63,900",01.26 ~ 01.30,https://www.wishbunny.me/drop/8968,New Item
baby,옴모크레용,"21,800",02.13 ~ 02.15,https://www.wishbunny.me/drop/8967,New Item
baby,원형 네임택,"10,900",01.28 ~ 02.01,https://www.wishbunny.me/drop/8962,New Item
baby,아기 간식,"7,900",01.29 ~ 01.31,https://www.wishbunny.me/drop/8961,New Item
baby,어린이집 고리수건,"4,100",01.28 ~ 02.01,https://www.wishbunny.me/drop/8960,New Item
baby,[양치 후 먹는 자일리톨캔디!!]로보카폴리 덴티 자일리톨 특허구강유산균 (2g*200정),"22,200",02.03 ~ 02.28,https://www.wishbunny.me/drop/8959,New Item
baby,오거나이저/기저귀 보관함/수납함,N/A,02.03 ~ 02.06,https://www.wishbunny.me/drop/8958,New Item
baby,[팀브레인즈] 유아 영어 교구 잉글리쉬 송즈 사운드북 3권무료배송,"28,800",01.31 ~ 02.05,https://www.wishbunny.me/drop/8956,New Item
baby,쉐프윈 올인원쿠커/파티웍/후라이팬,N/A,02.09 ~ 02.13,https://www.wishbunny.me/drop/8955,New Item
baby,"루솔 냉장/실온 이유식, 반찬 모음전",N/A,02.04 ~ 02.06,https://www.wishbunny.me/drop/8954,New Item
baby,그리스에서 온 러닝타워 커브랩,N/A,01.29 ~ 02.01,https://www.wishbunny.me/drop/8953,New Item
baby,[밥좀주이서/땡큐채이] 호들 오가닉 워싱 낮잠이불세트,"215,000",02.05 ~ 02.08,https://www.wishbunny.me/drop/8951,New Item
baby,13900원 상하복 6컬러,"13,900",01.28,https://www.wishbunny.me/drop/8948,New Item
baby,잇츠보리,N/A,01.29 ~ 02.02,https://www.wishbunny.me/drop/8946,New Item
baby,곡물도자기식판,"25,000",01.26 ~ 01.30,https://www.wishbunny.me/drop/8944,New Item
baby,이지트래블캐리어,N/A,01.27 ~ 01.30,https://www.wishbunny.me/drop/8942,New Item
baby,방탄 아기띠,"224,000",01.28 ~ 01.30,https://www.wishbunny.me/drop/8941,New Item
baby,베베누보 낮잠이불,0,02.09 ~ 02.12,https://www.wishbunny.me/drop/8938,New Item
baby,넘버블럭스 사운드패드 포함 한글 수학 교구 특가,N/A,01.27 ~ 01.30,https://www.wishbunny.me/drop/8933,New Item
baby,레일블럭 기차,"49,000",01.27 ~ 01.30,https://www.wishbunny.me/drop/8932,New Item
baby,옴모크레용 6색&12색,"21,800",01.27 ~ 01.29,https://www.wishbunny.me/drop/8930,New Item
baby,오토베어 자동연필깎이 지우개청소기,"13,900",01.26 ~ 02.01,https://www.wishbunny.me/drop/8928,New Item
baby,투명 방수파우치,"13,000",01.28 ~ 02.01,https://www.wishbunny.me/drop/8927,New Item
baby,쁘띠 스카프,"9,900",03.02 ~ 03.04,https://www.wishbunny.me/drop/8925,New Item
baby,퍼기 파우치 토퍼 고래캡 3color,"13,900",02.06 ~ 02.10,https://www.wishbunny.me/drop/8922,New Item
baby,"에디슨 젓가락, 숟가락&포크세트","5,900",02.22 ~ 02.25,https://www.wishbunny.me/drop/8921,New Item
baby,옴모크레용 6색 & 12색,"21,800",01.25 ~ 01.29,https://www.wishbunny.me/drop/8920,New Item
baby,세계명작팝업북10권세트,"29,500",01.28 ~ 02.01,https://www.wishbunny.me/drop/8916,New Item
baby,러닝리소스9종(소근육+수놀이),"24,000",01.22 ~ 01.28,https://www.wishbunny.me/drop/8915,New Item
baby,무조미김/조미김/김자반/건조국,"32,000",01.27 ~ 01.29,https://www.wishbunny.me/drop/8911,New Item
baby,망고라이언 왜안돼요(개정판) / 사랑해요 / 슬기로운원생활,"79,600",02.11 ~ 02.17,https://www.wishbunny.me/drop/8910,New Item
baby,"탁가온 모음전 실리콘 흡착식판, 흡착볼, 수저포크",N/A,02.02 ~ 02.05,https://www.wishbunny.me/drop/8907,New Item
baby,베베스완 허리 안 아픈 아기띠,"224,000",01.29 ~ 02.01,https://www.wishbunny.me/drop/8906,New Item
baby,유누옷장×브레인탭 퀴즈마스터,"56,500",01.27 ~ 01.30,https://www.wishbunny.me/drop/8905,New Item
baby,"리틀피기 실내복, 봄신상",0,02.06 ~ 02.13,https://www.wishbunny.me/drop/8901,New Item
baby,임산부 튼살크림 바디로션,N/A,01.28 ~ 01.30,https://www.wishbunny.me/drop/8900,New Item
baby,러빗 에코젠 3구식판,"16,500",01.28 ~ 01.28,https://www.wishbunny.me/drop/8898,New Item
baby,워크지110장 베베추피,"183,750",01.26 ~ 02.01,https://www.wishbunny.me/drop/8897,New Item
baby,사은품4종 추피의 생활이야기 한글판,"178,500",01.26 ~ 02.01,https://www.wishbunny.me/drop/8896,New Item
baby,커스텀 폴리머 양치컵,"9,500",01.26,https://www.wishbunny.me/drop/8891,New Item
baby,미니두두 스카프 ver.1 + 3 봄 신상,"9,700",02.12 ~ 02.15,https://www.wishbunny.me/drop/8889,New Item
baby,공룡트럭,"26,900",01.26 ~ 01.29,https://www.wishbunny.me/drop/8887,New Item
baby,2026 NEW 설빔세트,"34,900",01.27 ~ 01.29,https://www.wishbunny.me/drop/8885,New Item
baby,프리미엄살균소독제,"29,500",01.26 ~ 01.29,https://www.wishbunny.me/drop/8884,New Item
baby,비비무 키즈 주니어 마스크 9color,"7,000",02.05 ~ 02.08,https://www.wishbunny.me/drop/8883,New Item
baby,어린이집 자수네임 고리수건/자수네임 방수파우치,"10,900",01.25 ~ 01.31,https://www.wishbunny.me/drop/8881,New Item
baby,엠보네임스티커(고품질),"17,900",01.26,https://www.wishbunny.me/drop/8880,New Item
baby,프레벨롱 간식 골라담기,N/A,01.28 ~ 01.29,https://www.wishbunny.me/drop/8877,New Item
baby,"입모아컵, 자기주도컵, 빨대컵","24,000",01.26 ~ 01.28,https://www.wishbunny.me/drop/8874,New Item
baby,킨즈 마이베이비북,"49,800",01.26 ~ 02.01,https://www.wishbunny.me/drop/8872,New Item
baby,올포홈 방수파우치 (어린이집준비물),"29,325",02.06 ~ 02.10,https://www.wishbunny.me/drop/8870,New Item
baby,어린이집 준비물 (고리수건/네임스티커/네임스템프),"12,900",03.05 ~ 03.08,https://www.wishbunny.me/drop/8869,New Item
baby,미끄럼방지 양말 5p 세트,"13,400",03.05 ~ 03.09,https://www.wishbunny.me/drop/8867,New Item
baby,네임스티커 & 키링,N/A,01.29 ~ 02.05,https://www.wishbunny.me/drop/8863,New Item
baby,올포홈 낮잠이불 2종 (일체형/분리형),"68,800",02.06 ~ 02.10,https://www.wishbunny.me/drop/8860,New Item
baby,마이베이비북,"49,800",01.24 ~ 02.05,https://www.wishbunny.me/drop/8853,New Item
baby,휴대용 유모차/ 트라이크 트래블러M (+커넥트 연결),0,01.26 ~ 01.30,https://www.wishbunny.me/drop/8852,New Item
baby,배경지없는 네임스티커 장당 4000원대,"17,000",01.24,https://www.wishbunny.me/drop/8851,New Item
baby,찹찹 이유식 포트 & 보틀워머,N/A,02.03 ~ 02.05,https://www.wishbunny.me/drop/8847,New Item
baby,17곡물 미미뻥,N/A,01.26,https://www.wishbunny.me/drop/8845,New Item
baby,낮잠이불,N/A,02.11 ~ 02.13,https://www.wishbunny.me/drop/8844,New Item
baby,단독공구‼️ 국민 걸음마보조기 포함 브이텍 인기 장난감 4종 최저가,"79,900",01.27 ~ 01.30,https://www.wishbunny.me/drop/8843,New Item
baby,마이키즈,"28,900",01.24 ~ 01.31,https://www.wishbunny.me/drop/8842,New Item
baby,2월 가격인상 전 최저가! 아가드 하이체어 모음전,"119,000",01.26 ~ 01.30,https://www.wishbunny.me/drop/8841,New Item
baby,이키 한복 설빔,"34,900",01.25 ~ 01.27,https://www.wishbunny.me/drop/8840,New Item
baby,자수 아기 복주머니 테슬 포함,"16,900",01.24 ~ 02.07,https://www.wishbunny.me/drop/8839,New Item
baby,바우슈필,"499,000",01.21 ~ 01.26,https://www.wishbunny.me/drop/8838,New Item
baby,"또또맘 간식 모음전 (또또구마,또또나또,또또김,유기농 떡뻥)","32,900",01.26 ~ 01.29,https://www.wishbunny.me/drop/8833,New Item
baby,스닐로스티치 보냉백 & 텀블러 파우치,"32,560",01.31 ~ 02.03,https://www.wishbunny.me/drop/8832,New Item
baby,봄 아기옷 실내복+고쟁이,"13,900",01.30 ~ 02.07,https://www.wishbunny.me/drop/8831,New Item
baby,구름 방수파우치,"27,900",01.23,https://www.wishbunny.me/drop/8830,New Item
baby,방수 자수파우치,"12,000",01.23,https://www.wishbunny.me/drop/8829,New Item
baby,배경없는 네임스티커,N/A,01.31 ~ 02.01,https://www.wishbunny.me/drop/8826,New Item
baby,플레이조이 폴딩바스켓,N/A,02.26 ~ 03.02,https://www.wishbunny.me/drop/8824,New Item
baby,헤이홈 홈캠,N/A,02.23 ~ 02.27,https://www.wishbunny.me/drop/8823,New Item
baby,기저귀 가방 프리미엄 백팩,"47,240",01.23 ~ 01.25,https://www.wishbunny.me/drop/8821,New Item
baby,유모차용 발열장갑,"11,800",02.03 ~ 02.28,https://www.wishbunny.me/drop/8820,New Item
baby,크래욜라 메스프리,N/A,01.22 ~ 01.24,https://www.wishbunny.me/drop/8819,New Item
baby,르베르 스핀 360,"288,000",01.22 ~ 01.28,https://www.wishbunny.me/drop/8818,New Item
baby,방수네임스티커2,N/A,01.22 ~ 01.28,https://www.wishbunny.me/drop/8816,New Item
baby,아이콘네임식기&식판,N/A,01.22 ~ 01.28,https://www.wishbunny.me/drop/8815,New Item
baby,304스텐 네임컵,"8,900",01.22 ~ 01.28,https://www.wishbunny.me/drop/8814,New Item
baby,팬콧키즈 어린이가방모음,"6,900",01.22 ~ 01.25,https://www.wishbunny.me/drop/8812,New Item
baby,팬콧키즈 팝아이즈 컬러비니,"6,900",01.22 ~ 01.25,https://www.wishbunny.me/drop/8811,New Item
baby,신상 하트 에코젠,N/A,02.19 ~ 02.22,https://www.wishbunny.me/drop/8809,New Item
baby,리틀피기 봄신상,N/A,02.13 ~ 02.16,https://www.wishbunny.me/drop/8808,New Item
baby,밀로스요거트,N/A,02.12 ~ 02.15,https://www.wishbunny.me/drop/8807,New Item
baby,스티코니 네임스티커&스탬프,N/A,02.09 ~ 02.11,https://www.wishbunny.me/drop/8806,New Item
baby,매드매터 모래놀이 모음전,N/A,02.05 ~ 02.08,https://www.wishbunny.me/drop/8805,New Item
baby,프레벨롱 간식 모음전,N/A,02.02 ~ 02.03,https://www.wishbunny.me/drop/8804,New Item
baby,우주빔,"64,900",01.26 ~ 01.30,https://www.wishbunny.me/drop/8803,New Item
baby,거두올림 기버터,N/A,01.29 ~ 02.01,https://www.wishbunny.me/drop/8802,New Item
baby,퍼스 라구소스,N/A,01.26 ~ 01.28,https://www.wishbunny.me/drop/8801,New Item
baby,1년에 딱 한번 있는 26 시크릿박스,"19,900",01.22 ~ 02.22,https://www.wishbunny.me/drop/8800,New Item
baby,MULNORY 장난감정리함 목욕 보관함 욕실장난감수납,"17,250",02.06 ~ 02.11,https://www.wishbunny.me/drop/8799,New Item
baby,허그베어 아기비데,"69,900",01.21 ~ 01.23,https://www.wishbunny.me/drop/8797,New Item
baby,2구 유모차 컵홀더,"14,900",01.22 ~ 01.25,https://www.wishbunny.me/drop/8796,New Item
baby,"전면책장, 두잇보드",N/A,01.22 ~ 01.25,https://www.wishbunny.me/drop/8795,New Item
baby,돌잡이&빅키즈수학,"81,000",01.19 ~ 01.25,https://www.wishbunny.me/drop/8794,New Item
baby,네임 고리수건,N/A,01.29 ~ 01.31,https://www.wishbunny.me/drop/8793,New Item
baby,블로우 보온보냉백팩,"99,000",01.26 ~ 01.29,https://www.wishbunny.me/drop/8791,New Item
baby,뮤이 안심커버,"29,000",01.28 ~ 01.30,https://www.wishbunny.me/drop/8790,New Item
baby,이지트래블 타는 캐리어,"205,000",01.23 ~ 01.25,https://www.wishbunny.me/drop/8786,New Item
baby,계몽사 디즈니 명작동화,"188,000",01.23 ~ 02.08,https://www.wishbunny.me/drop/8785,New Item
baby,유자수 워크북 (유아자신감수학),"28,000",01.22 ~ 01.28,https://www.wishbunny.me/drop/8784,New Item
baby,"장난감 채소,아이스크림","23,800",01.30 ~ 02.03,https://www.wishbunny.me/drop/8783,New Item
baby,"주니 자기주도스푼,포크 세트","14,900",01.23 ~ 01.25,https://www.wishbunny.me/drop/8782,New Item
baby,2026 new 뉴이 클라우드 부스터,"49,800",02.01 ~ 02.08,https://www.wishbunny.me/drop/8781,New Item
baby,물티슈,"19,900",01.26 ~ 01.29,https://www.wishbunny.me/drop/8780,New Item
baby,퍼기 실리콘 지퍼백,"21,900",01.21 ~ 01.24,https://www.wishbunny.me/drop/8778,New Item
baby,천연 하트핫팩,"8,000",01.21 ~ 01.22,https://www.wishbunny.me/drop/8776,New Item
baby,동결건조국,"5,800",01.21 ~ 01.25,https://www.wishbunny.me/drop/8774,New Item
baby,샴푸바디 올인원,"16,000",01.21 ~ 01.25,https://www.wishbunny.me/drop/8772,New Item
baby,세이펜 레인온펜,"139,000",01.22 ~ 01.25,https://www.wishbunny.me/drop/8768,New Item
baby,DVD플레이어×슈심송.페파피그,"99,000",01.21 ~ 01.27,https://www.wishbunny.me/drop/8767,New Item
baby,주니 입모아 텀블러 / 빨대컵,"24,000",01.20 ~ 01.25,https://www.wishbunny.me/drop/8765,New Item
baby,뿌링 육수,"20,400",01.19 ~ 01.21,https://www.wishbunny.me/drop/8764,New Item
baby,건강한 간식 오리육포 무무쭈,N/A,02.09 ~ 02.12,https://www.wishbunny.me/drop/8752,New Item
baby,모달 자수 고리수건 3500,"17,500",01.20 ~ 01.23,https://www.wishbunny.me/drop/8751,New Item
baby,에디슨 실리콘 트레이닝컵 ( 150ml /200ml ),"8,900",02.04 ~ 02.09,https://www.wishbunny.me/drop/8750,New Item
baby,세이펜,"139,000",01.19 ~ 01.25,https://www.wishbunny.me/drop/8748,New Item
baby,끈적임과 코 막힘없이 시원하게 보습해주는 비건인증 코코밤,"9,900",01.21 ~ 02.06,https://www.wishbunny.me/drop/8747,New Item
baby,휴대용 카시트 이지캐리3,"235,000",01.22 ~ 01.26,https://www.wishbunny.me/drop/8746,New Item
baby,방수네임스티커 567개 + 사은품 2종 5900원,"5,900",01.30 ~ 02.03,https://www.wishbunny.me/drop/8745,New Item
baby,힛백 가열텀블러,"99,000",01.26 ~ 01.29,https://www.wishbunny.me/drop/8742,New Item
baby,"수산물&야채큐브 , 순살고등어+삼치",N/A,01.21 ~ 01.25,https://www.wishbunny.me/drop/8741,New Item
baby,티니핑 음료 3종 (티니핑보리차 / 멀티비타민미네랄 / 티니핑제로),"14,500",01.20 ~ 01.26,https://www.wishbunny.me/drop/8739,New Item
baby,잠비 낮잠이불,"145,000",01.19 ~ 01.24,https://www.wishbunny.me/drop/8738,New Item
baby,두두스카프 봄신상🌸 ver 1+3,"9,700",02.19 ~ 02.21,https://www.wishbunny.me/drop/8737,New Item
baby,휴대용 침대,N/A,01.21 ~ 01.24,https://www.wishbunny.me/drop/8735,New Item
baby,읽어주는 전래동화 사운드북,"9,860",01.19 ~ 01.22,https://www.wishbunny.me/drop/8734,New Item
baby,보냉 파우치 / 가방,N/A,02.05 ~ 02.08,https://www.wishbunny.me/drop/8733,New Item
baby,올포홈 낮잠이불,N/A,01.19 ~ 01.22,https://www.wishbunny.me/drop/8730,New Item
baby,독서대&1단책장,"29,700",01.20 ~ 01.24,https://www.wishbunny.me/drop/8728,New Item
baby,퍼기 안심 안전바 접이식 워시핸들 + 욕실 그물망 증정,"56,900",01.19 ~ 01.24,https://www.wishbunny.me/drop/8727,New Item
baby,NEW 이유부스터 SET (소형/대형),N/A,02.05 ~ 02.09,https://www.wishbunny.me/drop/8724,New Item
baby,아기가구 4종,"73,950",01.19 ~ 01.21,https://www.wishbunny.me/drop/8723,New Item
baby,100%수제 핀란드산 자이리톨,"5,800",01.18 ~ 01.22,https://www.wishbunny.me/drop/8722,New Item
baby,휴대용샤워핸들,"39,000",01.30 ~ 02.07,https://www.wishbunny.me/drop/8720,New Item
baby,장인정신 에브리데이 백억유산균 2종,N/A,01.25 ~ 01.30,https://www.wishbunny.me/drop/8719,New Item
baby,장인정신 에브리데이 코프레시,"53,800",01.21 ~ 01.25,https://www.wishbunny.me/drop/8718,New Item
baby,뉴케어 마이키즈,"28,900",01.18 ~ 01.25,https://www.wishbunny.me/drop/8717,New Item
baby,뽀로로 파우치 문구세트,"10,900",01.30 ~ 02.06,https://www.wishbunny.me/drop/8715,New Item
baby,안전 용품 신제품 10종,"7,500",01.16 ~ 01.19,https://www.wishbunny.me/drop/8713,New Item
baby,실리콘 유아 역할놀이 주방놀이 장난감 채소,"23,800",01.18 ~ 01.22,https://www.wishbunny.me/drop/8711,New Item
baby,라비킷 분유포트,"155,000",01.19 ~ 01.21,https://www.wishbunny.me/drop/8709,New Item
baby,무항생제 닭곰탕•갈비탕•등갈비탕,"24,000",01.21 ~ 01.25,https://www.wishbunny.me/drop/8708,New Item
baby,2026년 NEW 르베르 스핀 360 유모차,"288,000",02.05 ~ 02.06,https://www.wishbunny.me/drop/8707,New Item
baby,휴대용 샤워핸들,"34,000",01.19 ~ 01.21,https://www.wishbunny.me/drop/8704,New Item
baby,마이베이비북 교구책 +자석칠교+ 전용백팩,"49,800",01.16 ~ 01.31,https://www.wishbunny.me/drop/8699,New Item
baby,안심약병 쭙,"54,900",01.19 ~ 01.21,https://www.wishbunny.me/drop/8694,New Item
baby,입소준비물 최종 모음전,"9,500",01.16,https://www.wishbunny.me/drop/8689,New Item
baby,요미몬 키즈탭 프로 (+디즈니 명작 베스트 USB),"178,000",01.19 ~ 01.23,https://www.wishbunny.me/drop/8687,New Item
baby,에디슨 식기 모음전 컵 젓가락 스푼포크 수저세트,"14,500",01.19 ~ 01.22,https://www.wishbunny.me/drop/8685,New Item
baby,야채큐브,"32,900",01.16 ~ 01.16,https://www.wishbunny.me/drop/8684,New Item
baby,"돌잡이명화 , 빅키즈수학, 바나펜, 모야몽 스마트박스","81,000",01.18 ~ 01.25,https://www.wishbunny.me/drop/8683,New Item
baby,비비무 마스크,"7,000",01.15 ~ 01.18,https://www.wishbunny.me/drop/8681,New Item
baby,미니쿄모 손목시계,"99,900",01.19 ~ 01.23,https://www.wishbunny.me/drop/8680,New Item
baby,라무르 전제품 할인,"13,000",01.15 ~ 01.20,https://www.wishbunny.me/drop/8679,New Item
baby,내아이애 유기농떡뻥,N/A,01.16 ~ 01.20,https://www.wishbunny.me/drop/8678,New Item
baby,룰루맘 상온간식 모음전,N/A,03.19 ~ 03.21,https://www.wishbunny.me/drop/8676,New Item
baby,나리몽 휴대용 침대가드,N/A,03.16 ~ 03.19,https://www.wishbunny.me/drop/8675,New Item
baby,유어그린 비타민C (면역 강화&장 건강),N/A,02.25 ~ 03.03,https://www.wishbunny.me/drop/8674,New Item
baby,심플룸 아기 행거 모음,N/A,02.23 ~ 02.26,https://www.wishbunny.me/drop/8673,New Item
baby,(기획 특가) 방수+의류 네임스티커,"16,900",01.16 ~ 01.23,https://www.wishbunny.me/drop/8672,New Item
baby,이유식포트,"89,000",01.23 ~ 01.26,https://www.wishbunny.me/drop/8670,New Item
baby,잠이 솔솔 프리미엄 모달 낮잠이불,"145,000",02.02 ~ 02.08,https://www.wishbunny.me/drop/8669,New Item
baby,명절 필수템) 차량용 기내용 목베개,"18,800",01.28 ~ 02.01,https://www.wishbunny.me/drop/8668,New Item
baby,1+1 네임스티커/의류스티커/의류스탬프,"3,975",01.26 ~ 01.28,https://www.wishbunny.me/drop/8667,New Item
baby,오리쮸,N/A,01.30 ~ 02.02,https://www.wishbunny.me/drop/8666,New Item
baby,무지개도서 EQ의 천재들,"246,000",01.19 ~ 01.24,https://www.wishbunny.me/drop/8665,New Item
baby,썼다 지웠다 워크북,N/A,01.28 ~ 01.30,https://www.wishbunny.me/drop/8664,New Item
baby,유기농 요거트,N/A,01.27 ~ 01.30,https://www.wishbunny.me/drop/8663,New Item
baby,"자연누리 훈제오리, 닭다리살, 윙",N/A,01.23 ~ 01.26,https://www.wishbunny.me/drop/8661,New Item
baby,에코젠 네모식기,N/A,01.22 ~ 01.25,https://www.wishbunny.me/drop/8660,New Item
baby,"워터인참치, 오일인참치",N/A,01.20 ~ 01.23,https://www.wishbunny.me/drop/8659,New Item
baby,올바스 밤 & 오일,N/A,01.19 ~ 01.23,https://www.wishbunny.me/drop/8658,New Item
baby,어린이 새싹카레,"16,800",01.16 ~ 01.19,https://www.wishbunny.me/drop/8657,New Item
baby,한입 등갈비탕,"24,800",01.15 ~ 01.18,https://www.wishbunny.me/drop/8656,New Item
baby,"닭곰탕, 갈비탕","19,600",01.15 ~ 01.18,https://www.wishbunny.me/drop/8655,New Item
baby,"동결건조 과일칩, 요거트큐브","20,000",01.12 ~ 01.16,https://www.wishbunny.me/drop/8653,New Item
baby,컬러 자석 블럭,"35,000",01.16 ~ 01.18,https://www.wishbunny.me/drop/8652,New Item
baby,오베 소창수건,"12,600",01.19 ~ 01.21,https://www.wishbunny.me/drop/8651,New Item
baby,셀프 시공매트,"21,600",01.22 ~ 01.27,https://www.wishbunny.me/drop/8649,New Item
baby,소중한습관 모음전,"18,900",01.14 ~ 01.23,https://www.wishbunny.me/drop/8642,New Item
baby,동물 모양 네임텍,"7,200",01.16 ~ 01.18,https://www.wishbunny.me/drop/8641,New Item
baby,물병 네임택,"6,100",01.16 ~ 01.18,https://www.wishbunny.me/drop/8640,New Item
baby,어린이집 가방 네임택,"5,800",01.16 ~ 01.18,https://www.wishbunny.me/drop/8639,New Item
baby,헤모&에너지 철분,"72,000",01.15 ~ 01.19,https://www.wishbunny.me/drop/8638,New Item
baby,ORT 옥스포드리딩트리,N/A,01.15 ~ 01.18,https://www.wishbunny.me/drop/8635,New Item
baby,큐피드 치발기,N/A,01.27 ~ 01.30,https://www.wishbunny.me/drop/8629,New Item
baby,이키 설빔 세트,"34,900",01.28 ~ 02.01,https://www.wishbunny.me/drop/8628,New Item
baby,에브리데이 스카프,"10,900",01.21 ~ 01.24,https://www.wishbunny.me/drop/8627,New Item
baby,어린이집준비물 스텐 네임컵,"8,900",01.17 ~ 02.02,https://www.wishbunny.me/drop/8624,New Item
baby,프레벨롱 퓨레 전제품 모음전 ㅣ배도라지즙 ㅣ 아기김 ㅣ,"2,900",01.15 ~ 01.16,https://www.wishbunny.me/drop/8622,New Item
baby,아기 방수패드,"6,750",02.01 ~ 02.03,https://www.wishbunny.me/drop/8618,New Item
baby,설특가🎁 흔들이 등신대,"18,900",01.14 ~ 01.18,https://www.wishbunny.me/drop/8617,New Item
baby,스테인리스 네임식기 최저가,"2,500",01.13 ~ 01.20,https://www.wishbunny.me/drop/8616,New Item
baby,에디슨 영유아식기 10종 모음전,"6,500",02.03 ~ 02.07,https://www.wishbunny.me/drop/8615,New Item
baby,곰보배추시럽,N/A,01.21 ~ 01.25,https://www.wishbunny.me/drop/8613,New Item
baby,뜌뜌카,"68,000",01.13 ~ 01.16,https://www.wishbunny.me/drop/8612,New Item
baby,26년형 NEW뉴이 키즈 캐리어 트라이크 + 사은품5종,"128,000",02.06 ~ 02.10,https://www.wishbunny.me/drop/8611,New Item
baby,★ 1+1 이벤트 하나사면 하나더! 마이베이비북 교육용 소근육 발달 몬테소리 학습 교구책 + 사은품: 마이리틀팜 [예약] 2월10일 출고예정 ★,"59,800",02.07 ~ 02.11,https://www.wishbunny.me/drop/8609,New Item
baby,이유식워머,"79,000",01.22 ~ 01.24,https://www.wishbunny.me/drop/8608,New Item
baby,봄 골지 실내복 1+1 (품절!!),"15,900",01.13 ~ 01.14,https://www.wishbunny.me/drop/8605,New Item
baby,프로살림 오토베어 자동연필깎이 & 지우개 청소기,"13,900",01.24 ~ 02.01,https://www.wishbunny.me/drop/8604,New Item
baby,사계절 양면 낮잠이불(전원 사은품 증정),"124,000",01.15 ~ 01.18,https://www.wishbunny.me/drop/8603,New Item
baby,기저귀갈이대,"99,000",02.09 ~ 02.12,https://www.wishbunny.me/drop/8602,New Item
baby,퍼기 이중 밀폐 큐브 다담아 보관용기,"19,500",02.04 ~ 02.07,https://www.wishbunny.me/drop/8599,New Item
baby,리틀클라우드 거꾸로 로켓 양치컵 퍼기,"12,900",01.13 ~ 01.16,https://www.wishbunny.me/drop/8595,New Item
baby,이유식냄비 릴리팟 스텐/세라믹 코팅,"31,000",01.13 ~ 01.16,https://www.wishbunny.me/drop/8594,New Item
baby,자수복주머니 용돈주머니,"12,500",01.13 ~ 01.17,https://www.wishbunny.me/drop/8592,New Item
baby,붙이는 샤워핸들,"38,500",01.20 ~ 01.24,https://www.wishbunny.me/drop/8589,New Item
baby,와이업 유모차 부스터백+기저귀가방,"48,300",01.19 ~ 01.22,https://www.wishbunny.me/drop/8588,New Item
baby,"자기주도 물컵, 스텐","21,000",01.23 ~ 01.25,https://www.wishbunny.me/drop/8587,New Item
baby,페이크 목폴라,"3,900",01.13 ~ 01.19,https://www.wishbunny.me/drop/8586,New Item
baby,루솔 한우 100% 진한 사골곰탕,"17,900",01.12 ~ 01.20,https://www.wishbunny.me/drop/8585,New Item
baby,말하는 첫발견,"357,000",01.12 ~ 01.15,https://www.wishbunny.me/drop/8584,New Item
baby,퍼기 이유식 실리콘 멀티 찜기 단품 & 세트,"12,900",02.05 ~ 02.09,https://www.wishbunny.me/drop/8583,New Item
baby,의류전용 방수네임스티커 (다림질X),"8,900",01.14 ~ 01.16,https://www.wishbunny.me/drop/8581,New Item
baby,방수네임스티커(배경지O),"8,900",01.14 ~ 01.16,https://www.wishbunny.me/drop/8579,New Item
baby,방수네임스티커(배경X),"7,900",01.14 ~ 01.16,https://www.wishbunny.me/drop/8578,New Item
baby,마이베이비북,"49,800",01.16 ~ 01.21,https://www.wishbunny.me/drop/8573,New Item
baby,베베스쿨 타이머,N/A,01.12 ~ 01.14,https://www.wishbunny.me/drop/8572,New Item
baby,어뜌 케어백,"19,980",01.17 ~ 01.20,https://www.wishbunny.me/drop/8571,New Item
baby,미아 방지 목걸이 팔찌,"21,000",01.29 ~ 02.01,https://www.wishbunny.me/drop/8570,New Item
baby,스텐팟 스텐 가열식 가습기,"299,000",01.24 ~ 01.31,https://www.wishbunny.me/drop/8568,New Item
baby,"텀블러,테이블팟",N/A,01.23 ~ 01.28,https://www.wishbunny.me/drop/8566,New Item
baby,마이키즈 딸기맛 초코맛 바나나맛 블루베리맛 밀크맛 저당고소한맛,"28,900",01.12 ~ 01.19,https://www.wishbunny.me/drop/8565,New Item
baby,네임 스탬프,"21,500",01.28 ~ 01.30,https://www.wishbunny.me/drop/8545,New Item
baby,아이팜 특집,"49,900",01.14 ~ 01.16,https://www.wishbunny.me/drop/8535,New Item
baby,매드매터 모래놀이,N/A,01.08 ~ 01.10,https://www.wishbunny.me/drop/8531,New Item
baby,리빙디노 미끄럼방지제,"21,900",01.22 ~ 01.26,https://www.wishbunny.me/drop/8523,New Item
baby,NEW 비비엔다 낮잠이불,"97,000",01.29 ~ 02.01,https://www.wishbunny.me/drop/8516,New Item
baby,제니튼,N/A,01.26 ~ 01.28,https://www.wishbunny.me/drop/8515,New Item
baby,엉덩이 청결제,"17,900",01.12 ~ 01.19,https://www.wishbunny.me/drop/8509,New Item
baby,베테랑대디 샤워핸들,"39,000",02.06 ~ 02.12,https://www.wishbunny.me/drop/8506,New Item
baby,파이토블락 & 덴티백 외 4종,"54,000",01.20 ~ 01.27,https://www.wishbunny.me/drop/8505,New Item
baby,5세대 올인원분유포트,"130,000",01.12 ~ 01.15,https://www.wishbunny.me/drop/8504,New Item
baby,요미몬 키즈탭pro,"179,000",01.12 ~ 01.16,https://www.wishbunny.me/drop/8502,New Item
baby,라온킴 야채큐부,N/A,01.11 ~ 01.14,https://www.wishbunny.me/drop/8501,New Item
baby,배도라지즙,"22,200",01.12 ~ 01.15,https://www.wishbunny.me/drop/8500,New Item
baby,소프트블럭,"19,900",01.15,https://www.wishbunny.me/drop/8499,New Item
baby,세이펜,"129,000",01.15,https://www.wishbunny.me/drop/8498,New Item
baby,꺄르르 말놀이 그림책 전8권,"39,800",01.12 ~ 01.15,https://www.wishbunny.me/drop/8497,New Item
baby,로이츠 하우스 파티션,N/A,01.22 ~ 01.25,https://www.wishbunny.me/drop/8494,New Item
baby,오엘로 아동 수제화 핫딜,"62,000",01.21 ~ 01.25,https://www.wishbunny.me/drop/8493,New Item
baby,마스케라 키즈 신상 모자,"38,000",01.12 ~ 01.15,https://www.wishbunny.me/drop/8490,New Item
baby,방한커버,"59,800",01.09 ~ 01.19,https://www.wishbunny.me/drop/8489,New Item
baby,스핀360유모차,"288,000",01.12 ~ 01.19,https://www.wishbunny.me/drop/8488,New Item
baby,세이펜 + 전집 사은품,"139,000",01.11 ~ 01.17,https://www.wishbunny.me/drop/8485,New Item
baby,휴대용 젖병 세척솔,"19,900",01.12 ~ 01.14,https://www.wishbunny.me/drop/8482,New Item
baby,탯줄 보관함,N/A,02.25,https://www.wishbunny.me/drop/8481,New Item
baby,2배로스티커북 New 실사 + 기존6종,N/A,03.18 ~ 03.21,https://www.wishbunny.me/drop/8480,New Item
baby,골라담기) 어린이집 준비물 인기 6종,"3,900",01.13 ~ 01.15,https://www.wishbunny.me/drop/8479,New Item
baby,옴모크레용,"21,800",01.26 ~ 01.29,https://www.wishbunny.me/drop/8478,New Item
baby,설특가🎁흔들이 등신대,"18,900",01.14 ~ 01.18,https://www.wishbunny.me/drop/8476,New Item
baby,블루래빗 산리오 골라담기🎉,N/A,01.28,https://www.wishbunny.me/drop/8475,New Item
baby,아기텐트,0,01.27,https://www.wishbunny.me/drop/8474,New Item
baby,미미뻥,N/A,01.26,https://www.wishbunny.me/drop/8473,New Item
baby,[분리형] 호들 어린이집 낮잠이불 특가,"215,000",01.26 ~ 01.29,https://www.wishbunny.me/drop/8472,New Item
baby,비데티슈,"18,900",01.23,https://www.wishbunny.me/drop/8471,New Item
baby,스티코니 방수스티커,N/A,01.20,https://www.wishbunny.me/drop/8470,New Item
baby,프리미엄 설빔 세트,"34,900",01.14,https://www.wishbunny.me/drop/8469,New Item
baby,아쿠아플라넷 광교/일산,"20,000",01.19,https://www.wishbunny.me/drop/8468,New Item
baby,낮잠이불,"133,300",01.19 ~ 01.23,https://www.wishbunny.me/drop/8467,New Item
baby,리뉴얼 엄마랑벽그림 아기병풍 8단 / 6단,"65,000",01.16,https://www.wishbunny.me/drop/8466,New Item
baby,곡물 도자기 식판,"25,000",01.15 ~ 01.22,https://www.wishbunny.me/drop/8464,New Item
baby,구도노리코 시리즈 최저가 (야옹이 / 펭귄남매 / 오랑왕자),"20,800",01.09 ~ 01.14,https://www.wishbunny.me/drop/8463,New Item
baby,뉴오리진 A2 우유 / 간식 특가,N/A,01.08 ~ 01.11,https://www.wishbunny.me/drop/8462,New Item
baby,추피 보드북 17종 최저가,"97,500",01.30 ~ 02.28,https://www.wishbunny.me/drop/8460,New Item
baby,잘잘리오 어린이 안전 테이프 디스펜서,"5,150",01.12 ~ 01.15,https://www.wishbunny.me/drop/8459,New Item
baby,베베추피 전집 23종 세트,"183,750",01.30 ~ 02.28,https://www.wishbunny.me/drop/8458,New Item
baby,또또맘 인기간식 모음전,"24,500",01.09 ~ 01.13,https://www.wishbunny.me/drop/8454,New Item
baby,유기농 사과즙,"26,000",01.09 ~ 01.13,https://www.wishbunny.me/drop/8453,New Item
baby,프로실플러스 흉터스틱,"37,900",01.09 ~ 01.19,https://www.wishbunny.me/drop/8452,New Item
baby,자일리톨팝,"11,000",01.28 ~ 01.30,https://www.wishbunny.me/drop/8451,New Item
baby,라무르,N/A,02.19 ~ 02.22,https://www.wishbunny.me/drop/8450,New Item
baby,UGG LOGO KIDS MARY JANE,"72,900",01.10 ~ 01.12,https://www.wishbunny.me/drop/8448,New Item
baby,콕콕콕 사운드벽보,"15,750",01.12 ~ 01.15,https://www.wishbunny.me/drop/8447,New Item
baby,신학기준비물 방수 네임스티커&의류스템프,"19,300",01.12 ~ 01.14,https://www.wishbunny.me/drop/8446,New Item
baby,"기저귀패드, 외출커버, 밍크퍼워머, 유모차장갑","15,900",01.07 ~ 01.11,https://www.wishbunny.me/drop/8444,New Item
baby,CD/DVD플레이어 & 슈퍼심플송 & 페파피그,"79,000",01.26 ~ 01.30,https://www.wishbunny.me/drop/8441,New Item
baby,꼼지락 꼼지락 두조각퍼즐,"10,500",01.16 ~ 01.19,https://www.wishbunny.me/drop/8440,New Item
baby,자석블럭,N/A,01.09 ~ 01.11,https://www.wishbunny.me/drop/8439,New Item
baby,룬드런던 리틀룬드 기프트세트 & 워터보틀 & 런치박스,"34,000",01.09 ~ 01.11,https://www.wishbunny.me/drop/8438,New Item
baby,<신상>키즈LP토토 리뉴얼,"52,000",01.12 ~ 01.17,https://www.wishbunny.me/drop/8437,New Item
baby,올인원 이지 분유포트,"239,000",01.08 ~ 01.11,https://www.wishbunny.me/drop/8436,New Item
baby,"베리네이처 한우, 닭, 돼지, 생선 골라담기","29,920",01.15 ~ 01.18,https://www.wishbunny.me/drop/8435,New Item
baby,사파플레이어 DVD & CD (SDV700),"99,000",01.12 ~ 01.16,https://www.wishbunny.me/drop/8434,New Item
baby,리틀콩 배앓이 실내복 골라담기,"13,410",01.08 ~ 01.13,https://www.wishbunny.me/drop/8433,New Item
baby,리틀콩 목폴라 + 조거팬츠,"16,650",01.08 ~ 01.13,https://www.wishbunny.me/drop/8432,New Item
baby,마트 커버 (첫 런칭),N/A,01.12 ~ 01.14,https://www.wishbunny.me/drop/8431,New Item
baby,무무쭈 오리 육포,"6,800",01.05 ~ 01.08,https://www.wishbunny.me/drop/8429,New Item
baby,노래하는가방 스티커북 / 세이펜 세트,"39,800",01.09 ~ 01.12,https://www.wishbunny.me/drop/8428,New Item
baby,"네임스탬프, 스티커","9,400",01.09 ~ 01.11,https://www.wishbunny.me/drop/8427,New Item
baby,홈캠 거치대,"28,900",01.08 ~ 01.11,https://www.wishbunny.me/drop/8426,New Item
baby,홈 카메라,"41,000",01.07 ~ 01.09,https://www.wishbunny.me/drop/8425,New Item
baby,이키수면조끼,"20,900",01.08 ~ 01.11,https://www.wishbunny.me/drop/8422,New Item
baby,3단 유아독서대,N/A,01.08 ~ 01.11,https://www.wishbunny.me/drop/8420,New Item
baby,기저귀크림,"16,900",01.27 ~ 01.30,https://www.wishbunny.me/drop/8418,New Item
baby,4세대 세이펜,"129,000",01.30 ~ 02.01,https://www.wishbunny.me/drop/8417,New Item
baby,만원대 실내복,"13,410",01.24 ~ 01.26,https://www.wishbunny.me/drop/8416,New Item
baby,아빠차트,N/A,01.08 ~ 01.11,https://www.wishbunny.me/drop/8413,New Item
baby,"스테인리스 수저, 스테인리스 식판, 실리콘컵",N/A,01.22 ~ 01.25,https://www.wishbunny.me/drop/8412,New Item
baby,[신상] 시크 아이폴드T 휴대용카시트 특가,"245,000",01.08 ~ 01.12,https://www.wishbunny.me/drop/8411,New Item
baby,로라모먼트 데일리룩 기획전,"16,000",01.07 ~ 01.13,https://www.wishbunny.me/drop/8410,New Item
baby,내복 / 수면조끼,"5,900",01.05 ~ 01.11,https://www.wishbunny.me/drop/8409,New Item
baby,올인원 책장,"52,900",01.06 ~ 01.09,https://www.wishbunny.me/drop/8408,New Item
baby,독서대 & 책장,N/A,01.06 ~ 01.07,https://www.wishbunny.me/drop/8407,New Item
baby,바를 스킨케어 로션 크림 수딩젤,"21,900",01.07 ~ 01.10,https://www.wishbunny.me/drop/8406,New Item
baby,젖병.텀블러 발포 세정제,N/A,01.20 ~ 01.23,https://www.wishbunny.me/drop/8405,New Item
baby,라무르 모음전,N/A,01.13 ~ 01.15,https://www.wishbunny.me/drop/8403,New Item
baby,이키 수면조끼,"20,700",01.12 ~ 01.14,https://www.wishbunny.me/drop/8402,New Item
baby,공룡 식기 풀세트,N/A,01.18 ~ 01.20,https://www.wishbunny.me/drop/8395,New Item
baby,★ NEW 뉴이 키즈 캐리어 트라이크 + 사은품 : 컵폰홀더(베이지색)+가죽네임택+가드링+투명 보관커버+미니방석 (한정수량 진행) ★,"128,000",02.03 ~ 02.07,https://www.wishbunny.me/drop/8393,New Item
baby,피니쉬폼 & 패드,"19,900",01.14 ~ 01.20,https://www.wishbunny.me/drop/8391,New Item
baby,두비두 미니 포켓텀블러,"6,900",01.06 ~ 01.09,https://www.wishbunny.me/drop/8389,New Item
baby,플레이어&영어DVD,N/A,02.02 ~ 02.08,https://www.wishbunny.me/drop/8388,New Item
baby,피니셔비데티슈,"18,900",01.17 ~ 01.24,https://www.wishbunny.me/drop/8387,New Item
baby,구강유산균,"22,000",01.25 ~ 01.31,https://www.wishbunny.me/drop/8384,New Item
baby,그로우러닝 자석 퍼즐,"139,000",01.05 ~ 01.08,https://www.wishbunny.me/drop/8383,New Item
baby,라무르 스킨케어 모음,N/A,01.22 ~ 01.25,https://www.wishbunny.me/drop/8381,New Item
baby,이유식기 모음전 식판 스푼 조리도구,N/A,01.21 ~ 01.23,https://www.wishbunny.me/drop/8380,New Item
baby,이유식품 모음전,N/A,01.28 ~ 01.30,https://www.wishbunny.me/drop/8379,New Item
baby,빼빼구마&실온간식모음,N/A,01.26 ~ 01.28,https://www.wishbunny.me/drop/8377,New Item
baby,캥거루 자연주머니,N/A,01.13 ~ 01.16,https://www.wishbunny.me/drop/8376,New Item
baby,"땅콩버터, 아몬드 스프레드",N/A,01.08 ~ 01.11,https://www.wishbunny.me/drop/8374,New Item
baby,도자기식판,"29,900",01.05 ~ 01.07,https://www.wishbunny.me/drop/8373,New Item
baby,토토랑 짝짝짝,N/A,01.02 ~ 01.06,https://www.wishbunny.me/drop/8372,New Item
baby,트라이크 캐리어,"128,000",01.05 ~ 01.11,https://www.wishbunny.me/drop/8370,New Item
baby,세이펜 4세대 (레인온펜) + 틴케이스 증정(30명),"129,000",01.06 ~ 01.08,https://www.wishbunny.me/drop/8369,New Item
baby,2way 수면조끼,"29,900",01.05 ~ 01.07,https://www.wishbunny.me/drop/8368,New Item
baby,"영국 국민템, 코막힘엔! 올바스오일 & 밤","16,000",01.03 ~ 01.06,https://www.wishbunny.me/drop/8367,New Item
baby,바밤 단호박,"31,900",01.12 ~ 01.14,https://www.wishbunny.me/drop/8366,New Item
baby,데코아르 블룸 전동 멀티 세척솔,"19,900",01.15 ~ 01.18,https://www.wishbunny.me/drop/8364,New Item
baby,오아 LED 무소음 온•습도 벽시계,"69,900",01.07 ~ 01.09,https://www.wishbunny.me/drop/8362,New Item
baby,◆유니몽◆NEW 한국삐아제 키즈 LP 토토 육아템 엘피완구 음악동화 [LP250장 구성!],"52,000",02.06 ~ 02.11,https://www.wishbunny.me/drop/8361,New Item
baby,미니깜찍 팝업북12권+아이 깜찍팝업북•-,"31,850",02.06 ~ 02.10,https://www.wishbunny.me/drop/8360,New Item
baby,태극온펜 레인온펜,"139,000",01.12 ~ 01.18,https://www.wishbunny.me/drop/8359,New Item
baby,주니 수저모음전,N/A,02.22 ~ 02.24,https://www.wishbunny.me/drop/8358,New Item
baby,"아이스크림 카트, 워크북, 가드닝, 피자카트",N/A,03.27 ~ 03.31,https://www.wishbunny.me/drop/8356,New Item
baby,셀프 불소도포,"53,300",01.05 ~ 01.09,https://www.wishbunny.me/drop/8353,New Item
baby,"스카프빕, 케이프빕","8,800",01.06 ~ 01.09,https://www.wishbunny.me/drop/8350,New Item
baby,그로우 / 토스비 2.0 하이체어,"119,000",01.07 ~ 01.11,https://www.wishbunny.me/drop/8349,New Item
baby,"독서대, 책꽂이","94,900",01.09 ~ 01.13,https://www.wishbunny.me/drop/8348,New Item
baby,어린이 유아양말,"5,800",01.05 ~ 01.11,https://www.wishbunny.me/drop/8346,New Item
baby,눈코입 스티커 (최초),"9,900",01.27 ~ 01.29,https://www.wishbunny.me/drop/8342,New Item
baby,기차레일 자석블럭,"49,000",01.20 ~ 01.23,https://www.wishbunny.me/drop/8338,New Item
baby,엘리트 미니 자석 큐브 (최초),"18,000",01.14 ~ 01.14,https://www.wishbunny.me/drop/8335,New Item
baby,낫또 네임 스티커 (단독),N/A,01.07 ~ 01.07,https://www.wishbunny.me/drop/8332,New Item
baby,이치비야 3차,N/A,01.27 ~ 01.29,https://www.wishbunny.me/drop/8313,New Item
baby,맘스나이아드,"53,500",01.22 ~ 01.24,https://www.wishbunny.me/drop/8312,New Item
baby,아이팜 디딤대&유아변기,"22,900",01.19 ~ 01.21,https://www.wishbunny.me/drop/8310,New Item
baby,러닝리소스,N/A,01.06 ~ 01.08,https://www.wishbunny.me/drop/8306,New Item
baby,미태그 첫공구,N/A,01.12 ~ 01.13,https://www.wishbunny.me/drop/8280,New Item
baby,향유참기름/ 들기름,"49,000",01.27 ~ 01.29,https://www.wishbunny.me/drop/8250,New Item
baby,베리네이처 소/ 돼지고기,"21,510",01.26 ~ 01.28,https://www.wishbunny.me/drop/8249,New Item
baby,요거쪽쪽,N/A,01.22 ~ 01.25,https://www.wishbunny.me/drop/8248,New Item
baby,립프로그 워드북,"37,900",01.20 ~ 01.23,https://www.wishbunny.me/drop/8247,New Item
baby,"태기스 헝겊책, 크링클",N/A,01.15 ~ 01.17,https://www.wishbunny.me/drop/8245,New Item
baby,아오라 정리함 2차,"12,000",01.14 ~ 01.17,https://www.wishbunny.me/drop/8244,New Item
baby,요미몬 와우펜,"8,900",01.13 ~ 01.16,https://www.wishbunny.me/drop/8243,New Item
baby,프레벨롱 모음전 2차,"2,900",01.12 ~ 01.13,https://www.wishbunny.me/drop/8242,New Item
baby,콕콕이 사운드 벽보,"15,750",01.08 ~ 01.11,https://www.wishbunny.me/drop/8241,New Item
baby,쑥쑥이차트 2차,N/A,01.08 ~ 01.11,https://www.wishbunny.me/drop/8240,New Item
baby,블루래빗 골라담기 2차,"17,100",01.06 ~ 01.09,https://www.wishbunny.me/drop/8239,New Item
baby,오키독 트램폴린,N/A,01.01 ~ 01.05,https://www.wishbunny.me/drop/8238,New Item
baby,채수의 원조 우가채_우아채,"13,000",01.08 ~ 01.11,https://www.wishbunny.me/drop/8187,New Item
baby,아기들 입는이유 요미몬 플래시카드,"19,800",01.05 ~ 01.08,https://www.wishbunny.me/drop/8186,New Item
baby,바람 베도라치줌 초초초특가,N/A,01.01 ~ 01.03,https://www.wishbunny.me/drop/8185,New Item
baby,위드잇 볼고기,N/A,01.26 ~ 01.26,https://www.wishbunny.me/drop/8180,New Item
baby,오븐팟2 주물냄비,"352,000",01.19 ~ 01.19,https://www.wishbunny.me/drop/8178,New Item
baby,위드잇 볼시리즈,"68,700",01.12 ~ 01.12,https://www.wishbunny.me/drop/8177,New Item
baby,"참국, 소고기, 육수가루","13,200",01.15 ~ 01.17,https://www.wishbunny.me/drop/8151,New Item
baby,리오마레 참치 3차,"38,500",01.12 ~ 01.12,https://www.wishbunny.me/drop/8149,New Item
baby,어린이템,N/A,01.02 ~ 01.02,https://www.wishbunny.me/drop/8145,New Item
baby,와이업 유모차 부스터,"48,300",01.08 ~ 01.11,https://www.wishbunny.me/drop/8144,New Item
baby,스토조,"18,480",01.05 ~ 01.07,https://www.wishbunny.me/drop/8143,New Item
baby,어뜌 케어백,"14,000",01.05 ~ 01.07,https://www.wishbunny.me/drop/8142,New Item
baby,국내생산 낮잠이불세트,"59,900",02.06 ~ 02.10,https://www.wishbunny.me/drop/8140,New Item
baby,2026 new 뉴이 클라우드 부스터,"49,800",01.23 ~ 01.26,https://www.wishbunny.me/drop/8139,New Item
baby,자수방수투명파우치 + 네임택 2종,"6,900",01.04 ~ 01.09,https://www.wishbunny.me/drop/8135,New Item
baby,베베스완 아기띠 2차,"224,000",01.21 ~ 01.24,https://www.wishbunny.me/drop/8134,New Item
baby,스토조텀블러,"18,480",01.19 ~ 01.21,https://www.wishbunny.me/drop/8133,New Item
baby,다원 스툴+아기책상&의자,N/A,01.14 ~ 01.16,https://www.wishbunny.me/drop/8132,New Item
baby,마이베이비북3차,"49,800",01.12 ~ 01.15,https://www.wishbunny.me/drop/8131,New Item
baby,에디슨모음전,N/A,01.08 ~ 01.11,https://www.wishbunny.me/drop/8130,New Item
baby,터블 발포 세정제 2차,"21,900",01.05 ~ 01.08,https://www.wishbunny.me/drop/8129,New Item
baby,2026 르베르스핀360유모카,"288,000",02.05 ~ 02.09,https://www.wishbunny.me/drop/8128,New Item
baby,돌잡이&빅키즈 시리즈,"81,000",12.31 ~ 01.05,https://www.wishbunny.me/drop/8124,New Item
baby,주니 안전용품(모서리보호대+서랍잠금장치+도어쿠션),"17,700",01.26 ~ 01.28,https://www.wishbunny.me/drop/8123,New Item
baby,맘스나이아드,"52,500",01.28 ~ 01.30,https://www.wishbunny.me/drop/8122,New Item
baby,엄마랑 아기랑 프리미엄소독제,N/A,01.16 ~ 01.19,https://www.wishbunny.me/drop/8119,New Item
baby,"자기주도 물컵& 빨대컵, 실리콘 멀티컵",N/A,01.16 ~ 01.18,https://www.wishbunny.me/drop/8118,New Item
baby,퍼기 안심 워시핸들,"56,900",01.04 ~ 01.08,https://www.wishbunny.me/drop/8115,New Item
baby,휴대용 분유 케이스,"22,000",01.06 ~ 01.09,https://www.wishbunny.me/drop/8106,New Item
baby,에디슨 휴대용 가열식분유포트보온병,"77,900",01.26 ~ 01.31,https://www.wishbunny.me/drop/8092,New Item
baby,호들 낮잠이불세트,"215,000",01.03 ~ 01.06,https://www.wishbunny.me/drop/8090,New Item
baby,하뚱세이하우스 병풍,"69,000",01.03 ~ 01.05,https://www.wishbunny.me/drop/8089,New Item
baby,로보카폴리 덴티 자일리톨 특허구강유산균 (2g*200정),"22,200",02.06 ~ 02.13,https://www.wishbunny.me/drop/8088,New Item
baby,아기 페이크 목폴라,"3,900",01.05 ~ 01.11,https://www.wishbunny.me/drop/8086,New Item
baby,2세대 자기주도컵,"21,000",01.01 ~ 01.02,https://www.wishbunny.me/drop/8083,New Item
baby,힐텀시카겔 흉터연고,"18,800",01.14 ~ 01.21,https://www.wishbunny.me/drop/8080,New Item
baby,홍익마미3차 라라메드 신상2종 + 전제품 오픈,N/A,01.19 ~ 01.23,https://www.wishbunny.me/drop/8079,New Item
baby,플레이 버블클렌저 5종세트,"29,500",01.28 ~ 02.03,https://www.wishbunny.me/drop/8077,New Item
baby,베테랑대디 샤워핸들,"38,500",01.30 ~ 02.03,https://www.wishbunny.me/drop/8076,New Item
baby,공룡유치원,"57,600",12.29 ~ 01.12,https://www.wishbunny.me/drop/8073,New Item
baby,구딩 무선 콧물흡입기,"126,000",01.22 ~ 01.25,https://www.wishbunny.me/drop/8072,New Item
baby,블루래빗 오감발달,"79,000",01.19 ~ 01.20,https://www.wishbunny.me/drop/8071,New Item
baby,설 한복 한정 에디션,"34,900",01.15 ~ 01.18,https://www.wishbunny.me/drop/8070,New Item
baby,쑥쑥 효도달력,"21,900",01.12 ~ 01.14,https://www.wishbunny.me/drop/8069,New Item
baby,퍼기 파우치토퍼 고래캡2P,"13,900",01.04 ~ 01.06,https://www.wishbunny.me/drop/8062,New Item
baby,퍼기 모음전 실리콘찜기 실리콘큐브용기 실리콘지퍼백 이유식준비물,"12,900",01.30 ~ 02.03,https://www.wishbunny.me/drop/8061,New Item
baby,웰핀 가열 가습기,"199,000",01.05 ~ 01.07,https://www.wishbunny.me/drop/8059,New Item
baby,달로티 국민 프리미엄 기저귀백팩 3컬러,"47,240",02.10 ~ 02.14,https://www.wishbunny.me/drop/8058,New Item
baby,살구홈 X 메탈 무아스 프리미엄 자동 디스펜서,"39,900",01.08 ~ 01.10,https://www.wishbunny.me/drop/8021,New Item
baby,카톡딜 X 프리파라2차,"16,600",01.06 ~ 01.07,https://www.wishbunny.me/drop/8020,New Item
baby,팁토이조이 1차 공구,N/A,01.10 ~ 01.11,https://www.wishbunny.me/drop/7957,New Item
baby,킨더랜드컵,"20,900",01.08 ~ 01.11,https://www.wishbunny.me/drop/7956,New Item
baby,사파리 & DVD 플레이어,N/A,01.06 ~ 01.07,https://www.wishbunny.me/drop/7955,New Item
baby,나니아 미아방지 주얼리,"138,000",01.30 ~ 02.01,https://www.wishbunny.me/drop/7884,New Item
baby,슈슈아띠 진제품,"19,800",01.05 ~ 01.08,https://www.wishbunny.me/drop/7873,New Item
baby,사계절웃는코끼리,N/A,01.08 ~ 01.10,https://www.wishbunny.me/drop/7856,New Item
baby,네임스티커,N/A,01.19 ~ 01.25,https://www.wishbunny.me/drop/7849,New Item
baby,카시트발판 니가드&베베루트,"62,500",01.12 ~ 01.18,https://www.wishbunny.me/drop/7847,New Item
baby,부릉부릉씽씽& 뛰뛰빵빵,N/A,01.01 ~ 01.04,https://www.wishbunny.me/drop/7820,New Item
baby,비비엔다 낮잠이불,N/A,01.19 ~ 01.21,https://www.wishbunny.me/drop/7815,New Item
baby,러닝리소스 골라담기,N/A,01.15 ~ 01.18,https://www.wishbunny.me/drop/7814,New Item
baby,별똥별 부릉부릉씽씽,"79,200",01.22 ~ 01.24,https://www.wishbunny.me/drop/7806,New Item
baby,이치비야,N/A,01.29 ~ 01.31,https://www.wishbunny.me/drop/7748,New Item
baby,리템 X 시스맥스 정리템,"29,000",01.19 ~ 01.21,https://www.wishbunny.me/drop/7746,New Item
baby,도스 칫솔,"18,900",01.15 ~ 01.17,https://www.wishbunny.me/drop/7745,New Item
baby,플레이조이 회전정리함 & 매쉬파우치,"45,500",01.12 ~ 01.14,https://www.wishbunny.me/drop/7744,New Item
baby,세맘스 네임 파우치,N/A,01.08 ~ 01.10,https://www.wishbunny.me/drop/7743,New Item
baby,콕콕콕 사운드 벽보,"16,750",01.05 ~ 01.07,https://www.wishbunny.me/drop/7742,New Item
baby,몽클 클레이,"51,200",01.22 ~ 01.24,https://www.wishbunny.me/drop/7740,New Item
baby,리라그루브 색연필,N/A,01.19 ~ 01.21,https://www.wishbunny.me/drop/7739,New Item
baby,호들 낮잠이불세트,N/A,01.30 ~ 02.01,https://www.wishbunny.me/drop/7726,New Item
baby,탁가온 신상! 유아젓가락,N/A,01.26 ~ 01.28,https://www.wishbunny.me/drop/7724,New Item
baby,개구쟁이 특공대2 신간,"19,900",01.26 ~ 01.29,https://www.wishbunny.me/drop/7699,New Item
baby,밤비노루크,"249,000",01.22 ~ 01.24,https://www.wishbunny.me/drop/7686,New Item
baby,프랑브아즈_낮잠이불,"199,000",01.12 ~ 01.14,https://www.wishbunny.me/drop/7683,New Item
baby,캔코 낮잠이불,"140,000",01.27 ~ 01.29,https://www.wishbunny.me/drop/7679,New Item
baby,수플레트롤리 2차공구 OPEN!,"79,900",01.15 ~ 01.17,https://www.wishbunny.me/drop/7676,New Item
baby,스티코니 의류 네임 스탬프 다꾸 방수 맞춤 제작 이름 도장,"6,000",01.16 ~ 01.18,https://www.wishbunny.me/drop/7652,New Item
baby,벨베이비 자석블럭,"22,800",01.15 ~ 01.17,https://www.wishbunny.me/drop/7650,New Item
baby,히요코베이비 낮잠이불 *최초런칭*,"64,350",01.06 ~ 01.08,https://www.wishbunny.me/drop/7641,New Item
baby,탁가온 1 · 2 · 3 실리콘 유아 식기,"16,000",01.03 ~ 01.07,https://www.wishbunny.me/drop/7599,New Item
baby,주니빨대컵,"21,000",01.02 ~ 01.02,https://www.wishbunny.me/drop/7598,New Item
baby,비데티슈,"18,900",01.15 ~ 01.19,https://www.wishbunny.me/drop/7597,New Item
baby,낮잠이불,N/A,01.14 ~ 01.18,https://www.wishbunny.me/drop/7590,New Item
baby,베베추피,N/A,01.02 ~ 01.04,https://www.wishbunny.me/drop/7586,New Item
baby,주니 자기주도스푼포크세트 (ppsu / 스텐 등),N/A,02.27 ~ 03.01,https://www.wishbunny.me/drop/7585,New Item
baby,제트피규어 실속세트 & 골라담기,"229,000",01.02 ~ 01.04,https://www.wishbunny.me/drop/7584,New Item
baby,"푸드캐쳐, 캐치","62,400",01.05 ~ 01.07,https://www.wishbunny.me/drop/7583,New Item
baby,브레인탭 퀴즈마스터,N/A,01.05 ~ 01.07,https://www.wishbunny.me/drop/7576,New Item
baby,휴대용 샤워핸들,"39,000",01.12 ~ 01.15,https://www.wishbunny.me/drop/7574,New Item
baby,한정수량+무료배송 맘앤블랑 해열시트 해열패치 18매입,"4,900",01.18 ~ 01.20,https://www.wishbunny.me/drop/7573,New Item
baby,합배송가능/에디슨식기모음전 실리콘 유아식기 스푼포크/식판/컵 모음,N/A,01.01 ~ 01.05,https://www.wishbunny.me/drop/7571,New Item
baby,실리콘 로켓 물약병 1+1 (6ea) / 케이스 세트 구성 추가,"14,900",01.03 ~ 01.06,https://www.wishbunny.me/drop/7570,New Item
baby,백화점 몬테소리 교구,"14,400",01.20 ~ 01.25,https://www.wishbunny.me/drop/7567,New Item
baby,티비보호기,N/A,01.29 ~ 02.01,https://www.wishbunny.me/drop/7562,New Item
baby,네이처마일드밤부,"36,900",01.09 ~ 01.13,https://www.wishbunny.me/drop/7561,New Item
baby,키움 콕콕콕 사운드벽보,"15,750",03.29 ~ 04.01,https://www.wishbunny.me/drop/7557,New Item
baby,호주정품! 비판텐내피/ 안티셉틱 / 유키베어럽 /베이비발삼 /루카스포포 / 수도크림,"10,900",02.04 ~ 02.08,https://www.wishbunny.me/drop/7556,New Item
baby,올인원빨대컵캡+페트빨대캡,"8,900",01.28 ~ 01.31,https://www.wishbunny.me/drop/7554,New Item
baby,리틀콩 실내복,"13,050",01.01 ~ 01.04,https://www.wishbunny.me/drop/7553,New Item
baby,키즈네임 네임스티커 2차,N/A,01.29 ~ 01.31,https://www.wishbunny.me/drop/7498,New Item
baby,옴모 크레용 2차,N/A,01.05 ~ 01.08,https://www.wishbunny.me/drop/7484,New Item
baby,NEW 브룩스,"161,000",01.30 ~ 02.03,https://www.wishbunny.me/drop/7472,New Item
baby,르베르 스핀 360 유모카 2차,"288,000",01.07 ~ 01.10,https://www.wishbunny.me/drop/7433,New Item
baby,마크라이트 네임스티커,"21,500",01.02 ~ 01.04,https://www.wishbunny.me/drop/7431,New Item
baby,어린이집 파우치,N/A,01.26 ~ 01.29,https://www.wishbunny.me/drop/7428,New Item
baby,베베코지 카시트 트레이,"21,600",01.22 ~ 01.25,https://www.wishbunny.me/drop/7426,New Item
baby,어린이집 낮잠이불,"82,900",01.19 ~ 01.21,https://www.wishbunny.me/drop/7423,New Item
baby,키즈망고 모레놀이 & 물감놀이,"72,200",01.15 ~ 01.18,https://www.wishbunny.me/drop/7421,New Item
baby,미아방지 목걸이,N/A,01.09 ~ 01.12,https://www.wishbunny.me/drop/7418,New Item
baby,*의류스템프 런칭* 신상네임스티커,"6,500",01.05 ~ 01.07,https://www.wishbunny.me/drop/7415,New Item
baby,니가드키즈4 (카시트발판),"62,500",01.06 ~ 01.10,https://www.wishbunny.me/drop/7389,New Item
baby,베베누보 낮잠이불세트,N/A,01.28 ~ 01.30,https://www.wishbunny.me/drop/7375,New Item
baby,바풀 슈로스바,"570,000",01.28 ~ 01.30,https://www.wishbunny.me/drop/7356,New Item
baby,자기주도 스텐스푼,"15,900",01.30 ~ 02.01,https://www.wishbunny.me/drop/7309,New Item
baby,리라 그루브 모음전,N/A,01.23 ~ 01.25,https://www.wishbunny.me/drop/7304,New Item
baby,엔밀리밀리 모음전,"13,300",01.22 ~ 01.24,https://www.wishbunny.me/drop/7303,New Item
baby,주니 빨대컵,"24,000",01.19 ~ 01.21,https://www.wishbunny.me/drop/7301,New Item
baby,낮잠이불,"26,000",01.13 ~ 01.15,https://www.wishbunny.me/drop/7297,New Item
baby,부가부 버터플라이,"690,000",01.06 ~ 01.08,https://www.wishbunny.me/drop/7292,New Item
baby,[플립박스X늘찬맘 공동구매] 홈키트 골라담기,"38,350",01.13 ~ 01.16,https://www.wishbunny.me/drop/7275,New Item
baby,크레이큐브,"79,000",01.06 ~ 01.09,https://www.wishbunny.me/drop/7274,New Item
baby,블루필 휴대용 분유포트,"99,000",01.29 ~ 02.01,https://www.wishbunny.me/drop/7270,New Item
baby,제트 피규어,"229,000",01.28 ~ 02.01,https://www.wishbunny.me/drop/7269,New Item
baby,바브레 아기 변기 모음,"19,800",01.27 ~ 01.30,https://www.wishbunny.me/drop/7268,New Item
baby,코넘 휴대용 베이비룸,"74,000",01.26 ~ 01.28,https://www.wishbunny.me/drop/7267,New Item
baby,라리베라 천연 해면 2차,"39,900",01.22 ~ 01.25,https://www.wishbunny.me/drop/7265,New Item
baby,라무르 14차,"29,700",01.20 ~ 01.21,https://www.wishbunny.me/drop/7263,New Item
baby,봄달 블랭킷 2차,N/A,01.19 ~ 01.21,https://www.wishbunny.me/drop/7262,New Item
baby,소중한 습관 5차,"59,900",01.15 ~ 01.18,https://www.wishbunny.me/drop/7260,New Item
baby,어뜌 케어백 3차,"14,000",01.14 ~ 01.18,https://www.wishbunny.me/drop/7259,New Item
baby,엔젤앤비 역류방지쿠션,"94,900",01.10 ~ 01.12,https://www.wishbunny.me/drop/7257,New Item
baby,코넘 샤워핸들,"39,000",01.08 ~ 01.11,https://www.wishbunny.me/drop/7255,New Item
baby,데코아르 에어건,N/A,01.06 ~ 01.09,https://www.wishbunny.me/drop/7253,New Item
baby,M.O.O 손목 보호대,"26,900",01.05 ~ 01.11,https://www.wishbunny.me/drop/7252,New Item
baby,아가드 백색 소음기,N/A,01.02 ~ 01.05,https://www.wishbunny.me/drop/7251,New Item
baby,두리 목욕 핸들/ 수전,N/A,01.26 ~ 01.31,https://www.wishbunny.me/drop/7250,New Item
baby,아이누오 두상베개,"47,900",01.12 ~ 01.15,https://www.wishbunny.me/drop/7244,New Item
baby,두리 콧물 흡입기,"219,000",01.08 ~ 01.11,https://www.wishbunny.me/drop/7243,New Item
baby,유팡 맘마,"34,900",01.06 ~ 01.07,https://www.wishbunny.me/drop/7242,New Item
baby,겨울슈즈,"19,800",01.05 ~ 01.08,https://www.wishbunny.me/drop/7229,New Item
baby,포르티 냄새차단 휴지통,"43,900",01.02 ~ 01.05,https://www.wishbunny.me/drop/7226,New Item
baby,세이펜 4세대 레인온펜,"139,000",12.30 ~ 12.31,https://www.wishbunny.me/drop/7224,New Item
baby,뉴케어 마이키즈,"28,900",01.28 ~ 02.01,https://www.wishbunny.me/drop/7223,New Item
baby,휴대용 트라이크 트래블러M,0,01.05 ~ 01.09,https://www.wishbunny.me/drop/7222,New Item
baby,파이토블락,"96,000",12.31 ~ 01.10,https://www.wishbunny.me/drop/7216,New Item
baby,전동 멀티 세척솔,"19,900",12.31 ~ 01.03,https://www.wishbunny.me/drop/7212,New Item
baby,네임택 키링,N/A,02.12 ~ 02.15,https://www.wishbunny.me/drop/7207,New Item
baby,스파츌라,"13,800",01.28 ~ 01.31,https://www.wishbunny.me/drop/7203,New Item
baby,스와들업,"34,900",01.27 ~ 01.30,https://www.wishbunny.me/drop/7201,New Item
baby,대용량 가열식 가습기,"299,000",01.26 ~ 03.31,https://www.wishbunny.me/drop/7200,New Item
baby,방짜유기 수저세트,"19,900",01.23 ~ 01.25,https://www.wishbunny.me/drop/7199,New Item
baby,냄새차단 3중밀폐 휴지통,"43,900",01.22 ~ 01.25,https://www.wishbunny.me/drop/7198,New Item
baby,몰폰북,"6,900",01.19 ~ 01.22,https://www.wishbunny.me/drop/7197,New Item
baby,방탄조끼 아기띠,"224,000",01.15 ~ 01.18,https://www.wishbunny.me/drop/7196,New Item
baby,베베 이유식냄비 풀세트,"49,000",01.15 ~ 01.21,https://www.wishbunny.me/drop/7195,New Item
baby,수피 원목 블럭 교구 아기 유아용 학습 장난감,"10,000",02.05 ~ 02.09,https://www.wishbunny.me/drop/7194,New Item
baby,용돈주머니 복주머니,"12,200",12.30 ~ 01.04,https://www.wishbunny.me/drop/7193,New Item
baby,전동연필깎이 & 지우개청소기,"32,900",01.31 ~ 02.01,https://www.wishbunny.me/drop/7192,New Item
baby,접이식 텀블러 주니어 250ml,"18,480",01.08 ~ 01.11,https://www.wishbunny.me/drop/7191,New Item
baby,효도달력,"21,900",01.09 ~ 01.11,https://www.wishbunny.me/drop/7190,New Item
baby,프리미엄 설빔 세트,"34,900",01.05 ~ 01.07,https://www.wishbunny.me/drop/7189,New Item
baby,신학기 방수 네임스티커,N/A,01.11 ~ 01.12,https://www.wishbunny.me/drop/7188,New Item
baby,프레벨롱 간식 모음전,N/A,01.02 ~ 01.04,https://www.wishbunny.me/drop/7187,New Item
baby,마이쿠커,"129,000",02.03 ~ 02.28,https://www.wishbunny.me/drop/7184,New Item
baby,신상✨ 겨울 외출복&실내복,N/A,12.29 ~ 12.31,https://www.wishbunny.me/drop/7180,New Item
baby,베베누보 4계절 낮잠이불,"124,000",01.29 ~ 02.01,https://www.wishbunny.me/drop/7178,New Item
baby,실리콘약병3p,"11,900",01.22 ~ 01.26,https://www.wishbunny.me/drop/7176,New Item
baby,3종 오리기 오려붙이기 선긋기,"19,800",01.20 ~ 01.22,https://www.wishbunny.me/drop/7175,New Item
baby,소프트블럭,"19,900",01.05 ~ 01.08,https://www.wishbunny.me/drop/7167,New Item
baby,실내복 12종,N/A,01.09 ~ 01.15,https://www.wishbunny.me/drop/7166,New Item
baby,마이키즈6종,N/A,01.22 ~ 01.29,https://www.wishbunny.me/drop/7164,New Item
baby,마이키즈,N/A,01.15 ~ 01.29,https://www.wishbunny.me/drop/7156,New Item
baby,(하루 더 연장!) 니가드키즈4,"62,500",01.13 ~ 01.13,https://www.wishbunny.me/drop/7153,New Item
baby,봄달블랭킷,"33,900",12.29 ~ 01.01,https://www.wishbunny.me/drop/7152,New Item
baby,CD플레이어,"69,000",12.26 ~ 01.06,https://www.wishbunny.me/drop/7149,New Item
baby,뉴이키즈캐리어,"128,000",12.29 ~ 12.29,https://www.wishbunny.me/drop/7148,New Item
baby,잉글리쉬 12개월세트,"128,000",01.09 ~ 01.09,https://www.wishbunny.me/drop/7147,New Item
baby,밴밧 호프 카미러,"59,000",01.18 ~ 01.23,https://www.wishbunny.me/drop/7140,New Item
baby,요놈요놈 이유식스푼&지켜락,"13,900",01.07 ~ 01.10,https://www.wishbunny.me/drop/7138,New Item
baby,보아르 이지전기포트(분유포트),"39,800",01.05 ~ 01.08,https://www.wishbunny.me/drop/7137,New Item
baby,백일·돌 기념일 바디슈트 & 케이크 모자,"11,500",01.28 ~ 02.01,https://www.wishbunny.me/drop/7134,New Item
baby,스윗 드림 수면조끼 1+1,"14,900",12.29 ~ 01.01,https://www.wishbunny.me/drop/7133,New Item
baby,"유산균 로션,배쓰,오일","29,000",01.26 ~ 01.29,https://www.wishbunny.me/drop/7132,New Item
baby,온가족 캡슐세제,"28,000",01.22 ~ 01.25,https://www.wishbunny.me/drop/7131,New Item
baby,오열책 베스트만 쏙,"69,000",01.19 ~ 01.22,https://www.wishbunny.me/drop/7130,New Item
baby,셀프 치아 불소코팅,"49,600",01.12 ~ 01.15,https://www.wishbunny.me/drop/7129,New Item
baby,"무드등, 가습기 육아템","12,900",01.08 ~ 01.11,https://www.wishbunny.me/drop/7128,New Item
baby,터블 세정제,"21,900",12.29 ~ 12.31,https://www.wishbunny.me/drop/7127,New Item
baby,"키즈,베베,패밀리 올인원","31,000",01.05 ~ 01.08,https://www.wishbunny.me/drop/7125,New Item
baby,"레벨릭스 썼다,지웠다 워크북","9,900",12.31 ~ 01.02,https://www.wishbunny.me/drop/7123,New Item
baby,아오라 투명 장난감 정리함,"11,500",12.29 ~ 01.01,https://www.wishbunny.me/drop/7122,New Item
baby,실내복&뽀글햇,"12,900",12.30 ~ 01.03,https://www.wishbunny.me/drop/7120,New Item
baby,극세사 발열매트 3size,"50,900",02.01 ~ 02.10,https://www.wishbunny.me/drop/7119,New Item
baby,길이조절 아기 옷걸이 (40개),N/A,01.13 ~ 01.19,https://www.wishbunny.me/drop/7118,New Item
baby,테리빕,N/A,01.22 ~ 01.22,https://www.wishbunny.me/drop/7117,New Item
baby,휴대용 쪽쪽이 살균기,"25,900",01.19 ~ 01.21,https://www.wishbunny.me/drop/7116,New Item
baby,미태그 미아방지 위치추적기,"15,000",01.22 ~ 01.26,https://www.wishbunny.me/drop/7112,New Item
baby,콩딱 도어쿠션2차,"15,300",02.02 ~ 02.06,https://www.wishbunny.me/drop/7110,New Item
baby,케어백3 휴대용기저귀봉투 1+1,"16,900",01.30 ~ 02.03,https://www.wishbunny.me/drop/7109,New Item
baby,로드메이커 퍼즐,"19,800",01.26 ~ 01.30,https://www.wishbunny.me/drop/7108,New Item
baby,잉글리쉬 러닝패드,"68,000",01.19 ~ 01.23,https://www.wishbunny.me/drop/7107,New Item
baby,마이키즈 6차,"28,900",01.12 ~ 01.19,https://www.wishbunny.me/drop/7106,New Item
baby,리틀빈 붙이는 자석 화이트보드 글자놀이 유아학습 놀이 보드세트,"47,900",01.08 ~ 01.11,https://www.wishbunny.me/drop/7105,New Item
baby,구름블럭 아기 교구 장난감2차,"18,900",01.05 ~ 01.09,https://www.wishbunny.me/drop/7104,New Item
baby,채소 실리콘 장난감 2차,"23,800",01.01 ~ 01.05,https://www.wishbunny.me/drop/7103,New Item
baby,리뗀클로르 실내복&뽀글햇,"12,900",12.26 ~ 12.29,https://www.wishbunny.me/drop/7102,New Item
baby,라비킷4세대 분유포트/두상베개/방수패드,"155,000",01.21 ~ 01.25,https://www.wishbunny.me/drop/7100,New Item
baby,야물야물 그림책,"77,000",01.14 ~ 01.18,https://www.wishbunny.me/drop/7099,New Item
baby,슈퍼대디 네이처밤부 기저귀,"36,900",12.30 ~ 01.06,https://www.wishbunny.me/drop/7098,New Item
baby,ai플러스 욕실 온풍기,"159,000",12.26 ~ 12.30,https://www.wishbunny.me/drop/7092,New Item
baby,마이쿠커,"129,000",12.26 ~ 12.30,https://www.wishbunny.me/drop/7091,New Item
baby,MULNORY 실리콘 유아 주방놀이 장난감 채소곧 가격인상,"27,000",02.06 ~ 02.11,https://www.wishbunny.me/drop/7090,New Item
baby,데일리 키즈젤리,N/A,01.20 ~ 01.25,https://www.wishbunny.me/drop/7088,New Item
baby,시공매트 & 베이비룸,"32,900",01.05 ~ 01.11,https://www.wishbunny.me/drop/7087,New Item
baby,콧물흡입기,"199,000",12.26 ~ 12.29,https://www.wishbunny.me/drop/7085,New Item
baby,자동세척솔,"19,900",01.16 ~ 01.19,https://www.wishbunny.me/drop/7082,New Item
baby,아기드라이기,"69,000",01.14 ~ 01.18,https://www.wishbunny.me/drop/7079,New Item
baby,페이크 목폴라(융기모&면),"3,900",12.24 ~ 12.29,https://www.wishbunny.me/drop/7076,New Item
baby,다리미 없이 붙이는 의류네임 스티커,"6,900",12.27 ~ 12.31,https://www.wishbunny.me/drop/7073,New Item
baby,프리미엄 방수 네임스티커,"7,900",12.26 ~ 12.31,https://www.wishbunny.me/drop/7072,New Item
baby,슈즈 네임 스티커 실내화,"8,900",12.25 ~ 12.31,https://www.wishbunny.me/drop/7070,New Item
baby,실리콘 소프트 블럭 장난감,N/A,01.05 ~ 01.08,https://www.wishbunny.me/drop/7064,New Item
baby,스타트킷,"83,900",01.12 ~ 01.14,https://www.wishbunny.me/drop/7059,New Item
baby,보냉백팩,"99,000",01.12 ~ 01.14,https://www.wishbunny.me/drop/7058,New Item
baby,접이식 휴대용침대,"84,600",01.08 ~ 01.11,https://www.wishbunny.me/drop/7057,New Item
baby,분유쉐이커,"39,000",01.06 ~ 01.09,https://www.wishbunny.me/drop/7056,New Item
baby,아기 드라이기,"69,000",01.06 ~ 01.08,https://www.wishbunny.me/drop/7055,New Item
baby,세이펜,"139,000",12.29 ~ 12.31,https://www.wishbunny.me/drop/7054,New Item
baby,네블라이저&콧물흡입기,"26,900",12.28 ~ 12.28,https://www.wishbunny.me/drop/7052,New Item
baby,몬테소리 동물피규어,"108,000",01.25 ~ 01.26,https://www.wishbunny.me/drop/7051,New Item
baby,[기획전 파격가] (한정수량) 맘앤블랑 해열 쿨링 시트 18매입 (무료배송),N/A,02.06 ~ 02.10,https://www.wishbunny.me/drop/7050,New Item
baby,마이키즈,"28,900",12.22 ~ 12.29,https://www.wishbunny.me/drop/7049,New Item
baby,장난감 정리함,"18,200",12.26 ~ 12.28,https://www.wishbunny.me/drop/7048,New Item
baby,"국산 유기농 100%] 아기의 첫 간식은 다릅니다, 로지오가닉 퍼프&스틱 6종 구성","29,900",02.01 ~ 02.07,https://www.wishbunny.me/drop/7047,New Item
baby,"[설날 골라담기] 명절에도 간편하게, 아기 과일퓨레 공동구매 단독 골라담기","2,217",02.09 ~ 02.19,https://www.wishbunny.me/drop/7045,New Item
baby,아띠래빗 트립트랩 방석,"28,900",01.12 ~ 01.13,https://www.wishbunny.me/drop/7040,New Item
baby,젖병건조대,N/A,01.12 ~ 01.15,https://www.wishbunny.me/drop/7035,New Item
baby,아기 보습 로션 크림 수딩젤,N/A,01.10 ~ 01.13,https://www.wishbunny.me/drop/7033,New Item
baby,유누옷장×천연해면 아기 목욕스펀지(세안용/바디용),"39,900",01.06 ~ 01.09,https://www.wishbunny.me/drop/7030,New Item
baby,퍼기 샤워핸들 워시핸들,"56,900",01.07 ~ 01.11,https://www.wishbunny.me/drop/7028,New Item
baby,끌리젠 접이식 전기포트,"61,800",01.09 ~ 01.12,https://www.wishbunny.me/drop/7027,New Item
baby,몬테소리 책상/의자,"99,000",03.03 ~ 03.08,https://www.wishbunny.me/drop/7026,New Item
baby,까이유 특별전,"39,800",02.09 ~ 02.12,https://www.wishbunny.me/drop/7024,New Item
baby,카시트발판,"58,000",02.02 ~ 02.05,https://www.wishbunny.me/drop/7023,New Item
baby,비판텐 외 10종,"9,800",01.09 ~ 01.11,https://www.wishbunny.me/drop/7020,New Item
baby,아기비데 수전 + 필터 (800개완판 조기마감합니다),N/A,01.05 ~ 01.07,https://www.wishbunny.me/drop/7017,New Item
baby,블루래빗 골라담기,"10,000",12.29 ~ 01.01,https://www.wishbunny.me/drop/7015,New Item
baby,케피 버블클렌저,"6,300",03.05 ~ 03.08,https://www.wishbunny.me/drop/7013,New Item
baby,블루래빗 오감발달,"79,000",01.01 ~ 01.02,https://www.wishbunny.me/drop/7012,New Item
baby,로보카폴리 덴티 자일리톨 200정,"22,200",02.08 ~ 02.12,https://www.wishbunny.me/drop/7003,New Item
baby,케어백 (+ 신제품 출시),"14,000",12.26 ~ 12.29,https://www.wishbunny.me/drop/7002,New Item
baby,이키 설빔 세트,"34,900",01.21 ~ 01.24,https://www.wishbunny.me/drop/6996,New Item
baby,어린이집준비물(고리수건/네임스티커/네임스템프),"12,900",01.14 ~ 01.18,https://www.wishbunny.me/drop/6995,New Item
baby,뮤이 안심커버,"29,000",01.07 ~ 01.09,https://www.wishbunny.me/drop/6994,New Item
baby,에듀플레이어 DVD/CD,0,01.15 ~ 01.18,https://www.wishbunny.me/drop/6990,New Item
baby,"넘블 DVD,워크북,책","26,000",01.14 ~ 01.18,https://www.wishbunny.me/drop/6989,New Item
baby,슐터학습기,"49,800",01.05 ~ 01.09,https://www.wishbunny.me/drop/6988,New Item
baby,휴대용 샤워핸들,"38,000",12.29 ~ 12.31,https://www.wishbunny.me/drop/6987,New Item
baby,자석블럭,"46,000",12.22 ~ 12.24,https://www.wishbunny.me/drop/6986,New Item
baby,코에르 욕실매트,"18,900",12.26 ~ 12.30,https://www.wishbunny.me/drop/6985,New Item
baby,NEW 뉴이 키즈 캐리어 트라이크,"128,000",01.24 ~ 01.31,https://www.wishbunny.me/drop/6984,New Item
baby,2026 new 뉴이 클라우드 부스터,"49,800",01.05 ~ 01.11,https://www.wishbunny.me/drop/6982,New Item
baby,웜허그 유아 카시트 유모차 온열시트,"48,000",12.22 ~ 12.25,https://www.wishbunny.me/drop/6981,New Item
baby,트라이크 캐리어,"128,000",02.07 ~ 02.15,https://www.wishbunny.me/drop/6980,New Item
baby,(신상)키즈토토 LP판,"52,000",01.12 ~ 01.15,https://www.wishbunny.me/drop/6973,New Item
baby,"오리지널 영어,한글 보드북","54,900",12.24 ~ 12.26,https://www.wishbunny.me/drop/6968,New Item
baby,우디푸디 내장자석 소꿉놀이,"44,000",01.05 ~ 01.08,https://www.wishbunny.me/drop/6966,New Item
baby,"소중한습관 모음전 물티슈 캡&휴대용, 비데티슈, 피니셔폼&패드, 목욕바","8,900",02.03 ~ 02.07,https://www.wishbunny.me/drop/6958,New Item
baby,자연동화 곡물도자기식판 식판 보울 컵,"20,000",01.14 ~ 01.19,https://www.wishbunny.me/drop/6957,New Item
baby,뉴이키즈캐리어트라이크 2026,"128,000",02.01 ~ 02.06,https://www.wishbunny.me/drop/6948,New Item
baby,수피원목블럭교구 원목교구 원목장난감,"10,000",01.24 ~ 01.27,https://www.wishbunny.me/drop/6945,New Item
baby,프로실플러스 흉터스틱,"37,900",01.10 ~ 01.19,https://www.wishbunny.me/drop/6932,New Item
baby,아이앤어스 독일더마 캡슐세제,"25,900",01.26 ~ 02.01,https://www.wishbunny.me/drop/6928,New Item
baby,아이브릭 이지종이블럭,N/A,12.19 ~ 12.20,https://www.wishbunny.me/drop/6912,New Item
baby,꿈돌이 스마트 안심뱃지,"6,240",12.31 ~ 01.03,https://www.wishbunny.me/drop/6910,New Item
baby,바른다짐 수산물 큐브,"22,400",12.25 ~ 12.29,https://www.wishbunny.me/drop/6907,New Item
baby,베스타월,"22,500",12.22 ~ 12.28,https://www.wishbunny.me/drop/6904,New Item
baby,쌀과자 3종,"3,900",12.19 ~ 12.23,https://www.wishbunny.me/drop/6903,New Item
baby,아넬라 퓨레,"4,200",12.19 ~ 12.23,https://www.wishbunny.me/drop/6902,New Item
baby,올바스 오일,"16,000",12.18 ~ 12.21,https://www.wishbunny.me/drop/6901,New Item
baby,세이펜,"139,000",12.19 ~ 12.22,https://www.wishbunny.me/drop/6898,New Item
baby,폴레드 에어러브 유모차워머,"44,500",12.29 ~ 01.03,https://www.wishbunny.me/drop/6883,New Item
baby,캔코 낮잠이불,N/A,12.17 ~ 12.22,https://www.wishbunny.me/drop/6879,New Item
baby,봄달 블랭킷,N/A,12.17 ~ 12.19,https://www.wishbunny.me/drop/6876,New Item
baby,시크릿키즈 1+1 수면조끼,"13,900",12.13 ~ 12.31,https://www.wishbunny.me/drop/6875,New Item
baby,봉봉프렌즈 크리스마스 선물세트 키즈메이크업세트 키즈매니큐어세트,N/A,12.16 ~ 12.20,https://www.wishbunny.me/drop/6874,New Item
baby,시크릿키즈 아동복 모음전,"12,900",12.14 ~ 12.31,https://www.wishbunny.me/drop/6873,New Item
baby,시크릿키즈 후리스 & 바라클라바 맘커플 성인후리스,"9,900",12.21 ~ 12.31,https://www.wishbunny.me/drop/6872,New Item
baby,참다한 홍키즈 아기홍삼 키즈홍삼,"79,000",12.17 ~ 12.22,https://www.wishbunny.me/drop/6868,New Item
baby,페파피그 컬렉션 50권 레드/블루,"46,000",01.26 ~ 02.01,https://www.wishbunny.me/drop/6864,New Item
baby,에듀플레이어 신상품,"138,000",01.15 ~ 01.18,https://www.wishbunny.me/drop/6863,New Item
baby,넘버블럭스 DVD/워크북/넘블책,N/A,01.14 ~ 01.18,https://www.wishbunny.me/drop/6862,New Item
baby,슐터 학습기,"49,800",01.05 ~ 01.08,https://www.wishbunny.me/drop/6861,New Item
baby,맥킹덤 맥타일즈 자석블록,"59,000",12.17 ~ 12.19,https://www.wishbunny.me/drop/6860,New Item
baby,베베스완 아기띠,"224,000",12.13 ~ 12.15,https://www.wishbunny.me/drop/6859,New Item
baby,"라비킷 유아경추베개,방수패드","46,300",12.18 ~ 12.22,https://www.wishbunny.me/drop/6856,New Item
baby,이지앤프리 이유식 보관용기,"6,900",12.10 ~ 12.14,https://www.wishbunny.me/drop/6851,New Item
baby,프롬유 샤워핸들,"59,800",12.18 ~ 12.21,https://www.wishbunny.me/drop/6839,New Item
baby,폴레드 유모차 온열시트,"44,500",12.15 ~ 12.17,https://www.wishbunny.me/drop/6837,New Item
baby,모구 기저귀 가방,"109,000",12.08 ~ 12.17,https://www.wishbunny.me/drop/6835,New Item
baby,컷팅빗 + 탱글밴드,"3,200",12.26 ~ 12.28,https://www.wishbunny.me/drop/6833,New Item
baby,쁘띠라뻥 하이체어,"129,000",12.29 ~ 12.31,https://www.wishbunny.me/drop/6792,New Item
baby,베베코지 이유식 포트,"59,400",12.09 ~ 12.12,https://www.wishbunny.me/drop/6789,New Item
baby,쿨링 해열시트,"5,900",12.15 ~ 12.17,https://www.wishbunny.me/drop/6750,New Item
baby,아가드 목욕 아이템,"76,000",12.15 ~ 01.01,https://www.wishbunny.me/drop/6745,New Item
baby,봄달,N/A,12.08 ~ 12.11,https://www.wishbunny.me/drop/6743,New Item
baby,파스텔버블 수면조끼,"29,900",12.11 ~ 12.14,https://www.wishbunny.me/drop/6736,New Item
baby,비바 하이체어,N/A,12.29 ~ 12.31,https://www.wishbunny.me/drop/6734,New Item
baby,오맘 방한커버,N/A,12.11 ~ 12.14,https://www.wishbunny.me/drop/6714,New Item
baby,봄달,N/A,12.19 ~ 12.22,https://www.wishbunny.me/drop/6706,New Item
baby,코지쉘 트라이크,"368,000",12.10 ~ 12.12,https://www.wishbunny.me/drop/6698,New Item
baby,이키 수면조끼 / 목욕타월,"22,500",12.30 ~ 01.04,https://www.wishbunny.me/drop/6693,New Item
baby,봄달 올인원 블랭킷,N/A,12.24 ~ 12.28,https://www.wishbunny.me/drop/6692,New Item
baby,어뜌 트위드 케어백,"14,000",12.19 ~ 12.23,https://www.wishbunny.me/drop/6691,New Item
baby,나리몽 올인원 밀크박스,"189,000",12.16 ~ 12.18,https://www.wishbunny.me/drop/6690,New Item
baby,맘앤리틀 베이비 분유케이스,"21,900",12.13 ~ 12.15,https://www.wishbunny.me/drop/6689,New Item
baby,애플킨더 튼튼 철분 오메가3 루테인,"25,900",12.22 ~ 12.28,https://www.wishbunny.me/drop/6687,New Item
baby,이지드로잉 키즈카메라,"20,500",12.10 ~ 12.22,https://www.wishbunny.me/drop/6682,New Item
baby,에디슨 식기 포크 숟가락 식판 모음전,"5,500",12.11 ~ 12.31,https://www.wishbunny.me/drop/6680,New Item
baby,에디슨 휴대용 분유포트 보온병,"77,900",12.10 ~ 12.31,https://www.wishbunny.me/drop/6679,New Item
baby,26년 뉴이 키즈 캐리어,"128,000",12.09 ~ 12.31,https://www.wishbunny.me/drop/6678,New Item
baby,물노리 실리콘 주방놀이 채소놀이,"23,800",12.08 ~ 12.31,https://www.wishbunny.me/drop/6675,New Item
baby,아넬라 퓨레 골라담기,"4,200",12.07 ~ 12.31,https://www.wishbunny.me/drop/6674,New Item
baby,에디슨 플러스 출수형 분유포트,"129,000",12.07 ~ 12.22,https://www.wishbunny.me/drop/6673,New Item
baby,소중한습관 비데티슈,"18,900",12.06 ~ 12.22,https://www.wishbunny.me/drop/6668,New Item
baby,소중한습관 피니셔폼&패드,"19,900",12.06 ~ 12.22,https://www.wishbunny.me/drop/6667,New Item
baby,소중한습관 물티슈 캡&휴대용,"14,900",12.06 ~ 12.22,https://www.wishbunny.me/drop/6666,New Item
baby,맥킹덤 맥타일즈,"59,000",12.05 ~ 12.10,https://www.wishbunny.me/drop/6664,New Item
baby,구버 블록 크레용,"16,200",12.20 ~ 12.24,https://www.wishbunny.me/drop/6660,New Item
baby,영유아 완벽 미끄럼방지 양말,"11,400",12.16 ~ 12.19,https://www.wishbunny.me/drop/6658,New Item
baby,주니 올스텐 스푼 포크 수저세트,"8,900",12.15 ~ 12.17,https://www.wishbunny.me/drop/6657,New Item
baby,[핫딜]플레이모빌/브리오 특별전,N/A,12.11 ~ 12.14,https://www.wishbunny.me/drop/6656,New Item
baby,키즈그래놀라,"24,900",12.22 ~ 12.24,https://www.wishbunny.me/drop/6653,New Item
baby,탁가온 에코젠 식판 & 식기 모음전,"7,800",12.19 ~ 12.21,https://www.wishbunny.me/drop/6652,New Item
baby,자일리톨팝 충치예방 캔디,N/A,12.18 ~ 12.20,https://www.wishbunny.me/drop/6651,New Item
baby,푸른들 건조국 & 후레이크 모음전,N/A,12.15 ~ 12.18,https://www.wishbunny.me/drop/6650,New Item
baby,YK 킥보드,"75,000",12.10 ~ 12.14,https://www.wishbunny.me/drop/6649,New Item
baby,한일 포근 콧물 흡입기 2차,"218,900",12.26 ~ 12.31,https://www.wishbunny.me/drop/6648,New Item
baby,이키 수면조끼,"20,700",12.22 ~ 12.28,https://www.wishbunny.me/drop/6647,New Item
baby,윤콩하우스 킥보드,"75,000",12.16 ~ 12.21,https://www.wishbunny.me/drop/6646,New Item
baby,라무르,"48,000",12.15 ~ 12.17,https://www.wishbunny.me/drop/6645,New Item
baby,스텐팟 가습기,"299,000",12.09 ~ 12.12,https://www.wishbunny.me/drop/6644,New Item
baby,오가닉스 과일 퓨레 3차,"24,800",12.01 ~ 12.04,https://www.wishbunny.me/drop/6643,New Item
baby,방한 유모차 장갑 핸드 머트,"12,900",12.22 ~ 12.26,https://www.wishbunny.me/drop/6642,New Item
baby,실리콘 약병 1+1,"14,900",12.14 ~ 12.16,https://www.wishbunny.me/drop/6641,New Item
baby,또띵 픽셀블럭,"59,000",12.15 ~ 12.19,https://www.wishbunny.me/drop/6614,New Item
baby,립프로그 아이스크림카트,"84,900",12.04 ~ 12.07,https://www.wishbunny.me/drop/6611,New Item
baby,노리터보드&자석교구,"162,900",12.19 ~ 12.23,https://www.wishbunny.me/drop/6609,New Item
baby,타보 휴대용 카시트,"138,000",12.04 ~ 12.07,https://www.wishbunny.me/drop/6608,New Item
baby,"비오맘베베,비오맘스노우,비오맘칼마디2종","19,800",12.29 ~ 01.01,https://www.wishbunny.me/drop/6607,New Item
baby,맘스나이아드 파우치,"54,600",12.11 ~ 12.14,https://www.wishbunny.me/drop/6605,New Item
baby,트래블러 M,"129,000",12.09 ~ 12.13,https://www.wishbunny.me/drop/6604,New Item
baby,세라든 스킨케어,"38,800",12.03 ~ 12.07,https://www.wishbunny.me/drop/6601,New Item
baby,데일리 키즈 젤리 야채과일 영양제,"22,900",12.02 ~ 12.05,https://www.wishbunny.me/drop/6600,New Item
baby,뽀로로+아기상어 키디밀,N/A,12.01 ~ 12.04,https://www.wishbunny.me/drop/6599,New Item
baby,UV 스티커,N/A,12.26 ~ 12.31,https://www.wishbunny.me/drop/6573,New Item
baby,고리수던 장당 3600,"17,500",12.04 ~ 12.03,https://www.wishbunny.me/drop/6566,New Item
baby,흡착식판,N/A,12.22 ~ 12.24,https://www.wishbunny.me/drop/6548,New Item
baby,대호토이즈 전동&푸쉬카,"309,000",12.15 ~ 12.17,https://www.wishbunny.me/drop/6543,New Item
baby,치폴로팝,N/A,12.26 ~ 12.29,https://www.wishbunny.me/drop/6528,New Item
baby,맘노코 방풍커버,N/A,12.02 ~ 12.04,https://www.wishbunny.me/drop/6516,New Item
baby,폴레드 에어러브,"46,000",12.02 ~ 12.04,https://www.wishbunny.me/drop/6515,New Item
baby,봄달,N/A,12.02 ~ 12.04,https://www.wishbunny.me/drop/6514,New Item
baby,나뚜라 기저귀 크림,"17,900",12.03 ~ 12.06,https://www.wishbunny.me/drop/6500,New Item
baby,자수누빔 복주머니 가방,"12,200",12.24 ~ 12.28,https://www.wishbunny.me/drop/6494,New Item
baby,네임스템프,"7,200",12.09 ~ 12.13,https://www.wishbunny.me/drop/6481,New Item
baby,베베리얼 유모차 라이너,N/A,12.29 ~ 01.01,https://www.wishbunny.me/drop/6466,New Item
baby,첫 단독 공구! 코알라밤&배쓰,N/A,12.11 ~ 12.14,https://www.wishbunny.me/drop/6452,New Item
baby,코넘 휴대용 샤워핸들,"39,000",12.02 ~ 12.05,https://www.wishbunny.me/drop/6444,New Item
baby,미태그 미아 방지태그,"15,000",12.22 ~ 12.26,https://www.wishbunny.me/drop/6427,New Item
baby,책가방 공구,"129,000",12.22 ~ 01.01,https://www.wishbunny.me/drop/6410,New Item
baby,펜소닉 접이식 분유포트,N/A,12.25 ~ 12.26,https://www.wishbunny.me/drop/6325,New Item
baby,달로티 기저귀 백팩,N/A,12.22 ~ 12.24,https://www.wishbunny.me/drop/6324,New Item
baby,맘코니 휴대용 분유포트,"48,500",12.08 ~ 12.10,https://www.wishbunny.me/drop/6291,New Item
baby,마베비,N/A,12.23 ~ 01.01,https://www.wishbunny.me/drop/6264,New Item
baby,라비킷,"19,900",12.23 ~ 01.01,https://www.wishbunny.me/drop/6263,New Item
baby,슈퍼대디,"39,900",12.11 ~ 12.14,https://www.wishbunny.me/drop/6251,New Item
baby,여행용 휴대용 젖병 건조대,"11,800",12.10 ~ 01.01,https://www.wishbunny.me/drop/6250,New Item
baby,샤워핸들,"39,000",12.09 ~ 12.11,https://www.wishbunny.me/drop/6249,New Item
baby,"맘노코 방풍 커버, 유모차 장갑",N/A,12.05 ~ 12.07,https://www.wishbunny.me/drop/6247,New Item
baby,신상 하이체어,"148,000",12.03 ~ 12.07,https://www.wishbunny.me/drop/6245,New Item
baby,moji 하이체어,"430,000",12.08 ~ 12.10,https://www.wishbunny.me/drop/6221,New Item
baby,발도장 액자 & 임테기 보관함,"26,500",12.17 ~ 12.21,https://www.wishbunny.me/drop/6188,New Item
baby,오맘 자수 방한 방풍커버,N/A,12.08 ~ 01.01,https://www.wishbunny.me/drop/6180,New Item
baby,카시트 트레이,"36,000",12.01 ~ 12.04,https://www.wishbunny.me/drop/6175,New Item
baby,유베베 휴대용 소독기,N/A,12.09 ~ 12.12,https://www.wishbunny.me/drop/6171,New Item
baby,주니 백색소음기,"30,000",12.02 ~ 12.04,https://www.wishbunny.me/drop/6170,New Item
baby,봄봄 베이비룸,"120,000",12.01 ~ 12.03,https://www.wishbunny.me/drop/6152,New Item
baby,"OYOI 새학기 노트,필통,물통가방",N/A,01.14 ~ 01.16,https://www.wishbunny.me/drop/6141,New Item
baby,비쎌 습식 청소기,N/A,12.19 ~ 12.21,https://www.wishbunny.me/drop/6078,New Item
baby,뉴이 트라이크 캐리어,"128,000",12.22 ~ 12.25,https://www.wishbunny.me/drop/6075,New Item
baby,물놀이 실리콘 장난감,"23,800",12.04 ~ 12.07,https://www.wishbunny.me/drop/6068,New Item
baby,이몽 겨울 기획전(기저귀바구니/밍크퍼유모차장갑/밍크퍼아기띠워머),"42,900",12.10 ~ 12.14,https://www.wishbunny.me/drop/6061,New Item
baby,코넘 휴대용 분유포트,"79,000",11.29 ~ 11.29,https://www.wishbunny.me/drop/6053,New Item
baby,신생아 보습세트 핫딜구매,"51,900",01.09 ~ 01.11,https://www.wishbunny.me/drop/6039,New Item
baby,IKII 이키 태명자수 신생아 저고리,"20,000",12.22 ~ 12.29,https://www.wishbunny.me/drop/6038,New Item
baby,포르티 전용롤봉투 기저귀 휴지통,"43,900",12.20 ~ 12.22,https://www.wishbunny.me/drop/6037,New Item
baby,피아시이스 무선 콧물흡입기 저소음,"149,000",12.18 ~ 12.20,https://www.wishbunny.me/drop/6036,New Item
baby,베베룬 아기 손수건,N/A,12.05 ~ 12.05,https://www.wishbunny.me/drop/6033,New Item
baby,베베코지 휴대용 분유포트,"61,900",12.03 ~ 12.06,https://www.wishbunny.me/drop/6032,New Item
baby,소독하는아이 아기소독제,"59,000",11.26 ~ 11.28,https://www.wishbunny.me/drop/6030,New Item
baby,"러베 아기세제, 아기젖병세제","12,900",11.20 ~ 11.22,https://www.wishbunny.me/drop/6029,New Item
baby,베베누보 발열매트,"54,900",12.12 ~ 12.14,https://www.wishbunny.me/drop/6023,New Item
baby,요미몬 디즈니 USB,"14,900",12.26 ~ 01.02,https://www.wishbunny.me/drop/6020,New Item
baby,그리스 프리미엄 천연해면,"39,900",12.24 ~ 12.28,https://www.wishbunny.me/drop/6019,New Item
baby,라이브오랄스 셀프 불소도포제,"49,600",12.16 ~ 12.19,https://www.wishbunny.me/drop/6018,New Item
baby,어뜌 콩딱 도어 1+1,"15,300",12.15 ~ 12.17,https://www.wishbunny.me/drop/6017,New Item
baby,"베베누보 패딩수트, 부츠","29,900",12.11 ~ 12.14,https://www.wishbunny.me/drop/6016,New Item
baby,스토조 접이식 텀블러,"18,480",12.08 ~ 12.10,https://www.wishbunny.me/drop/6015,New Item
baby,지엠팜 실리콘 투약병 2개/4개세트,"23,000",11.22 ~ 11.30,https://www.wishbunny.me/drop/6012,New Item
baby,소중한습관 비데티슈,"18,900",11.21 ~ 11.30,https://www.wishbunny.me/drop/6010,New Item
baby,소중한습관 피니셔폼&패드,"19,900",11.21 ~ 11.30,https://www.wishbunny.me/drop/6009,New Item
baby,소중한습관 물티슈 캡&휴대용,"14,900",11.21 ~ 11.30,https://www.wishbunny.me/drop/6008,New Item
baby,맥킹덤 맥타일즈,"59,000",11.21 ~ 11.30,https://www.wishbunny.me/drop/6005,New Item
baby,소화기스티커 붙이는소화기,"16,900",11.27 ~ 12.01,https://www.wishbunny.me/drop/6001,New Item
baby,니가드키즈4 카시트발판,"62,500",11.24 ~ 11.30,https://www.wishbunny.me/drop/5998,New Item
baby,2026년 효도 달력,"21,900",12.06 ~ 12.10,https://www.wishbunny.me/drop/5997,New Item
baby,제트피규어,"229,000",12.26 ~ 12.29,https://www.wishbunny.me/drop/5996,New Item
baby,엄마랑 아기랑 프리미엄 소독제,"29,500",12.17 ~ 12.20,https://www.wishbunny.me/drop/5995,New Item
baby,유모차장갑 핸드머프,"15,900",12.08 ~ 12.11,https://www.wishbunny.me/drop/5993,New Item
baby,뽀로로 사운드카드,"13,500",12.01 ~ 12.05,https://www.wishbunny.me/drop/5990,New Item
baby,차일드라이프 멀티비타민 앤 미네랄,"47,500",12.29 ~ 01.01,https://www.wishbunny.me/drop/5989,New Item
baby,[CJ온스타일]숨의보감 라이브,"91,900",12.23 ~ 12.25,https://www.wishbunny.me/drop/5988,New Item
baby,영롱 키즈 & 센서티브 유산균,"34,900",12.09 ~ 12.14,https://www.wishbunny.me/drop/5987,New Item
baby,"더블엔 비타민D+EK2 1000IU, 2000IU","34,700",12.01 ~ 12.04,https://www.wishbunny.me/drop/5986,New Item
baby,포렉스 아치 깔창,"20,900",11.27 ~ 12.01,https://www.wishbunny.me/drop/5985,New Item
baby,숨의보감,"91,900",11.25 ~ 11.30,https://www.wishbunny.me/drop/5984,New Item
baby,프로실플러스 흉터관리스틱,"37,900",12.13 ~ 12.22,https://www.wishbunny.me/drop/5980,New Item
baby,뉴케어 마이키즈,"28,900",12.15 ~ 12.21,https://www.wishbunny.me/drop/5979,New Item
baby,다회용 실리콘 약병3P(케이스포함),"11,900",12.11 ~ 12.15,https://www.wishbunny.me/drop/5974,New Item
baby,콩딱 도어쿠션 & 자석 잠금장치,"15,300",12.05 ~ 12.07,https://www.wishbunny.me/drop/5972,New Item
baby,빌랭킷 국산 담요,"11,900",11.27 ~ 12.01,https://www.wishbunny.me/drop/5970,New Item
baby,구름블럭 아기 교구 장난감,"18,900",11.24 ~ 11.28,https://www.wishbunny.me/drop/5968,New Item
baby,채소 실리콘 장난감,"23,800",11.20 ~ 11.24,https://www.wishbunny.me/drop/5967,New Item
baby,케어백,"16,900",11.28 ~ 11.30,https://www.wishbunny.me/drop/5966,New Item
baby,스핀360 유모카,"288,000",11.27 ~ 11.30,https://www.wishbunny.me/drop/5965,New Item
baby,수면조끼,"20,700",11.24 ~ 11.27,https://www.wishbunny.me/drop/5964,New Item
baby,콧물흡입기,"126,000",11.24 ~ 11.28,https://www.wishbunny.me/drop/5963,New Item
baby,베베추피,"183,750",11.21 ~ 11.23,https://www.wishbunny.me/drop/5962,New Item
baby,사랑해보드북,"39,800",12.29 ~ 12.31,https://www.wishbunny.me/drop/5961,New Item
baby,네일트리머,"15,920",12.27 ~ 12.30,https://www.wishbunny.me/drop/5960,New Item
baby,아기가방,"179,000",12.26 ~ 12.26,https://www.wishbunny.me/drop/5959,New Item
baby,소형라벨지,"35,000",12.20 ~ 12.22,https://www.wishbunny.me/drop/5957,New Item
baby,네블라이저,"69,000",12.19 ~ 12.21,https://www.wishbunny.me/drop/5956,New Item
baby,베라수,"69,900",12.17 ~ 12.20,https://www.wishbunny.me/drop/5955,New Item
baby,베이비룸,"298,000",12.15 ~ 12.18,https://www.wishbunny.me/drop/5954,New Item
baby,롤팬,"89,900",12.13 ~ 12.16,https://www.wishbunny.me/drop/5953,New Item
baby,아기소독제,"29,500",12.22 ~ 12.24,https://www.wishbunny.me/drop/5952,New Item
baby,힙시트,"105,000",12.09 ~ 12.12,https://www.wishbunny.me/drop/5951,New Item
baby,약병,"11,900",12.08 ~ 12.12,https://www.wishbunny.me/drop/5950,New Item
baby,수면조끼,"20,700",12.08 ~ 12.11,https://www.wishbunny.me/drop/5949,New Item
baby,아기양말,"13,400",12.05 ~ 12.09,https://www.wishbunny.me/drop/5948,New Item
baby,똑쟁아기그림책_똑쟁낱말카드,"28,000",12.04 ~ 12.07,https://www.wishbunny.me/drop/5947,New Item
baby,로션&크리미오일&샴푸앤바스,"61,500",12.01 ~ 12.04,https://www.wishbunny.me/drop/5946,New Item
baby,백색소음기,"32,900",12.01 ~ 12.04,https://www.wishbunny.me/drop/5945,New Item
baby,깜공! 비비무 키즈 주니어 마스크 20개입,"7,000",11.16 ~ 11.23,https://www.wishbunny.me/drop/5938,New Item
baby,이키 유아 기획 베스타월,"22,500",12.22 ~ 12.28,https://www.wishbunny.me/drop/5935,New Item
baby,이키 수면조끼,"14,900",12.08 ~ 12.14,https://www.wishbunny.me/drop/5932,New Item
baby,터블발포세정제,N/A,11.26 ~ 11.27,https://www.wishbunny.me/drop/5931,New Item
baby,올인원 아기베개,"59,000",11.23 ~ 12.01,https://www.wishbunny.me/drop/5930,New Item
baby,실리콘 유아 교구 역할놀이 주방놀이 장난감채소,"23,800",11.18 ~ 11.21,https://www.wishbunny.me/drop/5926,New Item
baby,프렌즈 사운드북 SET,"99,000",11.17 ~ 11.20,https://www.wishbunny.me/drop/5925,New Item
baby,백색소음기,"32,900",11.13 ~ 11.16,https://www.wishbunny.me/drop/5924,New Item
baby,케어백3,"19,980",12.18 ~ 12.21,https://www.wishbunny.me/drop/5923,New Item
baby,베베스완 방탄조끼 아기띠,"224,000",12.04 ~ 12.07,https://www.wishbunny.me/drop/5922,New Item
baby,사파 무선 휴대용 DVD플레이어,"118,000",11.27 ~ 11.30,https://www.wishbunny.me/drop/5921,New Item
baby,휴대용 하이체어 업피,"99,000",11.25 ~ 11.27,https://www.wishbunny.me/drop/5920,New Item
baby,엔밀리밀리 링고링 +젤리볼 set,"18,900",11.19 ~ 11.21,https://www.wishbunny.me/drop/5919,New Item
baby,100도 휴대용 분유포트,"99,000",12.15 ~ 12.17,https://www.wishbunny.me/drop/5848,New Item
baby,[효도달력]아기얼굴 달력,"21,900",11.24 ~ 11.27,https://www.wishbunny.me/drop/5847,New Item
baby,베베코지 5초컷 휴대용 침대,"84,600",11.17 ~ 11.20,https://www.wishbunny.me/drop/5846,New Item
baby,알집매트(+베이비룸),"239,000",11.10 ~ 11.14,https://www.wishbunny.me/drop/5845,New Item
baby,베스로브(샤워가운)+터번,"42,000",11.10 ~ 11.13,https://www.wishbunny.me/drop/5844,New Item
baby,퍼기 유아 이유식 파우치 토퍼 고래캡 2P,N/A,11.07 ~ 11.09,https://www.wishbunny.me/drop/5841,New Item
baby,아티바바 도트 물감,"15,900",11.25 ~ 11.28,https://www.wishbunny.me/drop/5837,New Item
baby,곰돌이 원목 1단 책장,"29,700",11.24 ~ 11.28,https://www.wishbunny.me/drop/5835,New Item
baby,리라그루브 색연필 & 필기도구 세트,N/A,11.11 ~ 11.14,https://www.wishbunny.me/drop/5826,New Item
baby,베비몽 드라이빙백,"28,900",11.10 ~ 11.14,https://www.wishbunny.me/drop/5825,New Item
baby,뽀로로 사운드 카드,N/A,11.04 ~ 11.08,https://www.wishbunny.me/drop/5822,New Item
baby,세이폴 바운서,"65,000",11.13 ~ 11.16,https://www.wishbunny.me/drop/5804,New Item
baby,프랭클린,"15,900",11.11 ~ 11.14,https://www.wishbunny.me/drop/5802,New Item
baby,치폴로팝,"45,000",11.19 ~ 11.21,https://www.wishbunny.me/drop/5780,New Item
baby,요미몬 디즈니 USB,"14,900",11.10 ~ 11.13,https://www.wishbunny.me/drop/5772,New Item
baby,아가드 미아방지 태그,"9,500",11.20 ~ 11.23,https://www.wishbunny.me/drop/5764,New Item
baby,키펀 자일리톨 캔디,N/A,11.24 ~ 11.26,https://www.wishbunny.me/drop/5755,New Item
baby,아넬라퓨레&쌀과자 모음,"46,000",11.17 ~ 11.19,https://www.wishbunny.me/drop/5752,New Item
baby,"로션, 세럼, 비누 등","184,965",11.14 ~ 11.18,https://www.wishbunny.me/drop/5751,New Item
baby,원목교구 풀세트&원목주방놀이,N/A,11.13 ~ 11.15,https://www.wishbunny.me/drop/5750,New Item
baby,오가닉스 포리지,"12,500",11.06 ~ 11.08,https://www.wishbunny.me/drop/5748,New Item
baby,다이치 이지캐리3,N/A,11.18 ~ 11.21,https://www.wishbunny.me/drop/5729,New Item
baby,로보카 폴리 골라담기,"4,800",11.21 ~ 11.23,https://www.wishbunny.me/drop/5531,New Item
baby,봄달 블랭킷,N/A,11.11 ~ 11.14,https://www.wishbunny.me/drop/5509,New Item
baby,수면조끼,"29,900",11.07 ~ 11.09,https://www.wishbunny.me/drop/5451,New Item
baby,코넘 샤워핸들,"39,000",11.04 ~ 11.07,https://www.wishbunny.me/drop/5447,New Item
baby,마베비 이유식 워머,"77,000",11.03 ~ 11.06,https://www.wishbunny.me/drop/5446,New Item
baby,리뉴얼 아기 수면조끼,"20,900",11.19 ~ 11.23,https://www.wishbunny.me/drop/5444,New Item
baby,어뜌 기저귀백,"14,000",11.17 ~ 11.19,https://www.wishbunny.me/drop/5414,New Item
baby,봄달 겨울 블랭킷,"53,900",11.10 ~ 11.12,https://www.wishbunny.me/drop/5411,New Item
baby,폴레드 에어러브 웜,"49,000",11.06 ~ 11.09,https://www.wishbunny.me/drop/5410,New Item
baby,오맘 유모차 방한커버,N/A,11.05 ~ 11.07,https://www.wishbunny.me/drop/5409,New Item
baby,베베리얼 카시트 라이너,"44,000",11.25 ~ 11.28,https://www.wishbunny.me/drop/5404,New Item
baby,보드리 방수패드,N/A,11.12 ~ 11.16,https://www.wishbunny.me/drop/5399,New Item
baby,베이비앙 아기팬티 모음전,"8,900",11.05 ~ 11.09,https://www.wishbunny.me/drop/5398,New Item
baby,모이라비 유모차 핸드워머,"16,900",11.04 ~ 11.09,https://www.wishbunny.me/drop/5397,New Item
baby,하이 베러 밤부 네이처 기저귀,N/A,11.20 ~ 11.23,https://www.wishbunny.me/drop/5394,New Item
baby,코니스 샤워핸들,N/A,11.20 ~ 11.23,https://www.wishbunny.me/drop/5370,New Item
baby,코넘 휴대용 샤워핸들,"39,000",11.21 ~ 11.25,https://www.wishbunny.me/drop/5360,New Item
baby,르베르 스핀 360 유모카,"318,000",11.01 ~ 11.06,https://www.wishbunny.me/drop/5352,New Item
baby,어뜌 케어백,"19,980",11.28 ~ 11.30,https://www.wishbunny.me/drop/5351,New Item
baby,쑥쑥찰칵 2026년 달력,N/A,11.19 ~ 11.21,https://www.wishbunny.me/drop/5349,New Item
baby,코마존 스낵컵,N/A,11.12 ~ 11.15,https://www.wishbunny.me/drop/5346,New Item
baby,봄달 블랭킷,"32,900",11.25 ~ 11.28,https://www.wishbunny.me/drop/5340,New Item
baby,롤베이비 범퍼 침대,"202,000",11.05 ~ 11.09,https://www.wishbunny.me/drop/5334,New Item
baby,유모차 장갑 & 풋워머 & 비니,"25,500",11.03 ~ 11.05,https://www.wishbunny.me/drop/5333,New Item
baby,파스텔 버블 수면조끼,"29,900",11.27 ~ 11.30,https://www.wishbunny.me/drop/5316,New Item
baby,리바이온,"19,800",11.18 ~ 11.21,https://www.wishbunny.me/drop/5286,New Item
baby,베베코지 샤워핸들,"34,200",11.12 ~ 11.16,https://www.wishbunny.me/drop/5282,New Item
baby,비올란,"65,200",11.11 ~ 11.14,https://www.wishbunny.me/drop/5281,New Item
baby,히든키 액상 & 패치,"67,800",11.18 ~ 11.21,https://www.wishbunny.me/drop/5260,New Item
baby,베베스완 아기띠,"224,000",11.25 ~ 11.28,https://www.wishbunny.me/drop/5250,New Item
baby,키저스 유모차 모빌 & 장난감,N/A,11.21 ~ 11.23,https://www.wishbunny.me/drop/5248,New Item
baby,쑥쑥 찰칵 효도 달력,"21,900",11.19 ~ 11.22,https://www.wishbunny.me/drop/5246,New Item
baby,오우아 스튜디오 미술가운,"15,900",11.13 ~ 11.18,https://www.wishbunny.me/drop/5242,New Item
baby,휴대용 기저귀 패드,N/A,11.11 ~ 11.14,https://www.wishbunny.me/drop/5240,New Item
baby,베베시아 아기수전 & 샤워기,N/A,11.04 ~ 11.09,https://www.wishbunny.me/drop/5236,New Item
baby,아띠래빗 하이체어 방석,"28,900",11.25 ~ 12.08,https://www.wishbunny.me/drop/5232,New Item
baby,킨즈 뉴이 캐리어,"128,000",11.03 ~ 11.06,https://www.wishbunny.me/drop/5220,New Item
baby,구름블럭 아기 교구 장난감 대형 블럭,"18,900",11.10 ~ 11.13,https://www.wishbunny.me/drop/5211,New Item
baby,마이베이비북(칠교+전용백팩 증정),"49,800",11.07 ~ 11.11,https://www.wishbunny.me/drop/5210,New Item
baby,이유식 일회용 방수 턱받이 3set,"15,700",10.30 ~ 11.09,https://www.wishbunny.me/drop/5207,New Item
baby,폴레드 에어러브 웜,"49,000",11.17 ~ 11.20,https://www.wishbunny.me/drop/5201,New Item
baby,어뜌 케어백,"16,900",11.12 ~ 11.16,https://www.wishbunny.me/drop/5200,New Item
baby,카시트라이너,"44,000",11.19 ~ 11.22,https://www.wishbunny.me/drop/5183,New Item
baby,폴레드 휴대용 카시트 레이서,"189,000",11.14 ~ 11.16,https://www.wishbunny.me/drop/5180,New Item
baby,에디슨 에코젠 컵/에코젠 플레이트,"6,900",11.06 ~ 11.09,https://www.wishbunny.me/drop/5173,New Item
baby,이키 샤워가운,"24,000",11.17 ~ 11.21,https://www.wishbunny.me/drop/5165,New Item
baby,어뜌 케어백,N/A,11.09 ~ 11.11,https://www.wishbunny.me/drop/5162,New Item
baby,와일드벅스,N/A,11.18 ~ 11.21,https://www.wishbunny.me/drop/5145,New Item
baby,폴레드 온열시트,"46,000",11.28 ~ 12.01,https://www.wishbunny.me/drop/5122,New Item
baby,키들키들,"16,800",11.26 ~ 12.08,https://www.wishbunny.me/drop/5119,New Item
baby,베베스완,"224,000",11.15 ~ 11.18,https://www.wishbunny.me/drop/5110,New Item
baby,유모차 장갑,"16,900",11.14 ~ 11.18,https://www.wishbunny.me/drop/5109,New Item
baby,마베비 보틀 워머 / 이유식 워머,"79,000",11.12 ~ 11.18,https://www.wishbunny.me/drop/5107,New Item
baby,와이업 부스터,"46,300",11.04 ~ 11.07,https://www.wishbunny.me/drop/5100,New Item
baby,트라이크/ 캐리어,"128,000",11.03 ~ 11.22,https://www.wishbunny.me/drop/5099,New Item
baby,쭙 약병,"31,300",11.28 ~ 12.01,https://www.wishbunny.me/drop/5098,New Item
baby,아가드 미아방지 가방,"26,900",11.24 ~ 11.26,https://www.wishbunny.me/drop/5095,New Item
baby,원스윗 기저귀함,N/A,11.19 ~ 11.22,https://www.wishbunny.me/drop/5093,New Item
baby,아띠래빗 유모차 장갑,"16,900",11.05 ~ 11.07,https://www.wishbunny.me/drop/5084,New Item
baby,아이팜 디딤대 & 세면대 & 변기 커버,"48,900",11.06 ~ 11.09,https://www.wishbunny.me/drop/5064,New Item
baby,일루와 텐트 2차,"46,900",11.17 ~ 11.19,https://www.wishbunny.me/drop/5035,New Item
baby,EGG 유모차,"490,000",11.27 ~ 11.29,https://www.wishbunny.me/drop/5027,New Item
baby,원민우 교수님 우리아이 발달검사,N/A,11.24 ~ 11.24,https://www.wishbunny.me/drop/5019,New Item
baby,다이치 휴대용 카시트 이지캐리3,"235,000",11.06 ~ 11.08,https://www.wishbunny.me/drop/5014,New Item
baby,에어건,"69,800",11.29 ~ 12.10,https://www.wishbunny.me/drop/4986,New Item
baby,케피,"22,300",11.19 ~ 11.22,https://www.wishbunny.me/drop/4977,New Item
baby,리바이온 런칭,"19,800",11.18 ~ 11.22,https://www.wishbunny.me/drop/4976,New Item
baby,시크주니어 카시트,"199,000",11.03 ~ 11.07,https://www.wishbunny.me/drop/4963,New Item
baby,놋담,N/A,12.01 ~ 12.07,https://www.wishbunny.me/drop/4913,New Item
baby,쥬니토니,"13,200",11.07 ~ 11.09,https://www.wishbunny.me/drop/4905,New Item
baby,싱어롱,"120,000",11.05 ~ 11.09,https://www.wishbunny.me/drop/4904,New Item
baby,아기 울트라밍크 수면잠옷,N/A,11.11 ~ 11.14,https://www.wishbunny.me/drop/4900,New Item
baby,베베리얼 카시트 트레이,"21,600",11.12 ~ 11.14,https://www.wishbunny.me/drop/4888,New Item
baby,파스텔 버블 수면조끼,"29,900",11.11 ~ 11.13,https://www.wishbunny.me/drop/4887,New Item
baby,노부영 노베베 & 에릭칼 베리+베어,"265,000",11.24 ~ 11.27,https://www.wishbunny.me/drop/4853,New Item
baby,러빗 이유식기,"21,000",11.20 ~ 11.23,https://www.wishbunny.me/drop/4795,New Item
baby,르자당 트리,N/A,11.14 ~ 11.19,https://www.wishbunny.me/drop/4790,New Item
baby,야물야물,N/A,11.13 ~ 11.18,https://www.wishbunny.me/drop/4789,New Item
baby,베베모메,N/A,11.12 ~ 11.18,https://www.wishbunny.me/drop/4787,New Item
baby,또띵 메쉬 파우치,"59,400",12.29 ~ 12.31,https://www.wishbunny.me/drop/4747,New Item
baby,오플라 아기욕조,"52,900",12.02 ~ 12.05,https://www.wishbunny.me/drop/4732,New Item
baby,어뜌 케어백,"16,900",11.24 ~ 11.27,https://www.wishbunny.me/drop/4725,New Item
baby,이몽 밍크퍼 워머 + 유모차 장갑,"59,500",11.20 ~ 11.23,https://www.wishbunny.me/drop/4723,New Item
baby,프롬유 샤워핸들,"59,800",11.17 ~ 11.19,https://www.wishbunny.me/drop/4719,New Item
baby,스윙베베 그네,N/A,11.07 ~ 11.10,https://www.wishbunny.me/drop/4711,New Item
baby,요놈요놈 이유식 스푼,N/A,11.04 ~ 11.07,https://www.wishbunny.me/drop/4708,New Item
baby,에그스쿨 유치원 / 초등,"1,488,000",11.06 ~ 11.10,https://www.wishbunny.me/drop/4703,New Item
baby,크리스마스 레고 켈린더,"39,200",11.26 ~ 12.08,https://www.wishbunny.me/drop/4648,New Item
baby,비판텐 외 10종,N/A,11.29 ~ 11.30,https://www.wishbunny.me/drop/4639,New Item
baby,달로티 프리미엄 기저귀백팩,"47,240",11.12 ~ 11.30,https://www.wishbunny.me/drop/4621,New Item
baby,에디슨 휴대용분유포트,"77,900",11.13 ~ 11.27,https://www.wishbunny.me/drop/4620,New Item
baby,26년 뉴이 키즈캐리어 품절시 조기마감,"128,000",11.01 ~ 11.22,https://www.wishbunny.me/drop/4618,New Item
baby,물노리 실리콘 주방놀이 채소장난감,"23,800",11.01 ~ 11.30,https://www.wishbunny.me/drop/4617,New Item
baby,곡물도자기 식판 보울 컵,"20,000",10.30 ~ 11.02,https://www.wishbunny.me/drop/4616,New Item
baby,봄봄매트 & 베이비룸,"179,000",11.25 ~ 12.01,https://www.wishbunny.me/drop/4594,New Item
baby,스텐팟 가습기,"299,000",11.18 ~ 11.24,https://www.wishbunny.me/drop/4593,New Item
baby,업피,"99,000",11.11 ~ 11.14,https://www.wishbunny.me/drop/4591,New Item
baby,수면조끼,"20,700",11.05 ~ 11.08,https://www.wishbunny.me/drop/4590,New Item
baby,아크미 자기주도이유식 턱받이 흡착 매트 긴팔set,"39,400",12.16 ~ 12.18,https://www.wishbunny.me/drop/4589,New Item
baby,베베스완 아기띠,"224,000",12.08 ~ 12.11,https://www.wishbunny.me/drop/4588,New Item
baby,에디슨 모음전(에코젠플레이트 외),"6,900",11.10 ~ 11.12,https://www.wishbunny.me/drop/4586,New Item
baby,롤베이비 원형 아기 매트,N/A,12.15 ~ 12.18,https://www.wishbunny.me/drop/4583,New Item
baby,데코아르 전동멀티 세척솔,"19,900",12.01 ~ 12.03,https://www.wishbunny.me/drop/4580,New Item
baby,부담제로 임산부 샴푸,"15,900",11.17 ~ 11.19,https://www.wishbunny.me/drop/4575,New Item
baby,베베스완 V5 아기띠,"206,000",11.01 ~ 11.04,https://www.wishbunny.me/drop/4574,New Item
baby,한일 콧물흡입기,"218,900",11.03 ~ 11.05,https://www.wishbunny.me/drop/4566,New Item
baby,페이크목폴라,"3,900",11.03 ~ 11.09,https://www.wishbunny.me/drop/4564,New Item
baby,조구만 핫팩 미니핫팩 대형핫팩,"9,900",11.03 ~ 11.09,https://www.wishbunny.me/drop/4563,New Item
baby,소중한습관 피니셔 폼&패드,"19,900",11.01 ~ 11.05,https://www.wishbunny.me/drop/4562,New Item
baby,소중한습관 물티슈 캡&휴대용,"14,900",11.01 ~ 11.05,https://www.wishbunny.me/drop/4561,New Item
baby,맥킹덤 맥타일즈,"59,000",11.01 ~ 11.05,https://www.wishbunny.me/drop/4560,New Item
baby,업피(아기침대+역방쿠+하이체어 3in 1),"99,000",10.29 ~ 10.30,https://www.wishbunny.me/drop/4556,New Item
baby,플라워가든&오션월드,"20,500",11.05 ~ 11.06,https://www.wishbunny.me/drop/4553,New Item
baby,미니자석블럭(휴대용),"19,500",11.02 ~ 11.03,https://www.wishbunny.me/drop/4552,New Item
baby,주니 빨대컵 (2세대 자기주도 물컵+2세대 자기주도 빨대컵),"7,900",11.28 ~ 11.30,https://www.wishbunny.me/drop/4550,New Item
baby,키저스 플레이 베베 유모차모빌 / 키저스 아이큐 멜로디폰,"22,900",11.13 ~ 11.15,https://www.wishbunny.me/drop/4545,New Item
baby,턱받이 세트,"26,390",11.10 ~ 11.12,https://www.wishbunny.me/drop/4544,New Item
baby,스푼타임 알러지테스트 키트 (스푼타임 프렙 4종 / 스푼타임 10종),"22,900",11.07 ~ 11.09,https://www.wishbunny.me/drop/4543,New Item
baby,키즈마일 이유식기(리틀클라우드 흡착식판+흡착볼세트 / 리틀클라우드 꿀단지 멀티 빨대컵 / 퍼기 곰돌이 주기주도 스파우트 멀티컵 / 아띠래빗 아기 곰 흡착볼),"20,900",11.03 ~ 11.06,https://www.wishbunny.me/drop/4542,New Item
baby,가연맘X키즈망고,"16,000",11.19 ~ 11.23,https://www.wishbunny.me/drop/4537,New Item
baby,가연맘X그로그로잉 휴대용 미니자석 타일 40pcs,"19,900",11.12 ~ 11.15,https://www.wishbunny.me/drop/4536,New Item
baby,코리인제이아일랜드 유아동청결제 & 로션,"17,900",11.17 ~ 11.23,https://www.wishbunny.me/drop/4521,New Item
baby,프로실플러스 흉터관리스틱,"37,900",11.15 ~ 11.24,https://www.wishbunny.me/drop/4519,New Item
baby,뉴케어 마이키즈,"28,900",11.10 ~ 11.16,https://www.wishbunny.me/drop/4516,New Item
baby,바이오메라 프로바이오틱스,"79,800",12.15 ~ 12.21,https://www.wishbunny.me/drop/4510,New Item
baby,프로실플러스 흉터관리스틱,"37,900",10.20 ~ 10.27,https://www.wishbunny.me/drop/4507,New Item
baby,마이키즈 5차,"28,900",11.17 ~ 11.24,https://www.wishbunny.me/drop/4492,New Item
baby,패밀리크림 1Box+ 듀오크림 1Box,"43,900",11.13 ~ 11.17,https://www.wishbunny.me/drop/4491,New Item
baby,자일리톨 무설탕 캔디 9봉지,"22,500",11.10 ~ 11.14,https://www.wishbunny.me/drop/4490,New Item
baby,휴대용 미니자석타일 40pcs+틴케이스,"19,900",10.30 ~ 11.02,https://www.wishbunny.me/drop/4487,New Item
baby,만능 트래블백,"19,900",10.27 ~ 10.30,https://www.wishbunny.me/drop/4486,New Item
baby,NEW 뉴이 키즈 캐리어 트라이크,"138,000",10.25 ~ 10.31,https://www.wishbunny.me/drop/4485,New Item
baby,대호토이즈 전동푸쉬카,"299,000",11.10 ~ 11.12,https://www.wishbunny.me/drop/4476,New Item
baby,물노리 실리콘 주방놀이 채소장난감,"23,800",10.20 ~ 10.31,https://www.wishbunny.me/drop/4468,New Item
baby,르베르 스핀 360,"288,000",10.20 ~ 10.31,https://www.wishbunny.me/drop/4467,New Item
baby,토츠 독서대,"37,900",11.20 ~ 11.23,https://www.wishbunny.me/drop/4465,New Item
baby,헤이홈 홈캠,"54,000",11.17 ~ 11.19,https://www.wishbunny.me/drop/4464,New Item
baby,엄마랑 아기랑 프리미엄 살균 소독제,N/A,11.10 ~ 11.13,https://www.wishbunny.me/drop/4463,New Item
baby,에디슨 에코젠 유아식기 모음전,"6,900",11.06 ~ 11.09,https://www.wishbunny.me/drop/4462,New Item
baby,"노버블 아기,키즈 청결제","17,900",11.03 ~ 11.06,https://www.wishbunny.me/drop/4461,New Item
baby,탁가온 에코젠,"7,800",10.30 ~ 11.02,https://www.wishbunny.me/drop/4457,New Item
baby,라비킷 방수패드 + 두상베개,"39,900",11.13 ~ 11.19,https://www.wishbunny.me/drop/4455,New Item
baby,미아방지스마트태그,"42,900",11.10 ~ 11.14,https://www.wishbunny.me/drop/4449,New Item
baby,울리페인트스틱,"7,400",11.06 ~ 11.10,https://www.wishbunny.me/drop/4448,New Item
baby,플레이테이블,"66,000",11.04 ~ 11.07,https://www.wishbunny.me/drop/4447,New Item
baby,하뚱창의가득 미술놀이,"52,000",10.30 ~ 11.02,https://www.wishbunny.me/drop/4446,New Item
baby,요리조리푸드코트주방놀이,"34,000",10.22 ~ 10.26,https://www.wishbunny.me/drop/4444,New Item
baby,마이키즈,"28,900",10.20 ~ 10.27,https://www.wishbunny.me/drop/4443,New Item
baby,매직맥타일즈 자석블럭,"59,000",10.15 ~ 10.25,https://www.wishbunny.me/drop/4442,New Item
baby,두리 콧물 흡입기,"239,000",10.20 ~ 10.22,https://www.wishbunny.me/drop/4427,New Item
baby,닥터노아 치약칫솔,"6,730",10.20 ~ 10.22,https://www.wishbunny.me/drop/4426,New Item
baby,닥터노아 워시,"18,280",10.20 ~ 10.22,https://www.wishbunny.me/drop/4425,New Item
baby,베리네이처 해산물,"8,190",10.21 ~ 10.23,https://www.wishbunny.me/drop/4424,New Item
baby,베리네이처 소고기,"29,920",10.21 ~ 10.23,https://www.wishbunny.me/drop/4423,New Item
baby,라온킴 야채큐브,N/A,10.17 ~ 10.19,https://www.wishbunny.me/drop/4422,New Item
baby,에디슨 모음전,N/A,11.13 ~ 11.16,https://www.wishbunny.me/drop/4356,New Item
baby,봄달 블랭킷,N/A,11.13 ~ 11.15,https://www.wishbunny.me/drop/4355,New Item
baby,니가드 카시트발받침대,"62,000",10.25 ~ 11.02,https://www.wishbunny.me/drop/4350,New Item
baby,스마일핫팩,"6,500",10.13 ~ 10.19,https://www.wishbunny.me/drop/4346,New Item
baby,니가드 카시트발받침대,"62,000",10.10 ~ 10.19,https://www.wishbunny.me/drop/4345,New Item
baby,베베네스트 구름 블럭,"18,900",10.27 ~ 10.31,https://www.wishbunny.me/drop/4344,New Item
baby,오사닛캔디,N/A,10.13 ~ 10.15,https://www.wishbunny.me/drop/4341,New Item
baby,베베추피 - 아기 추피의 생활이야기,"183,750",11.27 ~ 11.30,https://www.wishbunny.me/drop/4340,New Item
baby,구딩 휴대용 콧물흡입기,"126,000",11.18 ~ 11.20,https://www.wishbunny.me/drop/4339,New Item
baby,아오라 투명 장난감 정리함,"12,000",11.14 ~ 11.17,https://www.wishbunny.me/drop/4338,New Item
baby,콕콕콕 사운드벽보,"32,500",11.06 ~ 11.09,https://www.wishbunny.me/drop/4336,New Item
baby,르베르 스핀 360 유모카,"288,000",11.03 ~ 11.06,https://www.wishbunny.me/drop/4335,New Item
baby,올리올리123 첫 수학동화,"79,000",11.01 ~ 11.04,https://www.wishbunny.me/drop/4334,New Item
baby,에듀플레이어,"69,800",10.30 ~ 11.03,https://www.wishbunny.me/drop/4333,New Item
baby,어뜌 케어백,"16,900",10.23 ~ 10.26,https://www.wishbunny.me/drop/4332,New Item
baby,헤이홈 홈카메라,"52,000",10.20 ~ 10.22,https://www.wishbunny.me/drop/4330,New Item
baby,체리앤해리 플레이 러그,"45,000",10.20 ~ 10.22,https://www.wishbunny.me/drop/4329,New Item
baby,26년 뉴이 키즈 캐리어,"149,800",10.15 ~ 10.24,https://www.wishbunny.me/drop/4320,New Item
baby,맥킹덤 맥타일즈 3종,"59,000",10.15 ~ 10.19,https://www.wishbunny.me/drop/4318,New Item
baby,퍼기 샤워핸들,"56,900",10.15 ~ 10.19,https://www.wishbunny.me/drop/4316,New Item
baby,라무르 피부관리 모음전,"212,320",11.04 ~ 11.06,https://www.wishbunny.me/drop/4314,New Item
baby,베테랑대디 샤워핸들,"39,000",10.28 ~ 10.31,https://www.wishbunny.me/drop/4313,New Item
baby,탈로티 기저귀 가방,"47,240",10.21 ~ 10.24,https://www.wishbunny.me/drop/4312,New Item
baby,튤립 사운드북,"34,650",10.14 ~ 10.19,https://www.wishbunny.me/drop/4311,New Item
baby,이몽 아기외출커버,"26,900",10.23 ~ 10.26,https://www.wishbunny.me/drop/4301,New Item
baby,어뜌 케어백,"16,900",10.16 ~ 10.19,https://www.wishbunny.me/drop/4299,New Item
baby,꿈잉 러닝타워,"100,000",10.15 ~ 10.17,https://www.wishbunny.me/drop/4297,New Item
baby,밤비노루크,"349,000",10.20 ~ 10.23,https://www.wishbunny.me/drop/4291,New Item
baby,하쥬르 카시트 트레이,"36,000",10.16 ~ 10.19,https://www.wishbunny.me/drop/4211,New Item
baby,실리콘 약병 쭙,"52,900",10.20 ~ 10.23,https://www.wishbunny.me/drop/4195,New Item
baby,미아방지 치폴로,"45,000",10.18 ~ 10.22,https://www.wishbunny.me/drop/4180,New Item
baby,소중한습관 비데티슈,"18,900",10.14 ~ 10.18,https://www.wishbunny.me/drop/4150,New Item
baby,소중한습관 피니셔폼&패드,"19,900",10.14 ~ 10.18,https://www.wishbunny.me/drop/4149,New Item
baby,소중한습관 물티슈 캡&휴대용,"24,800",10.13 ~ 10.18,https://www.wishbunny.me/drop/4148,New Item
baby,니가드키즈4 카시트발판,"62,500",10.13 ~ 10.20,https://www.wishbunny.me/drop/4147,New Item
baby,이쯔포포 변신소파,"89,000",10.27 ~ 10.31,https://www.wishbunny.me/drop/4146,New Item
baby,프레벨롱 골라담기,"4,300",10.23 ~ 10.26,https://www.wishbunny.me/drop/4145,New Item
baby,우디푸디 주방놀이,"44,000",10.20 ~ 10.22,https://www.wishbunny.me/drop/4144,New Item
baby,가시없는 순살 생선,"22,000",10.16 ~ 10.19,https://www.wishbunny.me/drop/4143,New Item
baby,쌀빵 모음전,"24,900",10.13 ~ 10.15,https://www.wishbunny.me/drop/4142,New Item
baby,"프라젠트라 튼살크림 크림, 오일","29,900",10.24 ~ 10.27,https://www.wishbunny.me/drop/4141,New Item
baby,일상유희 임산부 바디필로우,"66,100",10.20 ~ 10.22,https://www.wishbunny.me/drop/4140,New Item
baby,리뗀클로르 아기 트롤리,"46,800",10.16 ~ 10.17,https://www.wishbunny.me/drop/4139,New Item
baby,세이펜 레인온펜/태극펜 사은품 6종,"139,000",10.10 ~ 10.16,https://www.wishbunny.me/drop/4135,New Item
baby,코코지,"39,900",10.22 ~ 10.26,https://www.wishbunny.me/drop/4127,New Item
baby,베베스완 아기띠,N/A,10.13 ~ 10.15,https://www.wishbunny.me/drop/4124,New Item
baby,휴대용 트라이크 트래블러M,N/A,10.13 ~ 10.15,https://www.wishbunny.me/drop/4123,New Item
baby,JVR 모노아이 트라이탄 물병,N/A,10.10 ~ 10.14,https://www.wishbunny.me/drop/4114,New Item
baby,어뜌 케어백 1+1,"16,900",10.31 ~ 11.02,https://www.wishbunny.me/drop/4093,New Item
baby,올바름,N/A,10.16 ~ 10.19,https://www.wishbunny.me/drop/4045,New Item
baby,우리아이 최고의 선택,"56,000",10.15 ~ 10.19,https://www.wishbunny.me/drop/4044,New Item
baby,푸드캐쳐 캐치,"59,400",10.27 ~ 10.30,https://www.wishbunny.me/drop/4027,New Item
baby,쭙 약병,"31,300",10.10 ~ 10.12,https://www.wishbunny.me/drop/4024,New Item
baby,베베 라팡 헤어 비즈,N/A,10.15 ~ 10.19,https://www.wishbunny.me/drop/4008,New Item
baby,리틀펄리,"44,000",10.13 ~ 10.17,https://www.wishbunny.me/drop/3999,New Item
baby,이몽 기저귀가방 & 패드,"29,500",10.29 ~ 10.31,https://www.wishbunny.me/drop/3973,New Item
baby,케이베어 겨울특집,"17,550",10.30 ~ 11.02,https://www.wishbunny.me/drop/3932,New Item
baby,스낵컵 흘림방지 실리콘 양손집이 스트랩,N/A,10.29 ~ 11.01,https://www.wishbunny.me/drop/3873,New Item
baby,아가드 하이체어,"99,000",10.13 ~ 10.19,https://www.wishbunny.me/drop/3867,New Item
baby,파스텔 버블 수면조끼,"29,900",10.09 ~ 10.12,https://www.wishbunny.me/drop/3858,New Item
baby,아기 이키 수면조끼,"23,000",10.16 ~ 10.20,https://www.wishbunny.me/drop/3841,New Item
baby,리뗀클로르 턱받이,"10,900",10.21 ~ 10.22,https://www.wishbunny.me/drop/3809,New Item
baby,엠오오 손목보호대,"26,900",10.20 ~ 10.23,https://www.wishbunny.me/drop/3789,New Item
baby,폴레드 온열시트,"49,000",10.24 ~ 10.29,https://www.wishbunny.me/drop/3780,New Item
baby,접이식 힙시트,"30,800",10.22 ~ 10.26,https://www.wishbunny.me/drop/3778,New Item
baby,다이치 유모차,"359,000",10.20 ~ 10.22,https://www.wishbunny.me/drop/3776,New Item
baby,마베비 샤워핸들,"38,900",10.22 ~ 10.24,https://www.wishbunny.me/drop/3763,New Item
baby,르베르 스핀 360도,"288,000",10.20 ~ 10.22,https://www.wishbunny.me/drop/3761,New Item
baby,아크미 가운,"16,900",10.21 ~ 10.23,https://www.wishbunny.me/drop/3753,New Item
baby,카시트 커버 1+1,"59,000",10.20 ~ 10.22,https://www.wishbunny.me/drop/3744,New Item
baby,코넘 샤워핸들,"39,000",10.30 ~ 11.02,https://www.wishbunny.me/drop/3735,New Item
baby,워너홈 분유쉐이커,"39,000",10.16 ~ 10.19,https://www.wishbunny.me/drop/3676,New Item
baby,누비앤타보 휴대용 아기침대+하이체어 UPPY(업피),"99,000",10.09 ~ 10.13,https://www.wishbunny.me/drop/3675,New Item
baby,쭙 실리콘 약병,"31,300",10.24 ~ 10.26,https://www.wishbunny.me/drop/3608,New Item
baby,에그스쿨,"67,000",10.01 ~ 10.12,https://www.wishbunny.me/drop/3593,New Item
baby,아가드 스마트태그 / 미아방지가방,"9,500",10.08 ~ 10.12,https://www.wishbunny.me/drop/3583,New Item
baby,쭙 다회용 실리콘 약병,"31,300",10.13 ~ 10.15,https://www.wishbunny.me/drop/3513,New Item
baby,푸드트리 유아반찬,N/A,10.09 ~ 10.12,https://www.wishbunny.me/drop/3484,New Item
baby,라비킷 유아베개,N/A,10.02 ~ 10.08,https://www.wishbunny.me/drop/3480,New Item
baby,매튜반플릿,N/A,10.31 ~ 10.30,https://www.wishbunny.me/drop/3479,New Item
baby,러닝리소스,N/A,10.30 ~ 11.04,https://www.wishbunny.me/drop/3478,New Item
baby,플레이조이 트래블백,N/A,10.20 ~ 10.22,https://www.wishbunny.me/drop/3473,New Item
baby,에이블 코지쉘 트라이크,"368,000",10.15 ~ 10.19,https://www.wishbunny.me/drop/3469,New Item
baby,봄달 블랭킷,N/A,10.02 ~ 10.04,https://www.wishbunny.me/drop/3462,New Item
baby,몰폰북,"5,900",10.28 ~ 10.31,https://www.wishbunny.me/drop/3459,New Item
baby,"보이보이 모음전 ( 아기체육관, 하트링, 토끼폰 )","17,900",10.10 ~ 10.14,https://www.wishbunny.me/drop/3457,New Item
baby,베베스완 방탄조끼 아기띠,"224,000",10.28 ~ 10.31,https://www.wishbunny.me/drop/3456,New Item
baby,하쥬르 카시트 트레이,"36,000",10.30 ~ 11.02,https://www.wishbunny.me/drop/3449,New Item
baby,울리 페인트 스틱,"7,400",10.27 ~ 10.29,https://www.wishbunny.me/drop/3448,New Item
baby,어뜌 케어백 시즌3,"19,980",10.24 ~ 10.26,https://www.wishbunny.me/drop/3447,New Item
baby,아띠래빗 아기의자 방석,"28,900",10.20 ~ 10.23,https://www.wishbunny.me/drop/3444,New Item
baby,시니맘 슬림햄,N/A,10.15 ~ 10.19,https://www.wishbunny.me/drop/3384,New Item
baby,니가드키즈 카시트 발판,"62,500",10.19 ~ 10.22,https://www.wishbunny.me/drop/3381,New Item
baby,베베리얼 방수라이너,"44,000",10.29 ~ 11.01,https://www.wishbunny.me/drop/3326,New Item
baby,치폴로팝 미아방지,"45,000",10.28 ~ 10.30,https://www.wishbunny.me/drop/3325,New Item
baby,다이치 이지캐리3 휴대용 카시트,N/A,10.28 ~ 10.30,https://www.wishbunny.me/drop/3324,New Item
baby,코넘 휴대용 아기비데,"39,000",10.24 ~ 10.26,https://www.wishbunny.me/drop/3322,New Item
baby,하쥬르 카시트 트레이,"36,000",10.27 ~ 10.29,https://www.wishbunny.me/drop/3299,New Item
baby,디어커스 팝콘백,"36,500",10.20 ~ 10.24,https://www.wishbunny.me/drop/3283,New Item
baby,이몽 사계절 워머,"31,900",10.15 ~ 10.19,https://www.wishbunny.me/drop/3280,New Item
baby,휴대용 살균기 쪼비티더,"53,000",10.15 ~ 10.17,https://www.wishbunny.me/drop/3279,New Item
baby,다이치 이지캐리3 휴대용 카시트,N/A,10.21 ~ 10.24,https://www.wishbunny.me/drop/3267,New Item
baby,닥터노아 역대급 골라담기 구성,"66,300",10.30 ~ 11.02,https://www.wishbunny.me/drop/3261,New Item
baby,다누엔 기능성 실내화,"33,540",10.13 ~ 10.15,https://www.wishbunny.me/drop/3224,New Item
baby,피코 미아방지 목걸이,N/A,10.02 ~ 10.05,https://www.wishbunny.me/drop/3199,New Item
baby,베베누보 발열매트,"48,900",10.22 ~ 10.25,https://www.wishbunny.me/drop/3196,New Item
baby,아티바바 실리콘 블록,"23,800",10.13 ~ 10.16,https://www.wishbunny.me/drop/3194,New Item
baby,베베스완 방탄조끼 아기띠,"206,000",09.29 ~ 09.30,https://www.wishbunny.me/drop/3179,New Item
baby,노르딕슬립 이불,"87,000",10.23 ~ 10.26,https://www.wishbunny.me/drop/3162,New Item
baby,요뇸요뇸 스푼,N/A,10.20 ~ 10.23,https://www.wishbunny.me/drop/3134,New Item
baby,모롤리 힙시트 더베러백,"105,000",10.16 ~ 10.19,https://www.wishbunny.me/drop/3133,New Item
baby,하쥬르 카시트 트레이,"36,000",10.22 ~ 10.24,https://www.wishbunny.me/drop/3125,New Item
baby,아이팜 욕실템 모음전,N/A,10.16 ~ 10.18,https://www.wishbunny.me/drop/3122,New Item
baby,캠캠 코펜하겐 기저귀 매트 & 보관함,"49,500",10.13 ~ 10.16,https://www.wishbunny.me/drop/3120,New Item
baby,롤베이비 스와들,"24,800",10.28 ~ 10.31,https://www.wishbunny.me/drop/3112,New Item
baby,봄달 블랭킷,N/A,10.20 ~ 10.23,https://www.wishbunny.me/drop/3108,New Item
baby,어뜌 케어백,"14,000",10.13 ~ 10.16,https://www.wishbunny.me/drop/3105,New Item
baby,"사다리,공중그네, 아기그네","58,500",10.20 ~ 10.22,https://www.wishbunny.me/drop/3100,New Item
baby,어뜌 케어백,"14,000",10.10 ~ 10.12,https://www.wishbunny.me/drop/2736,New Item
baby,르베르 스핀 360,"288,000",10.28 ~ 10.31,https://www.wishbunny.me/drop/2735,New Item
baby,아가드 하이체어,"139,000",10.22 ~ 10.26,https://www.wishbunny.me/drop/2734,New Item
baby,요놈요놈 이유식 스푼,N/A,10.21 ~ 10.24,https://www.wishbunny.me/drop/2733,New Item
baby,즙슐랭,"22,500",10.16 ~ 10.20,https://www.wishbunny.me/drop/2731,New Item
baby,아티바바 실리콘 블럭,N/A,10.03 ~ 10.07,https://www.wishbunny.me/drop/2728,New Item
baby,니가드키즈 카시트발판,N/A,09.15 ~ 09.30,https://www.wishbunny.me/drop/2681,New Item
baby,키도러블 실리콘 약병,"11,900",09.26 ~ 10.03,https://www.wishbunny.me/drop/2680,New Item
baby,에디슨 휴대용분유포트,"77,900",09.27 ~ 10.07,https://www.wishbunny.me/drop/2679,New Item
baby,맘스나이아드,"39,500",09.27 ~ 09.28,https://www.wishbunny.me/drop/2674,New Item
baby,블로우 보온보냉백팩,"99,000",09.26 ~ 09.28,https://www.wishbunny.me/drop/2670,New Item
baby,어뜌 케어백,"16,900",09.25 ~ 09.28,https://www.wishbunny.me/drop/2669,New Item
baby,세이펜,"139,000",09.22 ~ 09.28,https://www.wishbunny.me/drop/2667,New Item
baby,코니스 이지샤워핸들,N/A,09.22 ~ 09.25,https://www.wishbunny.me/drop/2666,New Item
baby,"제트피규어 조류,곤충","4,400",09.22 ~ 09.24,https://www.wishbunny.me/drop/2659,New Item
baby,제트피규어 해양,"8,900",09.22 ~ 09.24,https://www.wishbunny.me/drop/2658,New Item
baby,제트피규어 동물,"5,900",09.22 ~ 09.24,https://www.wishbunny.me/drop/2657,New Item
baby,제트피규어 - 공룡,"12,900",09.22 ~ 09.24,https://www.wishbunny.me/drop/2656,New Item
baby,썸머때치 & 모기때치,"9,900",09.23 ~ 09.27,https://www.wishbunny.me/drop/2655,New Item
baby,추석 의류 스티커,N/A,09.23 ~ 09.24,https://www.wishbunny.me/drop/2654,New Item
baby,스트라이더,"153,000",09.24 ~ 09.26,https://www.wishbunny.me/drop/2653,New Item
baby,맘스보드,"117,900",09.22 ~ 09.24,https://www.wishbunny.me/drop/2651,New Item
baby,모롤리 베어허그 힙시트사이드백,"105,000",10.13 ~ 10.17,https://www.wishbunny.me/drop/2647,New Item
baby,MiLi 미아방지 스마트태그,"15,000",09.27 ~ 09.30,https://www.wishbunny.me/drop/2646,New Item
baby,탁가온 네모 유아스푼 특가 ! 단 7시간동안 진행 !,"11,000",09.19 ~ 09.19,https://www.wishbunny.me/drop/2645,New Item
baby,튤립 사운드북,N/A,09.25 ~ 09.28,https://www.wishbunny.me/drop/2642,New Item
baby,사파 dvd 플레이어,"118,000",09.28 ~ 10.02,https://www.wishbunny.me/drop/2640,New Item
baby,야물야물 그림책,"77,000",09.18 ~ 09.21,https://www.wishbunny.me/drop/2633,New Item
baby,피에스타 주방놀이&마켓놀이,"52,800",09.19 ~ 09.21,https://www.wishbunny.me/drop/2632,New Item
baby,드시모네 모음전,N/A,09.15 ~ 09.19,https://www.wishbunny.me/drop/2630,New Item
baby,제트피규어,"229,000",09.17 ~ 09.21,https://www.wishbunny.me/drop/2629,New Item
baby,와우펜,"9,800",09.26 ~ 09.29,https://www.wishbunny.me/drop/2628,New Item
baby,리빙디노 미끄럼방지제,"34,900",09.25 ~ 09.28,https://www.wishbunny.me/drop/2626,New Item
baby,코코지 한글날 기획전,"30,500",09.18 ~ 09.20,https://www.wishbunny.me/drop/2622,New Item
baby,다원 몬테소리 꼭지원기둥 5구&색원기둥 5구,"159,000",09.11 ~ 09.15,https://www.wishbunny.me/drop/2616,New Item
baby,플레이조이 착착 스토리지,N/A,09.08 ~ 09.11,https://www.wishbunny.me/drop/2615,New Item
baby,레벨릭스 마이크로 자석 퍼즐 블럭,"18,000",09.25 ~ 09.28,https://www.wishbunny.me/drop/2613,New Item
baby,한일 의료용 아기 콧물 흡입기,N/A,09.21 ~ 09.23,https://www.wishbunny.me/drop/2611,New Item
baby,마이바디,"79,200",09.25 ~ 09.28,https://www.wishbunny.me/drop/2597,New Item
baby,케피 버블 클렌저,"39,900",09.11 ~ 09.14,https://www.wishbunny.me/drop/2593,New Item
baby,만능멸치야채,N/A,09.24 ~ 09.26,https://www.wishbunny.me/drop/2590,New Item
baby,몽클 천연 클레이,N/A,09.09 ~ 09.14,https://www.wishbunny.me/drop/2580,New Item
baby,하쥬르 카시트 트레이,"36,000",09.09 ~ 09.10,https://www.wishbunny.me/drop/2579,New Item
baby,그로그로잉 미니 자석 타일,"19,900",09.19 ~ 09.22,https://www.wishbunny.me/drop/2575,New Item
baby,튤립/봉봉 사운드북,"16,000",09.18 ~ 09.21,https://www.wishbunny.me/drop/2574,New Item
baby,니가드키즈4 카시트발판,"62,500",09.15 ~ 09.18,https://www.wishbunny.me/drop/2573,New Item
baby,퍼스트100,"34,900",09.11 ~ 09.14,https://www.wishbunny.me/drop/2572,New Item
baby,클린디 칫솔살균기 (윈디/트윈디),"28,500",09.08 ~ 09.11,https://www.wishbunny.me/drop/2571,New Item
baby,튤립 사운드북,"30,900",09.08 ~ 09.14,https://www.wishbunny.me/drop/2570,New Item
baby,브루더 장난감,"63,000",09.11 ~ 09.14,https://www.wishbunny.me/drop/2569,New Item
baby,맘스나이아드,"39,500",09.08 ~ 09.11,https://www.wishbunny.me/drop/2568,New Item
baby,어뜌 콩딱,"15,300",09.30 ~ 10.03,https://www.wishbunny.me/drop/2566,New Item
baby,도로매트 놀이매트,"26,900",09.24 ~ 09.30,https://www.wishbunny.me/drop/2565,New Item
baby,추피의생활이야기 한글판 (전179종),"178,500",09.22 ~ 09.25,https://www.wishbunny.me/drop/2563,New Item
baby,꼬비 휴대용 미니 자석 블럭,"19,500",09.20 ~ 09.22,https://www.wishbunny.me/drop/2562,New Item
baby,미니 깜찍 팝업북 전12권 세트,"31,850",09.19 ~ 09.21,https://www.wishbunny.me/drop/2561,New Item
baby,세상에서 가장 쉽고 재미있는 그리기 스케치북 3종 세트,"21,000",09.18 ~ 09.20,https://www.wishbunny.me/drop/2560,New Item
baby,세상에서 가장 쉽고 재미있는 종이접기 스케치북 세트,"21,000",09.18 ~ 09.20,https://www.wishbunny.me/drop/2559,New Item
baby,내 친구 빠방이 손잡이 놀이책 2종,"9,900",09.17 ~ 09.20,https://www.wishbunny.me/drop/2557,New Item
baby,콕콕콕 사운드북,"59,850",09.16 ~ 09.17,https://www.wishbunny.me/drop/2556,New Item
baby,세이펜,"139,000",09.15 ~ 09.17,https://www.wishbunny.me/drop/2555,New Item
baby,맥킹덤 마그네틱 탱그램,"13,900",09.15 ~ 09.21,https://www.wishbunny.me/drop/2554,New Item
baby,뽀로로 사운드 카드,"13,500",09.11 ~ 09.15,https://www.wishbunny.me/drop/2552,New Item
baby,그레이트북스 이솝우화,"49,800",09.18 ~ 09.25,https://www.wishbunny.me/drop/2550,New Item
baby,리라그루브 색연필 필기도구세트,"36,900",09.09 ~ 09.12,https://www.wishbunny.me/drop/2549,New Item
baby,숫자 원목 교구/토이앤플레이,"11,900",09.09 ~ 09.13,https://www.wishbunny.me/drop/2548,New Item
baby,베베추피,"183,750",09.08 ~ 09.10,https://www.wishbunny.me/drop/2547,New Item
baby,바나린 학습 트롤리,"35,900",09.08 ~ 09.11,https://www.wishbunny.me/drop/2546,New Item
baby,3초 빨대컵,N/A,09.05 ~ 09.10,https://www.wishbunny.me/drop/2545,New Item
baby,어뜌 케어백,"16,900",09.05 ~ 09.07,https://www.wishbunny.me/drop/2544,New Item
baby,슐라이히 피규어,N/A,09.08 ~ 09.12,https://www.wishbunny.me/drop/2543,New Item
baby,어스본 사운드북,"14,250",09.30 ~ 10.05,https://www.wishbunny.me/drop/2542,New Item
baby,하페교구 모음전,N/A,09.23 ~ 09.25,https://www.wishbunny.me/drop/2537,New Item
baby,슈퍼대디 신상 기저귀,"53,900",09.19 ~ 09.21,https://www.wishbunny.me/drop/2535,New Item
baby,베베누보 와이드베개,"21,900",09.12 ~ 09.14,https://www.wishbunny.me/drop/2530,New Item
baby,아티바바 신상 블럭,N/A,09.11 ~ 09.14,https://www.wishbunny.me/drop/2529,New Item
baby,노리터보드,"162,900",09.08 ~ 09.12,https://www.wishbunny.me/drop/2525,New Item
baby,베베누보 유모차라이너,"21,900",09.05 ~ 09.08,https://www.wishbunny.me/drop/2524,New Item
baby,사랑해 시리즈,"56,250",09.04 ~ 09.06,https://www.wishbunny.me/drop/2523,New Item
baby,아이팜 미끄럼틀 모음전,"199,000",09.26 ~ 09.30,https://www.wishbunny.me/drop/2517,New Item
baby,베이비앙 배변팬티,"11,900",09.19 ~ 09.23,https://www.wishbunny.me/drop/2514,New Item
baby,망고샌드 모래놀이,N/A,09.15 ~ 09.18,https://www.wishbunny.me/drop/2510,New Item
baby,아이팜 화장실 모음전,"32,900",09.04 ~ 09.07,https://www.wishbunny.me/drop/2506,New Item
baby,폴리 다이캐스팅 골라담기,"4,800",09.25 ~ 09.28,https://www.wishbunny.me/drop/2503,New Item
baby,옴모 크레용,N/A,09.15 ~ 09.17,https://www.wishbunny.me/drop/2498,New Item
baby,플레이조이 모음전,N/A,09.08 ~ 09.10,https://www.wishbunny.me/drop/2496,New Item
baby,야물야물 생활동화 전집,"110,000",09.04 ~ 09.08,https://www.wishbunny.me/drop/2493,New Item
baby,추피보드북,"97,500",09.01 ~ 09.04,https://www.wishbunny.me/drop/2491,New Item
baby,안심 비눗방울,"26,240",09.08 ~ 09.10,https://www.wishbunny.me/drop/2489,New Item
baby,만화로 배우는 또박또박 따라쓰기,"35,000",09.25 ~ 09.28,https://www.wishbunny.me/drop/2484,New Item
baby,비밀요원 레너드,"103,000",09.24 ~ 09.21,https://www.wishbunny.me/drop/2483,New Item
baby,수학도둑,"108,000",09.16 ~ 09.21,https://www.wishbunny.me/drop/2480,New Item
baby,왕수학시리즈,N/A,09.15 ~ 09.21,https://www.wishbunny.me/drop/2479,New Item
baby,독서 평설,N/A,09.11 ~ 09.13,https://www.wishbunny.me/drop/2477,New Item
baby,Very 얼리챕터북 Jack 8종,"40,000",09.10 ~ 09.12,https://www.wishbunny.me/drop/2476,New Item
baby,디즈니 계몽사,"188,000",09.05 ~ 09.07,https://www.wishbunny.me/drop/2473,New Item
baby,만만한 국어시리즈,"40,600",09.01 ~ 09.07,https://www.wishbunny.me/drop/2469,New Item
baby,픽토리 비지데이,"78,120",09.22 ~ 09.26,https://www.wishbunny.me/drop/2467,New Item
baby,자동 연필깍기 & 지우개 청소기,N/A,09.30 ~ 10.05,https://www.wishbunny.me/drop/2463,New Item
baby,오키독 트램폴린,"153,900",09.25 ~ 09.28,https://www.wishbunny.me/drop/2460,New Item
baby,아이팜 디딤대 & 변기,"32,900",09.23 ~ 09.26,https://www.wishbunny.me/drop/2458,New Item
baby,벨베이비 자석블럭,"22,800",09.22 ~ 09.27,https://www.wishbunny.me/drop/2457,New Item
baby,다이치 이지캐리,"235,000",09.15 ~ 09.21,https://www.wishbunny.me/drop/2451,New Item
baby,훈민 마이바디 전집,"79,200",09.04 ~ 09.06,https://www.wishbunny.me/drop/2443,New Item
baby,싸이벡스 레모체어 & 코야 유모차,N/A,09.04 ~ 09.07,https://www.wishbunny.me/drop/2442,New Item
baby,미니 깜찍 팝업북,"31,850",09.18 ~ 09.21,https://www.wishbunny.me/drop/2436,New Item
baby,베베루트 발판,N/A,09.08 ~ 09.15,https://www.wishbunny.me/drop/2433,New Item
baby,콕콕콕 사운드북,N/A,09.05 ~ 09.10,https://www.wishbunny.me/drop/2432,New Item
baby,스웨덴 잭코주노,"125,000",09.25 ~ 09.30,https://www.wishbunny.me/drop/2429,New Item
baby,가베가족 러닝리소스,N/A,09.18 ~ 09.22,https://www.wishbunny.me/drop/2427,New Item
baby,미아방지태그 치폴로,"45,000",09.08 ~ 09.10,https://www.wishbunny.me/drop/2424,New Item
baby,키즈 쿠킹세트,N/A,09.15 ~ 09.18,https://www.wishbunny.me/drop/2420,New Item
baby,"사랑해사랑해사랑해 보드북,양장본","39,800",09.08 ~ 09.15,https://www.wishbunny.me/drop/2418,New Item
baby,아카시아봉봉 7종 골라담기,"24,900",09.02 ~ 09.04,https://www.wishbunny.me/drop/2417,New Item
baby,신기한 나라 한글 홈스쿨,"133,500",09.29 ~ 10.05,https://www.wishbunny.me/drop/2412,New Item
baby,아이와 국내여행 가이드북,"21,600",09.26 ~ 09.29,https://www.wishbunny.me/drop/2411,New Item
baby,바바파파 클래식,"75,800",09.24 ~ 09.30,https://www.wishbunny.me/drop/2409,New Item
baby,시지각 워크북,N/A,09.23 ~ 09.25,https://www.wishbunny.me/drop/2408,New Item
baby,받침없는 동화,"38,640",09.22 ~ 09.25,https://www.wishbunny.me/drop/2407,New Item
baby,디즈니 찾아라 시리즈,"188,000",09.18 ~ 09.22,https://www.wishbunny.me/drop/2406,New Item
baby,토토북 골라담기,"9,100",09.17 ~ 09.21,https://www.wishbunny.me/drop/2405,New Item
baby,디즈니 그림명작,"188,000",09.16 ~ 09.21,https://www.wishbunny.me/drop/2404,New Item
baby,종이접기 급수책,"21,000",09.11 ~ 09.14,https://www.wishbunny.me/drop/2399,New Item
baby,타코 가위 오리기,"4,500",09.08 ~ 09.10,https://www.wishbunny.me/drop/2396,New Item
baby,인체 팝업북,"17,800",09.07 ~ 09.08,https://www.wishbunny.me/drop/2395,New Item
baby,포티큘러북,"17,600",09.04 ~ 09.09,https://www.wishbunny.me/drop/2392,New Item
baby,미니깜찍팝업북,"54,600",09.01 ~ 09.13,https://www.wishbunny.me/drop/2389,New Item
baby,제트스탭,"69,000",09.15 ~ 09.17,https://www.wishbunny.me/drop/2381,New Item
baby,"올리블리 주방, 마켓, 치과놀이",N/A,09.09 ~ 09.11,https://www.wishbunny.me/drop/2379,New Item
baby,맘스보드,"70,900",09.08 ~ 09.10,https://www.wishbunny.me/drop/2378,New Item
baby,뽀로로 체육,N/A,09.03 ~ 09.07,https://www.wishbunny.me/drop/2376,New Item
baby,세이온펜,"139,000",09.01 ~ 09.04,https://www.wishbunny.me/drop/2374,New Item
baby,블루래빗 오감 발달 세트,"79,000",09.27 ~ 10.01,https://www.wishbunny.me/drop/2372,New Item
baby,르베르 스핀 360,"299,000",09.26 ~ 09.30,https://www.wishbunny.me/drop/2371,New Item
baby,베베추피 골라담기,"17,500",09.17 ~ 09.21,https://www.wishbunny.me/drop/2367,New Item
baby,태기스 크링클 / 헝겊책,"27,000",09.10 ~ 09.15,https://www.wishbunny.me/drop/2363,New Item
baby,하뚱 낱말카드,"19,900",09.03 ~ 09.06,https://www.wishbunny.me/drop/2359,New Item
baby,마베비 이유식워머,"79,000",09.23 ~ 09.25,https://www.wishbunny.me/drop/2354,New Item
baby,추피의 생활 동화,"178,500",09.19 ~ 09.22,https://www.wishbunny.me/drop/2350,New Item
baby,엄마랑 벽그림,"185,000",09.16 ~ 09.19,https://www.wishbunny.me/drop/2349,New Item
baby,러닝리소스,N/A,09.22 ~ 09.26,https://www.wishbunny.me/drop/2319,New Item
baby,마이베이비북,"49,800",09.17 ~ 09.21,https://www.wishbunny.me/drop/2317,New Item
baby,리라그루브 색연필,N/A,09.09 ~ 09.12,https://www.wishbunny.me/drop/2313,New Item
baby,문장이 술술,"40,500",09.22 ~ 09.25,https://www.wishbunny.me/drop/2308,New Item
baby,제트스텝,"69,000",09.29 ~ 10.02,https://www.wishbunny.me/drop/2301,New Item
baby,람보르기니 킥보드,"109,000",09.05 ~ 09.08,https://www.wishbunny.me/drop/2293,New Item
baby,블루래빗 골라담기,"17,100",09.26 ~ 09.29,https://www.wishbunny.me/drop/2289,New Item
baby,부릉부릉 씽씽,"79,200",09.04 ~ 09.06,https://www.wishbunny.me/drop/2281,New Item
baby,노리터 보드,"162,900",09.02 ~ 09.05,https://www.wishbunny.me/drop/2280,New Item
baby,조셉조셉,"24,000",09.26 ~ 09.30,https://www.wishbunny.me/drop/2277,New Item
baby,아카시아봉봉,"35,900",09.23 ~ 09.25,https://www.wishbunny.me/drop/2276,New Item
baby,손잡이 스티커북,"44,220",09.22 ~ 09.26,https://www.wishbunny.me/drop/2275,New Item
baby,꼬비 블럭,"20,500",09.18 ~ 09.20,https://www.wishbunny.me/drop/2274,New Item
baby,몰폰북,N/A,09.15 ~ 09.17,https://www.wishbunny.me/drop/2273,New Item
baby,에어 클레이,"9,500",09.11 ~ 09.15,https://www.wishbunny.me/drop/2272,New Item
baby,헤르만헤세 한자동화,"138,000",09.18 ~ 09.21,https://www.wishbunny.me/drop/2258,New Item
baby,타코 가위,"59,500",09.29 ~ 10.02,https://www.wishbunny.me/drop/2252,New Item
baby,곡물 클레이,"17,900",09.24 ~ 09.28,https://www.wishbunny.me/drop/2250,New Item
baby,머픽 촉각 매트,N/A,09.18 ~ 09.21,https://www.wishbunny.me/drop/2248,New Item
baby,보림 보드북 골라담기,"11,000",09.15 ~ 09.21,https://www.wishbunny.me/drop/2247,New Item
baby,야물야물 생활동화,"110,000",09.11 ~ 09.14,https://www.wishbunny.me/drop/2245,New Item
baby,엄마 마음 그림책,"10,500",09.08 ~ 09.12,https://www.wishbunny.me/drop/2242,New Item
baby,토이포라이트 교구,N/A,09.01 ~ 09.07,https://www.wishbunny.me/drop/2240,New Item
baby,브리오 원목놀이 장난감,N/A,09.19 ~ 09.22,https://www.wishbunny.me/drop/2227,New Item
baby,라비킷 커들업,"19,900",09.22 ~ 09.28,https://www.wishbunny.me/drop/2221,New Item
baby,블루래빗 소리놀잼,"90,000",09.16 ~ 09.21,https://www.wishbunny.me/drop/2220,New Item
baby,퍼기 샤워핸들,"56,900",09.14 ~ 09.16,https://www.wishbunny.me/drop/2218,New Item
baby,맘스보드,"70,900",09.11 ~ 09.14,https://www.wishbunny.me/drop/2216,New Item
baby,앤서니 브라운 동화책,"113,190",09.22 ~ 09.27,https://www.wishbunny.me/drop/2206,New Item
baby,닥터수스 영어책,"145,000",09.15 ~ 09.17,https://www.wishbunny.me/drop/2203,New Item
baby,블루래빗 블록테이블,"52,800",09.29 ~ 10.02,https://www.wishbunny.me/drop/2201,New Item
baby,맥밀런 월드베스트,"96,600",09.11 ~ 09.17,https://www.wishbunny.me/drop/2197,New Item
baby,어스본 팝업북,"164,500",09.02 ~ 09.07,https://www.wishbunny.me/drop/2194,New Item
baby,콕콕콕 사운드 벽보,"32,500",09.23 ~ 09.26,https://www.wishbunny.me/drop/2188,New Item
baby,립프로그 아이스크림 카트 & 피자카트,N/A,09.22 ~ 09.25,https://www.wishbunny.me/drop/2187,New Item
baby,블루래빗 오감 발달세트,"79,000",09.19 ~ 09.21,https://www.wishbunny.me/drop/2186,New Item
baby,이몽 엄마턱받이,"29,500",09.17 ~ 09.20,https://www.wishbunny.me/drop/2184,New Item
baby,숲소리 원목교구,"139,400",09.16 ~ 09.18,https://www.wishbunny.me/drop/2183,New Item
baby,세이펜,"139,000",09.10 ~ 09.14,https://www.wishbunny.me/drop/2179,New Item
baby,아이누오 두상베개,"45,000",09.08 ~ 09.12,https://www.wishbunny.me/drop/2178,New Item
baby,베베스완 아기띠,"206,000",09.08 ~ 09.11,https://www.wishbunny.me/drop/2177,New Item
baby,베베추피 보드북 세트,"183,750",09.05 ~ 09.10,https://www.wishbunny.me/drop/2176,New Item
baby,태기스 러비 + 키링 세트,"39,800",09.04 ~ 09.08,https://www.wishbunny.me/drop/2175,New Item
baby,플레이송스 사운드북 34종,"10,500",09.03 ~ 09.09,https://www.wishbunny.me/drop/2174,New Item
baby,옴므크레용,N/A,09.02 ~ 09.05,https://www.wishbunny.me/drop/2173,New Item
baby,돌잡이 + 빅키즈,"81,000",09.29 ~ 10.01,https://www.wishbunny.me/drop/2171,New Item
baby,빼뜨르 호라체크,"96,710",09.17 ~ 09.21,https://www.wishbunny.me/drop/2169,New Item
baby,정토이즈,"169,900",09.16 ~ 09.22,https://www.wishbunny.me/drop/2168,New Item
baby,훈민 스티커북,"16,500",09.15 ~ 09.18,https://www.wishbunny.me/drop/2167,New Item
baby,맘스보드 코코,"119,000",09.11 ~ 09.14,https://www.wishbunny.me/drop/2166,New Item
baby,두조각 퍼즐,"11,140",09.08 ~ 09.09,https://www.wishbunny.me/drop/2165,New Item
baby,가베가족 원목퍼즐,N/A,09.02 ~ 09.24,https://www.wishbunny.me/drop/2164,New Item
baby,미니자석블럭 26 & 36 pcs,N/A,09.14 ~ 09.18,https://www.wishbunny.me/drop/2159,New Item
baby,말하는 첫발견,"327,000",09.15 ~ 09.21,https://www.wishbunny.me/drop/2151,New Item
baby,슈퍼심플송 & 사파 플레이어,"157,900",09.08 ~ 09.14,https://www.wishbunny.me/drop/2147,New Item
baby,보이보이 하트링 고리친구들,"17,900",09.25 ~ 09.28,https://www.wishbunny.me/drop/2142,New Item
baby,키즈엠 보드북 골라담기,"8,400",09.22 ~ 09.29,https://www.wishbunny.me/drop/2141,New Item
baby,키저스 유모차,N/A,09.16 ~ 09.21,https://www.wishbunny.me/drop/2138,New Item
baby,요미몬 플레이돌,"98,000",09.15 ~ 09.17,https://www.wishbunny.me/drop/2137,New Item
baby,사파플레이어,"118,000",09.09 ~ 09.12,https://www.wishbunny.me/drop/2135,New Item
baby,베이비 마더구스 + 쑥쑥이 차트,"69,900",09.08 ~ 09.14,https://www.wishbunny.me/drop/2134,New Item
baby,엄마랑 벽그림 아기병풍 + 세이펜,"185,000",09.01 ~ 09.06,https://www.wishbunny.me/drop/2132,New Item
baby,쭙 아이 실리콘 약병,"31,300",09.01 ~ 09.04,https://www.wishbunny.me/drop/2113,New Item
baby,르베르 스핀 360 유모카,"288,000",09.01 ~ 09.04,https://www.wishbunny.me/drop/2112,New Item
baby,호르메 피규어,"681,600",09.01 ~ 09.03,https://www.wishbunny.me/drop/2111,New Item
baby,쭙 약병,"31,300",09.29 ~ 10.01,https://www.wishbunny.me/drop/2104,New Item
baby,토틀러 하우스 몬테소리 교구,"319,000",09.22 ~ 09.25,https://www.wishbunny.me/drop/2102,New Item
baby,엔젤앤비 아기변기,"30,900",09.19 ~ 09.21,https://www.wishbunny.me/drop/2101,New Item
baby,맥킹덤 맥타일즈 & 롤러코스터,"59,000",09.10 ~ 09.13,https://www.wishbunny.me/drop/2099,New Item
baby,훈민 2배로 스티커북,N/A,09.02 ~ 09.04,https://www.wishbunny.me/drop/2097,New Item
baby,파파스윙 그네,N/A,09.01 ~ 09.01,https://www.wishbunny.me/drop/2096,New Item
baby,파파야나인 BMW 푸쉬카 8세대,"298,000",09.20 ~ 09.26,https://www.wishbunny.me/drop/2083,New Item
baby,만만한국어 4종,"40,600",09.01 ~ 09.07,https://www.wishbunny.me/drop/2076,New Item
baby,BMW 푸쉬카,"298,000",09.04 ~ 09.10,https://www.wishbunny.me/drop/2061,New Item
baby,니가드키즈 / 베베루트 발 받침대,"62,500",09.10 ~ 09.15,https://www.wishbunny.me/drop/2051,New Item
baby,베베리얼 유모차 라이너,"44,000",09.08 ~ 09.12,https://www.wishbunny.me/drop/2050,New Item
baby,하쥬르 카시트 트레이,"36,000",09.04 ~ 09.07,https://www.wishbunny.me/drop/2049,New Item
baby,아가드 샤워핸들,"54,900",09.15 ~ 09.17,https://www.wishbunny.me/drop/2041,New Item
baby,브리오 기차놀이,N/A,09.01 ~ 09.13,https://www.wishbunny.me/drop/2038,New Item
baby,리라그루브,N/A,09.29 ~ 10.08,https://www.wishbunny.me/drop/2023,New Item
baby,벨베이비 블럭,"22,800",09.25 ~ 09.27,https://www.wishbunny.me/drop/2021,New Item
baby,휴대용 보드게임,"7,800",09.01 ~ 09.07,https://www.wishbunny.me/drop/2006,New Item
baby,베베핑퐁 곤충 낱말카드,"59,600",09.17 ~ 09.21,https://www.wishbunny.me/drop/2004,New Item
baby,넘버블록스,N/A,09.03 ~ 09.07,https://www.wishbunny.me/drop/2002,New Item
baby,또래퀴즈 골라담기,"98,000",09.25 ~ 09.29,https://www.wishbunny.me/drop/2000,New Item
baby,한국차일드 애플 100인의 위인들,"148,000",09.22 ~ 09.30,https://www.wishbunny.me/drop/1998,New Item
baby,브레인티저스 보드게임,"23,400",09.15 ~ 09.17,https://www.wishbunny.me/drop/1992,New Item
baby,올어바웃 마이바디,"79,200",09.10 ~ 09.14,https://www.wishbunny.me/drop/1990,New Item
baby,초링이 책 시리즈,"49,000",09.04 ~ 09.11,https://www.wishbunny.me/drop/1987,New Item
baby,넛지 영어,"13,000",09.01 ~ 09.07,https://www.wishbunny.me/drop/1986,New Item
baby,히든키 성장패드,"67,800",09.26 ~ 09.30,https://www.wishbunny.me/drop/1972,New Item
baby,레벨릭스 소근육 발달세트,"19,800",09.29 ~ 10.02,https://www.wishbunny.me/drop/1941,New Item
baby,사파 무선 DVD 플레이어,"88,900",09.24 ~ 09.28,https://www.wishbunny.me/drop/1939,New Item
baby,세계명작 블루래빗,"29,500",09.18 ~ 09.21,https://www.wishbunny.me/drop/1926,New Item
baby,4-7세 워크북 골라담기,"24,900",09.08 ~ 09.12,https://www.wishbunny.me/drop/1924,New Item
baby,오르다 코리아 언어사고력 + 연산놀이,"54,000",09.18 ~ 09.22,https://www.wishbunny.me/drop/1917,New Item
baby,온고지신 우리문화 그림책,"92,000",09.17 ~ 09.21,https://www.wishbunny.me/drop/1916,New Item
baby,토도 영어 한글,"369,000",09.01 ~ 09.07,https://www.wishbunny.me/drop/1909,New Item
baby,레벨릭스 손놀이 오리기책,"19,800",09.05 ~ 09.07,https://www.wishbunny.me/drop/1891,New Item
baby,베베추피 소전집,"183,750",09.01 ~ 09.13,https://www.wishbunny.me/drop/1887,New Item
baby,넘버블럭스 굿즈/퍼즐/스티커북,N/A,09.05 ~ 09.09,https://www.wishbunny.me/drop/1868,New Item
baby,망고라이언 사랑해요 & 영어동화,N/A,09.01 ~ 09.07,https://www.wishbunny.me/drop/1865,New Item
baby,망고라이언 어떡해요,N/A,09.29 ~ 10.03,https://www.wishbunny.me/drop/1864,New Item
baby,러닝리소스 가베가족 특집 !,N/A,09.28 ~ 10.01,https://www.wishbunny.me/drop/1863,New Item
baby,"다독다독 언어,과학","245,000",09.25 ~ 09.28,https://www.wishbunny.me/drop/1862,New Item
baby,우당탕탕 야옹이 시리즈,"91,000",09.22 ~ 09.24,https://www.wishbunny.me/drop/1860,New Item
baby,러닝리소스 태양계,N/A,09.19 ~ 09.24,https://www.wishbunny.me/drop/1859,New Item
baby,썼다 지웠다 워크북 풀세트,"9,900",09.18 ~ 09.21,https://www.wishbunny.me/drop/1858,New Item
baby,매드매터 모래놀이,"18,000",09.16 ~ 09.20,https://www.wishbunny.me/drop/1857,New Item
baby,엄마마음 그림책+신간,"210,000",09.15 ~ 09.20,https://www.wishbunny.me/drop/1856,New Item
baby,보림 팝업 & 창작,"12,150",09.10 ~ 09.14,https://www.wishbunny.me/drop/1854,New Item
baby,망고라이언 미니자석 블럭,N/A,09.09 ~ 09.14,https://www.wishbunny.me/drop/1853,New Item
baby,넘버블록스 놀이매트,N/A,09.08 ~ 09.14,https://www.wishbunny.me/drop/1852,New Item
baby,빨대블럭,N/A,09.02 ~ 09.07,https://www.wishbunny.me/drop/1848,New Item
baby,망고라이언 성교육 동화,N/A,09.01 ~ 09.07,https://www.wishbunny.me/drop/1847,New Item
baby,치폴로 미아방지,"45,000",09.23 ~ 09.26,https://www.wishbunny.me/drop/1843,New Item
baby,만공한국사,"15,400",09.09 ~ 09.15,https://www.wishbunny.me/drop/1832,New Item
baby,나오나우 화상영어,N/A,09.02 ~ 09.08,https://www.wishbunny.me/drop/1831,New Item
baby,키즈오메가3,"89,700",09.05 ~ 09.07,https://www.wishbunny.me/drop/1829,New Item
baby,코프레시,"47,800",09.04 ~ 09.07,https://www.wishbunny.me/drop/1828,New Item
baby,플라토,N/A,09.03 ~ 09.07,https://www.wishbunny.me/drop/1827,New Item
baby,할로윈 블럭세트,N/A,09.03 ~ 09.09,https://www.wishbunny.me/drop/1824,New Item
baby,독서 평설,"129,000",10.10 ~ 10.16,https://www.wishbunny.me/drop/1804,New Item
baby,무적 이순신 / 열혈 세종대왕 신간,"13,610",09.26 ~ 10.02,https://www.wishbunny.me/drop/1803,New Item
baby,생각이 크는 인문학,"253,400",09.23 ~ 09.29,https://www.wishbunny.me/drop/1801,New Item
baby,놓지마 어휘 시리즈,"49,000",09.22 ~ 09.26,https://www.wishbunny.me/drop/1800,New Item
baby,용선생 15분 한국사 세계사,"30,800",09.18 ~ 09.21,https://www.wishbunny.me/drop/1799,New Item
baby,위쓰담북 학교 아침독서 9월,"42,560",09.15 ~ 09.21,https://www.wishbunny.me/drop/1798,New Item
baby,육효진 선생님의 개념사전 시리즈,"77,000",09.11 ~ 09.16,https://www.wishbunny.me/drop/1797,New Item
baby,용선생 만화 한국사,"109,200",09.10 ~ 09.16,https://www.wishbunny.me/drop/1796,New Item
baby,하이파이브 사회정서,"77,000",09.08 ~ 09.14,https://www.wishbunny.me/drop/1795,New Item
baby,구팡맨 구드래곤 신간,"11,340",09.05 ~ 09.12,https://www.wishbunny.me/drop/1794,New Item
baby,이사도라문,"53,270",09.04 ~ 09.09,https://www.wishbunny.me/drop/1793,New Item
baby,은하수 세계명작,"315,000",09.03 ~ 09.07,https://www.wishbunny.me/drop/1792,New Item
baby,베스리 킥보드,"105,000",09.18 ~ 09.21,https://www.wishbunny.me/drop/1784,New Item
baby,시크 휴대용 카시트,"199,000",09.14 ~ 09.17,https://www.wishbunny.me/drop/1781,New Item
baby,똑똑 성교육 동화,"39,800",09.08 ~ 09.10,https://www.wishbunny.me/drop/1779,New Item
baby,사파플레이어,N/A,09.01 ~ 09.07,https://www.wishbunny.me/drop/1774,New Item
baby,세계사,N/A,12.16 ~ 12.23,https://www.wishbunny.me/drop/1771,New Item
baby,한국사,N/A,11.04 ~ 11.11,https://www.wishbunny.me/drop/1769,New Item
baby,아윤맘픽 - 국어 특별전,"37,800",09.17 ~ 09.24,https://www.wishbunny.me/drop/1768,New Item
baby,넘버블럭스 한글 그림책,"89,000",09.07 ~ 09.09,https://www.wishbunny.me/drop/1754,New Item
baby,소마셈 / 팩토 워크북 모음전,"42,560",09.03 ~ 09.07,https://www.wishbunny.me/drop/1752,New Item
baby,개구쟁이 특공대 1.2,"48,600",09.22 ~ 09.27,https://www.wishbunny.me/drop/1710,New Item
baby,벨베이비 자석블럭,"22,800",09.15 ~ 09.17,https://www.wishbunny.me/drop/1704,New Item
baby,망고라이언 어떡해요,N/A,09.09 ~ 09.15,https://www.wishbunny.me/drop/1698,New Item
baby,미아방지 치폴로,"45,000",09.06 ~ 09.08,https://www.wishbunny.me/drop/1695,New Item
baby,상상아띠 자석보드,"24,900",09.05 ~ 09.10,https://www.wishbunny.me/drop/1694,New Item
baby,다원 몬테소리 책상의자,"99,000",09.25 ~ 09.28,https://www.wishbunny.me/drop/1559,New Item
baby,킨더브리제 아기화장품,N/A,09.17 ~ 09.21,https://www.wishbunny.me/drop/1556,New Item
baby,코리인제이 엉덩이 클렌저,"17,900",09.15 ~ 09.18,https://www.wishbunny.me/drop/1555,New Item
baby,옴모 크레용,"21,800",09.11 ~ 09.14,https://www.wishbunny.me/drop/1554,New Item
baby,상상아띠 자석블럭,N/A,09.01 ~ 09.05,https://www.wishbunny.me/drop/1552,New Item
baby,나리몽 휴대용 분유포트,"79,000",08.28 ~ 08.30,https://www.wishbunny.me/drop/1549,New Item
baby,빼뜨르호라체크 추피영문,"87,040",08.25 ~ 08.31,https://www.wishbunny.me/drop/1548,New Item
baby,꼼지락 퍼즐,"39,000",08.28 ~ 08.30,https://www.wishbunny.me/drop/1543,New Item
baby,돌부터 하는 보드게임 시리즈,"20,400",08.25 ~ 08.29,https://www.wishbunny.me/drop/1542,New Item
baby,천연 머드 파우더,N/A,08.21 ~ 08.24,https://www.wishbunny.me/drop/1541,New Item
baby,문해력 잡는 초등 어휘력,"65,800",08.27 ~ 08.30,https://www.wishbunny.me/drop/1540,New Item
baby,또래퀴즈,"7,000",08.26 ~ 08.28,https://www.wishbunny.me/drop/1539,New Item
baby,퍼스트 타임즈 영자신문,"92,000",08.25 ~ 08.28,https://www.wishbunny.me/drop/1538,New Item
baby,아홉살 마음사전,"39,000",08.22 ~ 08.25,https://www.wishbunny.me/drop/1537,New Item
baby,넘버블럭스 DVD,N/A,08.21 ~ 08.24,https://www.wishbunny.me/drop/1536,New Item
baby,주니 일회용 턱받이,"9,900",08.23 ~ 08.25,https://www.wishbunny.me/drop/1515,New Item
baby,벨베이비 리뉴얼 자석블럭,"19,800",08.15 ~ 08.18,https://www.wishbunny.me/drop/1514,New Item
baby,메쉬넵베어 네블라이저,"114,000",08.25 ~ 09.04,https://www.wishbunny.me/drop/1513,New Item
baby,아오라 우주빔,"64,900",08.25 ~ 08.27,https://www.wishbunny.me/drop/1506,New Item
baby,제트피규어,"229,000",08.25 ~ 08.29,https://www.wishbunny.me/drop/1501,New Item
baby,닥터클린톡,N/A,08.21 ~ 08.23,https://www.wishbunny.me/drop/1499,New Item
baby,프롬맘 프롬미 검사,N/A,08.28 ~ 09.01,https://www.wishbunny.me/drop/1498,New Item
baby,밸런스바이크 스트라이더,"153,000",08.18 ~ 08.22,https://www.wishbunny.me/drop/1492,New Item
baby,닥터노아,"18,280",08.15 ~ 08.19,https://www.wishbunny.me/drop/1491,New Item
baby,다이치 통풍시트 에어포켓4,"72,900",08.25 ~ 08.27,https://www.wishbunny.me/drop/1490,New Item
baby,주니 안전용품 모서리보호,"17,700",08.29 ~ 08.31,https://www.wishbunny.me/drop/1489,New Item
baby,슐라이히 피규어,"66,500",08.18 ~ 08.20,https://www.wishbunny.me/drop/1488,New Item
baby,코코지 하우스,"40,700",08.20 ~ 08.24,https://www.wishbunny.me/drop/1487,New Item
baby,베비몽 소프트 말랑블럭,"22,900",08.11 ~ 08.17,https://www.wishbunny.me/drop/1486,New Item
baby,사파플레이어,N/A,08.20 ~ 08.25,https://www.wishbunny.me/drop/1481,New Item
baby,베베리얼 유모차 & 카시트 방수라이너,"44,000",08.18 ~ 08.20,https://www.wishbunny.me/drop/1480,New Item
baby,휴대용 미니 자석 블럭,"19,500",08.15 ~ 08.17,https://www.wishbunny.me/drop/1479,New Item
baby,세이펜,"139,000",08.18 ~ 08.24,https://www.wishbunny.me/drop/1473,New Item
baby,개구쟁이 특곡댕 1+2+ 신간!,"48,600",08.28 ~ 08.31,https://www.wishbunny.me/drop/1470,New Item
baby,숨박꼭질 ㄱㄴㄷ 시리즈,"56,700",08.25 ~ 08.31,https://www.wishbunny.me/drop/1469,New Item
baby,소피아 수학동화,"218,000",08.20 ~ 08.25,https://www.wishbunny.me/drop/1467,New Item
baby,애플비스티커북,"36,400",08.18 ~ 08.25,https://www.wishbunny.me/drop/1466,New Item
baby,베스트셀러 창작책 골라담기,N/A,08.24 ~ 08.31,https://www.wishbunny.me/drop/1462,New Item
baby,아람 펀펀 밸런스스톤,"98,900",08.18 ~ 08.20,https://www.wishbunny.me/drop/1461,New Item
baby,그레이트북스 베스트 이솝우화,"49,800",08.12 ~ 08.15,https://www.wishbunny.me/drop/1460,New Item
baby,어뜌 콩딱 도어쿠션,"15,300",08.09 ~ 08.10,https://www.wishbunny.me/drop/1458,New Item
baby,벨베이비 리뉴얼 자석 블럭,"19,800",08.09 ~ 08.09,https://www.wishbunny.me/drop/1456,New Item
baby,엘리트 타일즈 휴대용 미니 자석,"18,000",08.09 ~ 08.09,https://www.wishbunny.me/drop/1455,New Item
baby,꼬비 휴대용 자석블럭,"19,500",08.23 ~ 08.25,https://www.wishbunny.me/drop/1450,New Item
baby,망넛이네 리브레도,N/A,08.20 ~ 08.30,https://www.wishbunny.me/drop/1448,New Item
baby,토들러 보드게임,"20,400",08.11 ~ 08.17,https://www.wishbunny.me/drop/1444,New Item
baby,어린이 포켓도감,"13,900",08.08 ~ 08.16,https://www.wishbunny.me/drop/1442,New Item
baby,미니자석블럭,"18,000",08.15 ~ 08.17,https://www.wishbunny.me/drop/1420,New Item
baby,트트 방수쿠션 + 뉴본커버,"37,900",08.18 ~ 08.20,https://www.wishbunny.me/drop/1415,New Item
baby,원스윗 기저귀가방 & 보냉백,N/A,08.11 ~ 08.13,https://www.wishbunny.me/drop/1414,New Item
baby,아티바바 아기블럭,N/A,08.29 ~ 08.31,https://www.wishbunny.me/drop/1412,New Item
baby,코에르,"18,800",08.28 ~ 08.31,https://www.wishbunny.me/drop/1411,New Item
baby,이쯔포포,"44,000",08.28 ~ 08.31,https://www.wishbunny.me/drop/1410,New Item
baby,봄달 거즈 블랭킷,"23,900",08.26 ~ 08.31,https://www.wishbunny.me/drop/1409,New Item
baby,베베스완,"206,000",08.25 ~ 08.30,https://www.wishbunny.me/drop/1408,New Item
baby,하트링,N/A,08.25 ~ 08.31,https://www.wishbunny.me/drop/1407,New Item
baby,아미 스몰로고 하트,"39,000",08.20 ~ 08.31,https://www.wishbunny.me/drop/1403,New Item
baby,착한목수,"47,000",08.19 ~ 08.25,https://www.wishbunny.me/drop/1402,New Item
baby,슈베가든,"1,820",08.14 ~ 08.20,https://www.wishbunny.me/drop/1399,New Item
baby,세이펜,"139,000",08.13 ~ 08.20,https://www.wishbunny.me/drop/1398,New Item
baby,킨토,"27,800",08.12 ~ 08.19,https://www.wishbunny.me/drop/1397,New Item
baby,아이언츄,"44,000",08.11 ~ 08.13,https://www.wishbunny.me/drop/1396,New Item
baby,무무키토 모기패치,N/A,08.10 ~ 08.14,https://www.wishbunny.me/drop/1395,New Item
baby,르베르 스핀 360 트라이크,"288,000",08.09 ~ 08.13,https://www.wishbunny.me/drop/1394,New Item
baby,뉴이 캐리어 트라이크,"138,000",08.09 ~ 08.12,https://www.wishbunny.me/drop/1393,New Item
baby,가베가족 영어게임 / 퍼즐카드,N/A,08.28 ~ 08.31,https://www.wishbunny.me/drop/1379,New Item
baby,맥킹덤 마그네틱 큐브,"89,000",08.23 ~ 08.27,https://www.wishbunny.me/drop/1377,New Item
baby,키움 워크지 ( 미로/다른그림/틀린그림 ) 등,"32,200",08.18 ~ 08.21,https://www.wishbunny.me/drop/1376,New Item
baby,토도 영어/수학/한글,"369,000",08.11 ~ 08.15,https://www.wishbunny.me/drop/1374,New Item
baby,넘버블록스 썼다지웠다 놀이북,"43,000",08.18 ~ 08.20,https://www.wishbunny.me/drop/1366,New Item
baby,크로커다일크릭 퍼즐,N/A,08.11 ~ 08.13,https://www.wishbunny.me/drop/1363,New Item
baby,베이비앙 배변팬티 골라담기,"8,900",08.08 ~ 08.13,https://www.wishbunny.me/drop/1362,New Item
baby,한우리 독서토론논술 선정도서,"76,860",08.25 ~ 08.31,https://www.wishbunny.me/drop/1360,New Item
baby,시매쓰 상위권 960,"36,400",08.13 ~ 08.18,https://www.wishbunny.me/drop/1358,New Item
baby,어린이 쿠킹도구,"13,500",08.15 ~ 08.17,https://www.wishbunny.me/drop/1345,New Item
baby,미니자석 블럭,"18,000",08.12 ~ 08.16,https://www.wishbunny.me/drop/1342,New Item
baby,슈베가든,"1,960",08.30 ~ 08.31,https://www.wishbunny.me/drop/1335,New Item
baby,베베스완 아기띠,"206,000",08.20 ~ 08.25,https://www.wishbunny.me/drop/1331,New Item
baby,블루래빗 골라담기,"12,950",08.18 ~ 08.20,https://www.wishbunny.me/drop/1330,New Item
baby,레인온펜32G+꾸물이벽그림미니북+말놀이아기카드20장(과일) +가방스티커북1종(동물)+실리콘케이스+충전케이블+목걸이,"198,600",08.13 ~ 08.24,https://www.wishbunny.me/drop/1328,New Item
baby,마루별 병풍,"59,000",08.11 ~ 08.13,https://www.wishbunny.me/drop/1327,New Item
baby,휴대용 자석 마그네틱 타일,"18,000",08.22 ~ 08.24,https://www.wishbunny.me/drop/1323,New Item
baby,세이펜,"129,000",08.13 ~ 08.17,https://www.wishbunny.me/drop/1320,New Item
baby,추피전집 한글판,"178,500",08.29 ~ 08.31,https://www.wishbunny.me/drop/1316,New Item
baby,마이키즈,"28,900",08.11 ~ 08.21,https://www.wishbunny.me/drop/1305,New Item
baby,히든키 성장보조패치,"67,800",08.27 ~ 08.31,https://www.wishbunny.me/drop/1303,New Item
baby,레벨릭스 썼다지웠다 워크북,N/A,08.29 ~ 08.31,https://www.wishbunny.me/drop/1299,New Item
baby,소마셈 팩토 팩토슐레,"42,560",08.27 ~ 08.31,https://www.wishbunny.me/drop/1298,New Item
baby,베베스완 방탄 아기띠,"206,000",08.22 ~ 08.25,https://www.wishbunny.me/drop/1295,New Item
baby,시서례 국어 문제집,N/A,08.19 ~ 08.25,https://www.wishbunny.me/drop/1294,New Item
baby,매쓰캥거루 국제대회문제집/사고력수학도형,"90,000",08.11 ~ 08.17,https://www.wishbunny.me/drop/1292,New Item
baby,물아저씨 증간본,"95,200",08.09 ~ 08.10,https://www.wishbunny.me/drop/1291,New Item
baby,그로그로잉 자석 40 pcs,N/A,08.27 ~ 08.29,https://www.wishbunny.me/drop/1288,New Item
baby,탑브라이트 4종,N/A,08.28 ~ 08.29,https://www.wishbunny.me/drop/1287,New Item
baby,미니두두,"92,500",08.25 ~ 08.27,https://www.wishbunny.me/drop/1285,New Item
baby,하이하트 목욕장난감,"14,850",08.11 ~ 08.13,https://www.wishbunny.me/drop/1280,New Item
baby,올리올리 전집,"79,000",08.07 ~ 08.09,https://www.wishbunny.me/drop/1279,New Item
baby,립프로그 아이스크림&피자키트,"84,900",08.29 ~ 08.31,https://www.wishbunny.me/drop/1278,New Item
baby,아빠차트,"18,900",08.28 ~ 08.31,https://www.wishbunny.me/drop/1277,New Item
baby,비지베어,"69,900",08.26 ~ 09.01,https://www.wishbunny.me/drop/1275,New Item
baby,추피 한글판,"178,500",08.25 ~ 08.31,https://www.wishbunny.me/drop/1274,New Item
baby,하이하트 물놀이,"14,850",08.25 ~ 08.31,https://www.wishbunny.me/drop/1273,New Item
baby,정토이즈,"227,000",08.22 ~ 08.28,https://www.wishbunny.me/drop/1272,New Item
baby,옴모 크레용,N/A,08.19 ~ 08.22,https://www.wishbunny.me/drop/1270,New Item
baby,과일포스터,N/A,08.18 ~ 08.20,https://www.wishbunny.me/drop/1269,New Item
baby,디어커스 휴지,"19,800",08.14 ~ 08.17,https://www.wishbunny.me/drop/1268,New Item
baby,러닝리소스 교구,N/A,08.08 ~ 08.12,https://www.wishbunny.me/drop/1264,New Item
baby,블루래빗 언어발달,"83,000",08.29 ~ 08.31,https://www.wishbunny.me/drop/1261,New Item
baby,똥테러방지 ! 베베리얼,"43,000",08.25 ~ 08.30,https://www.wishbunny.me/drop/1257,New Item
baby,립프로그 가드닝 카트 워드북 100,"37,900",08.12 ~ 08.17,https://www.wishbunny.me/drop/1249,New Item
baby,페노피아37 피아노건반,N/A,08.21 ~ 08.30,https://www.wishbunny.me/drop/1240,New Item
baby,아기주방요리도구,"13,000",08.19 ~ 08.22,https://www.wishbunny.me/drop/1239,New Item
baby,"부이부이 닛, 리벳",N/A,08.11 ~ 08.13,https://www.wishbunny.me/drop/1223,New Item
baby,아기별 그림책 + 세이펜,"63,700",08.19 ~ 08.22,https://www.wishbunny.me/drop/1219,New Item
baby,세이펜 레이온펜,"139,000",08.18 ~ 08.19,https://www.wishbunny.me/drop/1218,New Item
baby,두두 와글와글 9종 세트,"49,900",08.14 ~ 08.20,https://www.wishbunny.me/drop/1217,New Item
baby,블루래빗 두뇌발달 20종 세트,"99,000",08.11 ~ 08.12,https://www.wishbunny.me/drop/1213,New Item
baby,지니어스 뉴,"22,780",08.20 ~ 08.25,https://www.wishbunny.me/drop/1204,New Item
baby,베스트 차일드 애플,"36,560",08.25 ~ 08.27,https://www.wishbunny.me/drop/1187,New Item
baby,에디슨 모음전,N/A,08.19 ~ 08.22,https://www.wishbunny.me/drop/1184,New Item
baby,타코가위 모음전,N/A,08.18 ~ 08.21,https://www.wishbunny.me/drop/1182,New Item
baby,팝콘백,"36,500",08.12 ~ 08.15,https://www.wishbunny.me/drop/1178,New Item
baby,주니 워크북 (5종),N/A,08.11 ~ 08.13,https://www.wishbunny.me/drop/1177,New Item
baby,플레이조이 골라담기,"27,900",08.21 ~ 08.24,https://www.wishbunny.me/drop/1173,New Item
baby,마베비 대박템,"43,900",08.12 ~ 08.14,https://www.wishbunny.me/drop/1170,New Item
baby,주니 컵 골라담기,"21,000",08.11 ~ 08.16,https://www.wishbunny.me/drop/1169,New Item
baby,러닝리소스 골라담기,N/A,08.13 ~ 08.17,https://www.wishbunny.me/drop/1163,New Item
baby,맘스보드 레브하우스,"70,900",09.01 ~ 09.09,https://www.wishbunny.me/drop/1160,New Item
baby,헬로디노 디딤대,N/A,08.28 ~ 08.31,https://www.wishbunny.me/drop/1158,New Item
baby,호르메 피규어,"681,600",08.25 ~ 08.28,https://www.wishbunny.me/drop/1157,New Item
baby,야몰야몰 소전집,"110,000",08.21 ~ 08.25,https://www.wishbunny.me/drop/1156,New Item
baby,버드베베 독서대,"94,900",08.18 ~ 08.21,https://www.wishbunny.me/drop/1155,New Item
baby,꿈잉 러닝타워,"100,000",08.08 ~ 08.10,https://www.wishbunny.me/drop/1152,New Item
baby,러베 RUUVE,"9,900",08.06 ~ 08.30,https://www.wishbunny.me/drop/1151,New Item
baby,에이블 코지 프리미엄 트라이크 유모카,"318,000",08.04 ~ 08.08,https://www.wishbunny.me/drop/1140,New Item
baby,일루와 텐트,"46,900",08.19 ~ 08.21,https://www.wishbunny.me/drop/1139,New Item
baby,뽀로로 사운드 카드,"13,500",08.28 ~ 08.31,https://www.wishbunny.me/drop/1138,New Item
baby,아카시아봉봉 원목교구,"18,900",08.25 ~ 08.27,https://www.wishbunny.me/drop/1137,New Item
baby,탑타워 러닝타워,"109,000",08.21 ~ 08.24,https://www.wishbunny.me/drop/1136,New Item
baby,주니 스테인레스 컵 2종,"24,000",08.18 ~ 08.19,https://www.wishbunny.me/drop/1135,New Item
baby,뉴오리진 A2 우유,"24,900",08.28 ~ 08.31,https://www.wishbunny.me/drop/1043,New Item
baby,망고 사운드북 영어한글 / 파닉스 2종,N/A,08.25 ~ 08.31,https://www.wishbunny.me/drop/1041,New Item
baby,리라그루브 색연필 / 올리 페인트스틱,N/A,08.21 ~ 08.27,https://www.wishbunny.me/drop/1040,New Item
baby,룰루맘 간식 모음전,"35,900",08.18 ~ 08.20,https://www.wishbunny.me/drop/1038,New Item
baby,브리오,N/A,08.14 ~ 08.17,https://www.wishbunny.me/drop/1037,New Item
baby,타임타이머,N/A,08.19 ~ 08.30,https://www.wishbunny.me/drop/1035,New Item
baby,등원룩,N/A,08.30 ~ 08.31,https://www.wishbunny.me/drop/1031,New Item
baby,비트리 신제품출시,"106,800",08.29 ~ 08.31,https://www.wishbunny.me/drop/1030,New Item
baby,푸드시터 3in1 무선 멀티 슬라이서,"62,800",08.27 ~ 08.30,https://www.wishbunny.me/drop/1028,New Item
baby,또띵파우치,"59,400",08.26 ~ 08.31,https://www.wishbunny.me/drop/1027,New Item
baby,니가드키즈,"62,500",08.23 ~ 08.25,https://www.wishbunny.me/drop/1025,New Item
baby,실사워크북,"49,800",08.21 ~ 08.28,https://www.wishbunny.me/drop/1023,New Item
baby,타고가요,"227,400",08.18 ~ 08.24,https://www.wishbunny.me/drop/1020,New Item
baby,두리변기,"37,900",08.16 ~ 08.17,https://www.wishbunny.me/drop/1018,New Item
baby,손놀이3종,"19,800",08.10 ~ 08.12,https://www.wishbunny.me/drop/1012,New Item
baby,미소다 모음전,"16,900",08.04 ~ 08.07,https://www.wishbunny.me/drop/1005,New Item
baby,옥스포드 리딩 트리 ort,"1,715,300",08.27 ~ 08.30,https://www.wishbunny.me/drop/1004,New Item
baby,스마트파닉스 + 동영상강의,"126,000",08.20 ~ 08.24,https://www.wishbunny.me/drop/1002,New Item
baby,"토도 최초 단독 한글,영어,수학,지면 워크북","210,000",08.05 ~ 08.07,https://www.wishbunny.me/drop/997,New Item
baby,큐블로 매직큐브,N/A,08.11 ~ 08.14,https://www.wishbunny.me/drop/992,New Item
baby,대호토이즈 푸시카,"298,000",08.26 ~ 08.31,https://www.wishbunny.me/drop/991,New Item
baby,훈민출판사 엄마랑 낱말카드,"150,900",08.04 ~ 08.06,https://www.wishbunny.me/drop/989,New Item
baby,1000층짜리집,"9,750",08.26 ~ 08.31,https://www.wishbunny.me/drop/980,New Item
baby,은근히 이상한 동물그림책,"14,000",08.13 ~ 08.17,https://www.wishbunny.me/drop/972,New Item
baby,나는 책보 전집,N/A,07.30 ~ 08.03,https://www.wishbunny.me/drop/967,New Item
baby,노르잇 독서대,"42,330",08.25 ~ 08.30,https://www.wishbunny.me/drop/963,New Item
baby,바바파파 전집,"89,000",08.18 ~ 08.26,https://www.wishbunny.me/drop/961,New Item
baby,유아수학자신감,"28,000",08.14 ~ 08.17,https://www.wishbunny.me/drop/960,New Item
baby,무무칩,"59,000",08.11 ~ 08.13,https://www.wishbunny.me/drop/959,New Item
baby,클리포드,N/A,08.07 ~ 08.12,https://www.wishbunny.me/drop/958,New Item
baby,키즈망고 미술놀이 모음전,"196,200",08.04 ~ 08.08,https://www.wishbunny.me/drop/957,New Item
baby,한우칩,"79,000",08.11 ~ 08.18,https://www.wishbunny.me/drop/951,New Item
baby,"JD홈드레싱 전면책장, 두잇보드","178,200",08.18 ~ 08.20,https://www.wishbunny.me/drop/940,New Item
baby,블루래빗 오감발달 전집,"81,000",08.15 ~ 08.16,https://www.wishbunny.me/drop/939,New Item
baby,"봄봄매트&베이비룸, 주방매트","120,000",08.11 ~ 08.14,https://www.wishbunny.me/drop/938,New Item
baby,마더케이 허그 PPSU 처음 교정 젓가락 1+1,"15,900",08.04 ~ 08.07,https://www.wishbunny.me/drop/931,New Item
baby,맘스보드,"70,900",08.28 ~ 08.31,https://www.wishbunny.me/drop/930,New Item
baby,주니 빨대컵,"24,000",08.23 ~ 08.25,https://www.wishbunny.me/drop/929,New Item
baby,옴모 크레용,N/A,08.11 ~ 08.14,https://www.wishbunny.me/drop/927,New Item
baby,애플비 사운드북 모음,"18,560",08.06 ~ 08.09,https://www.wishbunny.me/drop/926,New Item
baby,"주니 이유식 큐브, 머핀틀",N/A,07.31 ~ 08.03,https://www.wishbunny.me/drop/925,New Item
baby,슈슈아띠,N/A,08.18 ~ 08.21,https://www.wishbunny.me/drop/923,New Item
baby,룰루맘 아기간식,"35,900",08.11 ~ 08.13,https://www.wishbunny.me/drop/922,New Item
baby,미니두두스카프,"95,200",08.28 ~ 09.01,https://www.wishbunny.me/drop/918,New Item
baby,핑크퐁&아기상어 완구 모음전,"29,900",08.05 ~ 08.08,https://www.wishbunny.me/drop/915,New Item
baby,소중한 물티슈,"24,800",08.28 ~ 08.30,https://www.wishbunny.me/drop/914,New Item
baby,최숙희 그림책 및 꼬까신 도서 골라담기,"63,700",08.27 ~ 08.30,https://www.wishbunny.me/drop/913,New Item
baby,콕콕콕 사운드북,"59,850",08.25 ~ 08.27,https://www.wishbunny.me/drop/912,New Item
baby,쭙 실리콘 약병,N/A,08.21 ~ 08.24,https://www.wishbunny.me/drop/911,New Item
baby,휴대용 미니 자석 블럭,"19,500",08.19 ~ 08.21,https://www.wishbunny.me/drop/910,New Item
baby,베비몽 물총,"15,900",08.20 ~ 08.22,https://www.wishbunny.me/drop/909,New Item
baby,라무르 선쿠션 모음전,N/A,08.14 ~ 08.17,https://www.wishbunny.me/drop/908,New Item
baby,"돌잡이 ( 한글,수학,명화,영어 )","108,000",08.11 ~ 08.13,https://www.wishbunny.me/drop/907,New Item
baby,키즈 LP 토토,N/A,08.01 ~ 08.07,https://www.wishbunny.me/drop/906,New Item
baby,레벨릭스 자석블럭,"34,200",08.30 ~ 09.01,https://www.wishbunny.me/drop/905,New Item
baby,시쿠 자동차,N/A,08.20 ~ 08.23,https://www.wishbunny.me/drop/902,New Item
baby,인싸이트 기질검사,"17,000",08.11 ~ 08.14,https://www.wishbunny.me/drop/900,New Item
baby,코리의 생활동화,"79,200",08.05 ~ 08.07,https://www.wishbunny.me/drop/899,New Item
baby,리틀피기 실내복,N/A,08.01 ~ 08.04,https://www.wishbunny.me/drop/898,New Item
baby,꼬비 휴대용 미니 자석 블럭,"19,500",08.27 ~ 08.29,https://www.wishbunny.me/drop/894,New Item
baby,우디푸디 주방놀이,"55,000",08.18 ~ 08.20,https://www.wishbunny.me/drop/893,New Item
baby,미니깜찍팝업북,"54,600",08.11 ~ 08.13,https://www.wishbunny.me/drop/892,New Item
baby,정토이즈 발도르프,"69,900",08.04 ~ 08.07,https://www.wishbunny.me/drop/891,New Item
baby,나는 책보,"64,900",08.28 ~ 08.31,https://www.wishbunny.me/drop/890,New Item
baby,세마리 토끼 시리즈,"36,750",08.25 ~ 08.29,https://www.wishbunny.me/drop/888,New Item
baby,가베가족 골라담기,"19,000",08.20 ~ 08.31,https://www.wishbunny.me/drop/886,New Item
baby,보랏빛소 창작책 골라담기,"482,800",08.18 ~ 08.25,https://www.wishbunny.me/drop/885,New Item
baby,엘리트 타일즈 미니 자석 블럭,"18,000",08.08 ~ 08.10,https://www.wishbunny.me/drop/882,New Item
baby,비오맘 유산균,N/A,08.28 ~ 08.31,https://www.wishbunny.me/drop/880,New Item
baby,JVR 모노아이 트라이탄 물병 2P,N/A,08.20 ~ 08.22,https://www.wishbunny.me/drop/877,New Item
baby,곰보 배추 시럽,N/A,08.17 ~ 08.25,https://www.wishbunny.me/drop/876,New Item
baby,탁가온 식판 모음,"31,200",08.16 ~ 08.17,https://www.wishbunny.me/drop/875,New Item
baby,쭙 실리콘 약병,"31,300",08.13 ~ 08.17,https://www.wishbunny.me/drop/873,New Item
baby,베비몽 말랑물총 목욕놀이,N/A,08.01 ~ 08.05,https://www.wishbunny.me/drop/869,New Item
baby,제트스텝,"35,000",08.04 ~ 08.08,https://www.wishbunny.me/drop/868,New Item
baby,스콜라스틱 논픽션 사이트워드 원서,"22,000",08.18 ~ 08.20,https://www.wishbunny.me/drop/867,New Item
baby,플라토,"19,600",08.14 ~ 08.20,https://www.wishbunny.me/drop/866,New Item
baby,파닉스몬스터,"56,000",08.11 ~ 08.15,https://www.wishbunny.me/drop/865,New Item
baby,크레아큐브,"89,000",08.04 ~ 08.06,https://www.wishbunny.me/drop/864,New Item
baby,그로그로잉 미니 자석 블록,"19,900",08.01 ~ 08.04,https://www.wishbunny.me/drop/863,New Item
baby,발화에 특화된 영어 전집 ' 에그스쿨 ',"67,000",08.28 ~ 09.02,https://www.wishbunny.me/drop/858,New Item
baby,스콜라스틱 '픽처북가든',"59,800",08.18 ~ 08.22,https://www.wishbunny.me/drop/856,New Item
baby,"학용품대전 ( 리라 그루브 , 자동 연필깍기 )","22,800",08.11 ~ 08.14,https://www.wishbunny.me/drop/855,New Item
baby,신상 2인용 칫솔 살균기 트윈디,"28,500",08.08 ~ 08.11,https://www.wishbunny.me/drop/854,New Item
baby,롤키친 지퍼백,N/A,08.28 ~ 09.03,https://www.wishbunny.me/drop/853,New Item
baby,비지베어 A세트,"160,700",08.27 ~ 08.30,https://www.wishbunny.me/drop/852,New Item
baby,바맘 배도라지즙,"28,900",08.25 ~ 08.30,https://www.wishbunny.me/drop/851,New Item
baby,바맘 생선,N/A,08.21 ~ 08.24,https://www.wishbunny.me/drop/850,New Item
baby,마이키즈,"28,900",08.20 ~ 08.26,https://www.wishbunny.me/drop/849,New Item
baby,자일로 드림,"12,900",08.18 ~ 08.21,https://www.wishbunny.me/drop/848,New Item
baby,우아한 김,"32,000",08.14 ~ 08.17,https://www.wishbunny.me/drop/847,New Item
baby,부로디 땅콩잼,N/A,08.13 ~ 08.20,https://www.wishbunny.me/drop/846,New Item
baby,마리떼볼캡,"39,000",08.11 ~ 08.14,https://www.wishbunny.me/drop/845,New Item
baby,코에르 욕실 미끄럼방지 매트,"18,800",08.06 ~ 08.10,https://www.wishbunny.me/drop/843,New Item
baby,스닐로 보냉백,N/A,08.04 ~ 08.07,https://www.wishbunny.me/drop/842,New Item
baby,카시트 발판 2종 (니가드키즈 / 베베루트 ),"62,500",08.04 ~ 08.08,https://www.wishbunny.me/drop/840,New Item
baby,"크림, 토마토 라구소스","27,700",08.27 ~ 08.31,https://www.wishbunny.me/drop/817,New Item
baby,푸른들 동결건조국 5종,"18,000",08.25 ~ 08.28,https://www.wishbunny.me/drop/816,New Item
baby,대근육 발달템 제트스텝!,"35,000",08.18 ~ 08.21,https://www.wishbunny.me/drop/815,New Item
baby,닥터노아 칫솔 치약,"18,280",08.07 ~ 08.10,https://www.wishbunny.me/drop/812,New Item
baby,곡물도자기 식판,N/A,08.27 ~ 08.30,https://www.wishbunny.me/drop/811,New Item
baby,추피의 생활이야기 추피인형,"178,500",08.22 ~ 08.24,https://www.wishbunny.me/drop/810,New Item
baby,와이즈루크 두뇌조깅,"62,100",08.21 ~ 08.30,https://www.wishbunny.me/drop/809,New Item
baby,아기 매니큐어,"16,800",08.19 ~ 08.23,https://www.wishbunny.me/drop/808,New Item
baby,하페 역할놀이 골라담기,"20,400",08.18 ~ 08.21,https://www.wishbunny.me/drop/807,New Item
baby,엘리트타일즈 미니자석타일,"18,000",08.14 ~ 08.17,https://www.wishbunny.me/drop/806,New Item
baby,푸름이까꿍&짝짜꿍,"148,750",08.11 ~ 08.14,https://www.wishbunny.me/drop/805,New Item
baby,쭙 실리콘 약병,"31,300",08.07 ~ 08.10,https://www.wishbunny.me/drop/804,New Item
baby,무무칩,"59,000",08.05 ~ 08.07,https://www.wishbunny.me/drop/803,New Item
baby,첫 두뇌자극 실사워크북,"49,800",08.04 ~ 08.11,https://www.wishbunny.me/drop/802,New Item
baby,비오맘 유산균 & 핑크퐁 비오맘 젤리 케어 칼마디,"38,000",08.04 ~ 08.08,https://www.wishbunny.me/drop/801,New Item
baby,꼬메모이 회전책장,"389,000",08.14 ~ 08.17,https://www.wishbunny.me/drop/800,New Item
baby,넘버블럭스,N/A,08.11 ~ 08.14,https://www.wishbunny.me/drop/799,New Item
baby,레나자동차,N/A,08.05 ~ 08.09,https://www.wishbunny.me/drop/798,New Item
baby,꽃씨 심는 씨앗요정 초링이,"49,000",08.04 ~ 08.10,https://www.wishbunny.me/drop/797,New Item
baby,졸리쇼즈 양말,"9,900",08.28 ~ 08.31,https://www.wishbunny.me/drop/785,New Item
baby,맘스보드 레브하우스 자석보드,"70,900",08.25 ~ 08.27,https://www.wishbunny.me/drop/784,New Item
baby,플로레떼 캡슐세제,"28,900",08.25 ~ 08.31,https://www.wishbunny.me/drop/783,New Item
baby,보자보자 티비 보호기,"84,600",08.08 ~ 08.12,https://www.wishbunny.me/drop/781,New Item
baby,샤토에르 철제 수납장,"25,900",08.07 ~ 08.10,https://www.wishbunny.me/drop/780,New Item
baby,요놈요뇸 이유식 스푼,N/A,08.06 ~ 08.09,https://www.wishbunny.me/drop/779,New Item
baby,구딩 휴대용 네블라이저,"114,000",08.05 ~ 08.08,https://www.wishbunny.me/drop/778,New Item
baby,엄마랑 아기랑 소독제,N/A,08.04 ~ 08.07,https://www.wishbunny.me/drop/777,New Item
baby,소중한 습관 골라담기,"30,900",10.02 ~ 10.05,https://www.wishbunny.me/drop/776,New Item
baby,망고 라이언 모음전,N/A,09.25 ~ 10.01,https://www.wishbunny.me/drop/775,New Item
baby,리라 그르부,N/A,09.22 ~ 09.24,https://www.wishbunny.me/drop/774,New Item
baby,리솜 리조트,N/A,09.15 ~ 09.21,https://www.wishbunny.me/drop/773,New Item
baby,벨베이비 자석블럭,"94,900",09.11 ~ 09.14,https://www.wishbunny.me/drop/772,New Item
baby,바맘 배도라지즙,"29,900",09.04 ~ 09.06,https://www.wishbunny.me/drop/770,New Item
baby,킨디 간식 모음전,"37,900",08.25 ~ 08.27,https://www.wishbunny.me/drop/768,New Item
baby,리메스카 흉터스틱,N/A,08.21 ~ 08.24,https://www.wishbunny.me/drop/767,New Item
baby,베로로 케리어,N/A,08.19 ~ 08.22,https://www.wishbunny.me/drop/766,New Item
baby,썼다 지웠다 워크북,N/A,08.14 ~ 08.17,https://www.wishbunny.me/drop/765,New Item
baby,카시트 발판 2종,"62,500",08.06 ~ 08.10,https://www.wishbunny.me/drop/763,New Item
baby,베어파우 유아샌들,"29,000",08.04 ~ 08.07,https://www.wishbunny.me/drop/762,New Item
baby,엘리트타일즈,"18,000",08.22 ~ 08.24,https://www.wishbunny.me/drop/761,New Item
baby,박물관 꾸미기,N/A,08.05 ~ 08.10,https://www.wishbunny.me/drop/760,New Item
baby,일프로 연산 앵콜,"99,000",08.25 ~ 08.30,https://www.wishbunny.me/drop/759,New Item
baby,그리스로마 신화 앵콜,"115,920",08.12 ~ 08.18,https://www.wishbunny.me/drop/758,New Item
baby,2학기 교과서 수록도서,"109,900",08.11 ~ 08.17,https://www.wishbunny.me/drop/757,New Item
baby,한우리 선정 도서,"76,800",08.01 ~ 08.07,https://www.wishbunny.me/drop/756,New Item
baby,출판사 연합 베스트 그림책 골라담기,"40,000",08.04 ~ 08.07,https://www.wishbunny.me/drop/752,New Item
baby,바이어트,"49,800",08.28 ~ 09.01,https://www.wishbunny.me/drop/751,New Item
baby,mcrn스트랩,N/A,08.26 ~ 08.30,https://www.wishbunny.me/drop/750,New Item
baby,도펠 헤르츠,"39,600",08.25 ~ 08.29,https://www.wishbunny.me/drop/749,New Item
baby,칼보 참치 + 올리브오일,"16,900",08.21 ~ 08.25,https://www.wishbunny.me/drop/748,New Item
baby,레고 수납함,"34,000",08.19 ~ 08.22,https://www.wishbunny.me/drop/747,New Item
baby,으뜸 떡볶이,"19,500",08.18 ~ 08.22,https://www.wishbunny.me/drop/746,New Item
baby,베로로 케리어,N/A,08.14 ~ 08.18,https://www.wishbunny.me/drop/745,New Item
baby,3면 칫솔,"4,500",08.12 ~ 08.15,https://www.wishbunny.me/drop/744,New Item
baby,"약셀 유아칼 , 도마 , 주먹밥틀","42,900",08.11 ~ 08.15,https://www.wishbunny.me/drop/743,New Item
baby,NEW 에코폼 플랫 키즈매트,"79,000",08.07 ~ 08.11,https://www.wishbunny.me/drop/742,New Item
baby,의사들이 만든 슬리퍼 바크,"39,900",08.04 ~ 08.09,https://www.wishbunny.me/drop/740,New Item
baby,엘버데리 빌베리 프로폴리스,N/A,08.25 ~ 09.01,https://www.wishbunny.me/drop/732,New Item
baby,구강관리영양제 잇니플러스,"13,000",08.11 ~ 08.18,https://www.wishbunny.me/drop/731,New Item
baby,담은수 육수 & 단업 초유 단백질,N/A,08.04 ~ 08.11,https://www.wishbunny.me/drop/730,New Item
baby,주니 입모아컵,"24,000",07.28 ~ 07.30,https://www.wishbunny.me/drop/706,New Item
baby,꼬메모이 모이듀 회전책장,"395,000",07.07 ~ 07.11,https://www.wishbunny.me/drop/701,New Item
baby,튜즐 아기 독서대,"88,000",07.31 ~ 08.03,https://www.wishbunny.me/drop/700,New Item
baby,베베코지 장난감 모음전,"23,400",07.30 ~ 08.01,https://www.wishbunny.me/drop/699,New Item
baby,보아르 휴대용 분유포트,"39,800",07.29 ~ 08.01,https://www.wishbunny.me/drop/698,New Item
baby,키즈엠 보드북 골라담기,"8,400",07.28 ~ 07.31,https://www.wishbunny.me/drop/697,New Item
baby,블루래빗 인기템 골라담기,N/A,07.24 ~ 07.31,https://www.wishbunny.me/drop/696,New Item
baby,어스본 팝업북,"11,250",07.23 ~ 07.29,https://www.wishbunny.me/drop/695,New Item
baby,래디어스 칫솔 모음전,"74,900",07.22 ~ 07.25,https://www.wishbunny.me/drop/693,New Item
baby,주니 이유식 큐브 보관함,"21,000",07.20 ~ 07.26,https://www.wishbunny.me/drop/692,New Item
baby,가베가족 톡톡 퍼즐 6종,N/A,07.18 ~ 07.25,https://www.wishbunny.me/drop/689,New Item
baby,야물야물 그림책 + 세이펜,"90,580",07.17 ~ 07.20,https://www.wishbunny.me/drop/688,New Item
baby,노리터 보드,"160,900",07.15 ~ 07.20,https://www.wishbunny.me/drop/687,New Item
baby,립프로그 가드닝카트 & 워드 사운드북,"50,300",07.16 ~ 07.18,https://www.wishbunny.me/drop/686,New Item
baby,돌잡이 시리즈 한글 수학 명화 영어,"70,000",07.11 ~ 07.14,https://www.wishbunny.me/drop/684,New Item
baby,라온킴 다진 야채 큐브 12종 세트 균일가 토핑 죽 미음,N/A,07.10 ~ 07.15,https://www.wishbunny.me/drop/683,New Item
baby,사파 CD 플레이어 DVD 플레이어,"30,000",07.09 ~ 07.12,https://www.wishbunny.me/drop/682,New Item
baby,리메스카 흉터스틱,N/A,07.08 ~ 07.11,https://www.wishbunny.me/drop/681,New Item
baby,마이바디 인체동화 소전집,"79,200",07.07 ~ 07.10,https://www.wishbunny.me/drop/680,New Item
baby,마루별 아기병풍,"59,000",07.04 ~ 07.04,https://www.wishbunny.me/drop/679,New Item
baby,두두스토리 그림자극장 베이비,"119,000",07.06 ~ 07.09,https://www.wishbunny.me/drop/678,New Item
baby,쭙 실리콘 아기 약병,"31,300",07.03 ~ 07.06,https://www.wishbunny.me/drop/677,New Item
baby,블루래빗 언어발달 첫 놀잇감,"83,000",07.03 ~ 07.04,https://www.wishbunny.me/drop/676,New Item
baby,베베스완,"206,000",07.29 ~ 08.01,https://www.wishbunny.me/drop/675,New Item
baby,세이펜,"198,600",07.29 ~ 07.31,https://www.wishbunny.me/drop/669,New Item
baby,베베추피 골라담기,"17,500",07.28 ~ 07.30,https://www.wishbunny.me/drop/668,New Item
baby,사파 CD 플레이어 DVD 플레이어,"88,900",07.24 ~ 07.31,https://www.wishbunny.me/drop/666,New Item
baby,킥보드,"79,000",07.23 ~ 07.27,https://www.wishbunny.me/drop/665,New Item
baby,킨즈 몬테소리 마이베이비북,"49,800",07.22 ~ 07.25,https://www.wishbunny.me/drop/664,New Item
baby,아이팜 자기주도 세면대 유아변기,"73,000",07.21 ~ 07.24,https://www.wishbunny.me/drop/663,New Item
baby,블루래빗 오감발달,"81,000",07.18 ~ 07.19,https://www.wishbunny.me/drop/662,New Item
baby,맘앤리틀 튜브,"33,900",07.15 ~ 07.18,https://www.wishbunny.me/drop/659,New Item
baby,나리몽 이유식포트,"89,000",07.14 ~ 07.31,https://www.wishbunny.me/drop/658,New Item
baby,코리의 생활동화,"79,200",07.14 ~ 07.20,https://www.wishbunny.me/drop/657,New Item
baby,엄마랑 아기랑 살균소독제,N/A,07.10 ~ 07.20,https://www.wishbunny.me/drop/656,New Item
baby,미아방지가방 아기백팩 걸음마 가방 링크백,"32,300",07.09 ~ 07.12,https://www.wishbunny.me/drop/655,New Item
baby,마베비 샤워핸들,"38,900",07.08 ~ 07.13,https://www.wishbunny.me/drop/654,New Item
baby,터블 이지클린 텀블러 발포 세정제,"33,900",07.07 ~ 07.10,https://www.wishbunny.me/drop/652,New Item
baby,봄달 아기이불 아기블랭킷 신생아 거즈,N/A,07.11 ~ 07.14,https://www.wishbunny.me/drop/651,New Item
baby,빠방타요 손잡이책,"43,200",07.28 ~ 07.31,https://www.wishbunny.me/drop/648,New Item
baby,주니컵,N/A,07.24 ~ 07.31,https://www.wishbunny.me/drop/646,New Item
baby,니가드키즈4 프리미엄 카시트 발받침대,"62,500",07.22 ~ 07.24,https://www.wishbunny.me/drop/643,New Item
baby,마그네틱 플레이보드,"21,500",07.21 ~ 07.24,https://www.wishbunny.me/drop/641,New Item
baby,물놀이 LED 큐브,"13,800",07.18 ~ 07.22,https://www.wishbunny.me/drop/640,New Item
baby,도도베베 쿨제품,N/A,07.18 ~ 07.22,https://www.wishbunny.me/drop/638,New Item
baby,아이스크림 메이커,"309,000",07.16 ~ 07.20,https://www.wishbunny.me/drop/637,New Item
baby,자일로드림,"12,900",07.17 ~ 07.20,https://www.wishbunny.me/drop/636,New Item
baby,비오맘 유산균 칼마디,N/A,07.17 ~ 07.20,https://www.wishbunny.me/drop/635,New Item
baby,미니 자석블럭 엘리트 타일즈 elite tiles,"18,000",07.14 ~ 07.20,https://www.wishbunny.me/drop/633,New Item
baby,미아방지스티커,"8,900",07.13 ~ 07.16,https://www.wishbunny.me/drop/632,New Item
baby,아띠래빗 아쿠아 플랩캡,"16,900",07.12 ~ 07.16,https://www.wishbunny.me/drop/630,New Item
baby,드이에트 유아 캔디 여름옷,"13,000",07.09 ~ 07.13,https://www.wishbunny.me/drop/627,New Item
baby,주니 온가족 모기기피제,"17,800",07.07 ~ 07.09,https://www.wishbunny.me/drop/625,New Item
baby,하이하트 분리되는 실리콘 물놀이 장난감 4종 세트,"18,250",07.07 ~ 07.10,https://www.wishbunny.me/drop/624,New Item
baby,베이비앙 국내산 무형광 배변훈련팬티(방수팬티)(배변팬티)&유아팬티(어린이집 필수) 모음전,"11,900",07.05 ~ 07.09,https://www.wishbunny.me/drop/623,New Item
baby,블루필 미니헤드 제트팬 휴대용 손 선풍기 미니 손풍기,"24,800",07.04 ~ 07.07,https://www.wishbunny.me/drop/622,New Item
baby,어린이 포켓도감 전3권 세트 : 어린이 자연관찰,"13,900",07.04 ~ 07.08,https://www.wishbunny.me/drop/621,New Item
baby,볼보장난감,"48,900",07.03 ~ 07.06,https://www.wishbunny.me/drop/620,New Item
baby,마이키즈 NEW!저당 고소한맛/바나나맛/블루베리맛/초코맛/딸기맛/밀크맛,"28,900",07.02 ~ 07.08,https://www.wishbunny.me/drop/619,New Item
baby,푸쉬락 접이식 실리콘 밀폐용기,N/A,07.01 ~ 07.04,https://www.wishbunny.me/drop/618,New Item
baby,맘스보드 캔디트롤리 컬러 북카트,"159,000",07.03 ~ 07.06,https://www.wishbunny.me/drop/617,New Item
baby,꿈꾸는달팽이 미니깜찍팝업북 12권 ㄱㄴㄷ ABC 123 아이깜찍팝업북 : 골라담기 유아 입체북 놀이책,"31,850",07.01 ~ 07.05,https://www.wishbunny.me/drop/616,New Item
baby,무빙쉐이프 평면도형의 이동 도형분석 교구와 워크북,N/A,07.11 ~ 07.16,https://www.wishbunny.me/drop/615,New Item
baby,유아코딩놀이,"18,900",07.14 ~ 07.16,https://www.wishbunny.me/drop/614,New Item
baby,개정판 팩토 수학 소마셈 선택구매,"42,560",07.24 ~ 07.31,https://www.wishbunny.me/drop/613,New Item
baby,스토리파닉스 (첫 파닉스 영어리딩),"59,000",07.07 ~ 07.09,https://www.wishbunny.me/drop/612,New Item
baby,핍앤포지 쌍둥이북,"84,000",07.07 ~ 07.13,https://www.wishbunny.me/drop/611,New Item
baby,르젠 유모차 선풍기,N/A,07.01 ~ 07.03,https://www.wishbunny.me/drop/610,New Item
baby,쏠앤샘 드레스 메이크업 세트,"15,800",07.03 ~ 07.05,https://www.wishbunny.me/drop/609,New Item
baby,벨베이비 자석블럭 휠포함,"19,800",07.24 ~ 07.27,https://www.wishbunny.me/drop/601,New Item
baby,마이키즈,"29,800",07.29 ~ 07.31,https://www.wishbunny.me/drop/600,New Item
baby,베베누보 구명조끼 래쉬가드,"42,900",07.21 ~ 07.23,https://www.wishbunny.me/drop/596,New Item
baby,올어바웃 마이바디 과학동화 전집,"79,200",07.12 ~ 07.14,https://www.wishbunny.me/drop/592,New Item
baby,탁가온 유아식기,N/A,07.07 ~ 07.13,https://www.wishbunny.me/drop/591,New Item
baby,호들 듀라론 프레슈르 냉감세트(유아용),"78,000",07.03 ~ 07.06,https://www.wishbunny.me/drop/590,New Item
baby,드이에트 여름등원룩 캔디시리즈,"13,000",07.01 ~ 07.11,https://www.wishbunny.me/drop/588,New Item
baby,아띠래빗 배변훈련팬티,"13,900",07.01 ~ 07.04,https://www.wishbunny.me/drop/587,New Item
baby,이지피지 유아 선글라스,"61,200",07.28 ~ 07.30,https://www.wishbunny.me/drop/585,New Item
baby,모기밤,N/A,07.24 ~ 07.27,https://www.wishbunny.me/drop/584,New Item
baby,디즈니 펀투리드 전단계 127종 골라담기 기획전,N/A,07.17 ~ 07.22,https://www.wishbunny.me/drop/583,New Item
baby,키즈토즈 어린이 SUN 썬제품,"35,000",07.21 ~ 07.25,https://www.wishbunny.me/drop/582,New Item
baby,라무르,N/A,07.10 ~ 07.13,https://www.wishbunny.me/drop/581,New Item
baby,리틀펄리 썸머 기획전,"44,000",07.14 ~ 07.20,https://www.wishbunny.me/drop/580,New Item
baby,위키드랩 핑크구미베어,"20,500",07.07 ~ 07.10,https://www.wishbunny.me/drop/578,New Item
baby,9900밧드 3종,"9,900",07.28 ~ 07.31,https://www.wishbunny.me/drop/564,New Item
baby,레벨릭스 워크북,N/A,07.21 ~ 07.25,https://www.wishbunny.me/drop/562,New Item
baby,피퍼스탠다드,"14,000",07.14 ~ 07.20,https://www.wishbunny.me/drop/555,New Item
baby,스노우버디 썬밀크,"28,900",07.04 ~ 07.06,https://www.wishbunny.me/drop/552,New Item
baby,빠이염 세탁안심티슈,"32,700",07.03 ~ 07.06,https://www.wishbunny.me/drop/550,New Item
baby,리메스카 흉터스틱,N/A,07.01 ~ 07.04,https://www.wishbunny.me/drop/548,New Item
baby,쉐프윈 올인원쿠커,"129,000",07.28 ~ 07.31,https://www.wishbunny.me/drop/541,New Item
baby,리메스카 흉터연고,"48,000",07.28 ~ 08.04,https://www.wishbunny.me/drop/540,New Item
baby,뿌리는 안심소독제,N/A,07.31 ~ 08.04,https://www.wishbunny.me/drop/539,New Item
baby,오사닛캔디,N/A,07.23 ~ 07.26,https://www.wishbunny.me/drop/538,New Item
baby,엘더베리 빌베리,"28,600",07.21 ~ 07.24,https://www.wishbunny.me/drop/536,New Item
baby,대성한우 미소다 (한돈떡갈비 한우랑땡 한우볼 한입치킨너겟),"16,900",07.18 ~ 07.20,https://www.wishbunny.me/drop/535,New Item
baby,얼라맘마 총특집,N/A,07.17 ~ 07.20,https://www.wishbunny.me/drop/534,New Item
baby,엘리트타일즈 휴대용 미니 자석 타일 세트 26 Piece,"18,000",07.11 ~ 07.11,https://www.wishbunny.me/drop/532,New Item
baby,비오맘 총특집,"85,900",07.14 ~ 07.20,https://www.wishbunny.me/drop/531,New Item
baby,"비올란 아기 워시, 로션, 크림","40,800",07.10 ~ 07.16,https://www.wishbunny.me/drop/530,New Item
baby,바맘 배도라지즙,"28,900",07.10 ~ 07.12,https://www.wishbunny.me/drop/529,New Item
baby,벨베이비 자석블럭,"19,800",07.31 ~ 08.02,https://www.wishbunny.me/drop/524,New Item
baby,위메디밤,"39,900",07.24 ~ 07.27,https://www.wishbunny.me/drop/519,New Item
baby,룩트 킨디 요거트,"18,200",07.21 ~ 07.23,https://www.wishbunny.me/drop/517,New Item
baby,소중한 습관,"59,900",07.21 ~ 07.23,https://www.wishbunny.me/drop/516,New Item
baby,키즈엠 헤이모이,"16,900",07.15 ~ 07.18,https://www.wishbunny.me/drop/515,New Item
baby,프레벨롱,"2,900",07.14 ~ 07.16,https://www.wishbunny.me/drop/514,New Item
baby,키펀 모기기피제,"26,000",07.28 ~ 07.30,https://www.wishbunny.me/drop/506,New Item
baby,라무르 선로션,"34,200",07.23 ~ 07.25,https://www.wishbunny.me/drop/505,New Item
baby,벨베이비 밸런스스톤,"34,900",07.14 ~ 07.16,https://www.wishbunny.me/drop/504,New Item
baby,"디즈니 여름모자 차양햇, 썬햇",N/A,07.07 ~ 07.13,https://www.wishbunny.me/drop/503,New Item
baby,제트피규어,"229,000",07.21 ~ 07.25,https://www.wishbunny.me/drop/501,New Item
baby,키바조이 사운드북,"91,200",07.04 ~ 07.10,https://www.wishbunny.me/drop/500,New Item
baby,콕콕콕 사운드북,"59,850",07.31 ~ 08.03,https://www.wishbunny.me/drop/499,New Item
baby,사파리 베드타임 그림책 도서 5종,"43,960",07.01 ~ 07.02,https://www.wishbunny.me/drop/498,New Item
baby,에이블 코지쉘,"368,000",07.30 ~ 08.03,https://www.wishbunny.me/drop/496,New Item
baby,그림자극장,"119,000",07.28 ~ 07.31,https://www.wishbunny.me/drop/495,New Item
baby,아티바바 소프트 블럭 소근육 발달 장난감,N/A,07.22 ~ 07.25,https://www.wishbunny.me/drop/493,New Item
baby,베베리얼 커버핏 유모차 라이너,"44,000",07.21 ~ 07.26,https://www.wishbunny.me/drop/492,New Item
baby,JD 홈드레싱,"178,200",07.17 ~ 07.20,https://www.wishbunny.me/drop/490,New Item
baby,플레이조이 보냉백 + 판초,N/A,07.16 ~ 07.20,https://www.wishbunny.me/drop/489,New Item
baby,러닝리소스 13정 골라담기,N/A,07.10 ~ 07.13,https://www.wishbunny.me/drop/486,New Item
baby,리뗀클로르 아기 거즈햇,"16,800",07.07 ~ 07.09,https://www.wishbunny.me/drop/485,New Item
baby,튜즐 독서대,"88,000",07.08 ~ 07.11,https://www.wishbunny.me/drop/483,New Item
baby,봄달 블랭킷,N/A,07.09 ~ 07.13,https://www.wishbunny.me/drop/482,New Item
baby,픽토리 빼뜨르 호라체크 (8종) / 조작북 (8종),"99,960",07.03 ~ 07.09,https://www.wishbunny.me/drop/480,New Item
baby,세이펜 특별기획전 + 사은품6종 증정,"139,000",07.02 ~ 07.06,https://www.wishbunny.me/drop/479,New Item
baby,야물야물 전집 유아도서 세이펜 호환,N/A,07.01 ~ 07.01,https://www.wishbunny.me/drop/477,New Item
baby,러닝리소스 수세기 특집,N/A,07.23 ~ 07.27,https://www.wishbunny.me/drop/476,New Item
baby,니엔후이스 꼭지퍼즐,"468,000",07.14 ~ 07.18,https://www.wishbunny.me/drop/475,New Item
baby,오르다 3D 자석블럭,"169,000",07.09 ~ 07.13,https://www.wishbunny.me/drop/474,New Item
baby,빅키즈 마켓놀이 주방놀이,"219,000",07.02 ~ 07.06,https://www.wishbunny.me/drop/473,New Item
baby,주니 큐브 머핀틀,"14,000",07.31 ~ 08.04,https://www.wishbunny.me/drop/472,New Item
baby,힐조밤,N/A,07.21 ~ 07.24,https://www.wishbunny.me/drop/471,New Item
baby,요미몬 플레이돌,"98,000",07.17 ~ 07.20,https://www.wishbunny.me/drop/470,New Item
baby,훈민 엄마랑 병풍,N/A,07.28 ~ 07.31,https://www.wishbunny.me/drop/469,New Item
baby,훈민 말랑한 2배로 가방 스티커북,"16,500",07.10 ~ 07.13,https://www.wishbunny.me/drop/468,New Item
baby,도스 아기칫솔 치약,"13,900",07.14 ~ 07.17,https://www.wishbunny.me/drop/467,New Item
baby,베베누보 우비 장화,"35,900",07.03 ~ 07.06,https://www.wishbunny.me/drop/465,New Item
baby,디알고 키즈 헤드셋,N/A,07.22 ~ 07.24,https://www.wishbunny.me/drop/459,New Item
baby,리틀호안미로 키크레용,N/A,07.28 ~ 07.31,https://www.wishbunny.me/drop/442,New Item
baby,러닝리소스 교구 10종,N/A,07.22 ~ 07.25,https://www.wishbunny.me/drop/441,New Item
baby,아이키움북 종이접기 미술놀이 세트,"21,000",07.21 ~ 07.25,https://www.wishbunny.me/drop/439,New Item
baby,에디슨 모음 (분유포트 / 유아식기 / 빨대컵 / 젓가락),N/A,07.08 ~ 07.11,https://www.wishbunny.me/drop/438,New Item
baby,베비몽 말랑물총 목욕놀이,"15,900",07.07 ~ 07.10,https://www.wishbunny.me/drop/436,New Item
baby,레벨릭스 썼다 지웠다 워크북,N/A,07.01 ~ 07.02,https://www.wishbunny.me/drop/435,New Item
baby,어뜌 콩딱 도어쿠션,"15,300",07.28 ~ 07.31,https://www.wishbunny.me/drop/432,New Item
baby,쪼비박스,"89,000",07.25 ~ 07.27,https://www.wishbunny.me/drop/431,New Item
baby,휴대용 치발기 살균 건조기,"51,000",07.23 ~ 07.25,https://www.wishbunny.me/drop/430,New Item
baby,리틀라이프 휴대용 베이비룸,"99,000",07.21 ~ 07.23,https://www.wishbunny.me/drop/427,New Item
baby,디어커스 팝콘 플리츠백,"36,500",07.21 ~ 07.25,https://www.wishbunny.me/drop/426,New Item
baby,파파스윙그네,N/A,07.18 ~ 07.21,https://www.wishbunny.me/drop/425,New Item
baby,어뜌 케어백,"16,900",07.17 ~ 07.20,https://www.wishbunny.me/drop/424,New Item
baby,모슈 푸드자 죽통,"31,500",07.16 ~ 07.20,https://www.wishbunny.me/drop/423,New Item
baby,맘스 니노 책상의자 세트,"119,000",07.10 ~ 07.13,https://www.wishbunny.me/drop/418,New Item
baby,"스닐로스티치 비치백, 보냉백, 텀블러백","27,900",07.11 ~ 07.13,https://www.wishbunny.me/drop/417,New Item
baby,타이거 도우 클레이 모음전,"16,900",07.07 ~ 07.09,https://www.wishbunny.me/drop/414,New Item
baby,리뗀클로르 턱받이 모음전 (세안빕 / 테리빕 / 거즈빕 아기 턱받이),"10,900",07.03 ~ 07.06,https://www.wishbunny.me/drop/408,New Item
baby,애끼누 백색소음기,"32,900",07.02 ~ 07.04,https://www.wishbunny.me/drop/407,New Item
baby,도파밍 모찌백,"16,900",07.01 ~ 07.05,https://www.wishbunny.me/drop/405,New Item
baby,밀레마 피코더스터 먼지털이,"11,500",07.01 ~ 07.03,https://www.wishbunny.me/drop/404,New Item
baby,넘버블럭스 넘버블록스 매트,"39,800",07.28 ~ 07.31,https://www.wishbunny.me/drop/403,New Item
baby,아람 소전집 특집,"37,500",07.07 ~ 07.10,https://www.wishbunny.me/drop/400,New Item
baby,르피피 아기화장품,"105,000",07.14 ~ 07.17,https://www.wishbunny.me/drop/399,New Item
baby,나카야미와 그림책,"33,600",07.30 ~ 08.05,https://www.wishbunny.me/drop/397,New Item
baby,알록달록 아기그림책,"117,600",07.29 ~ 07.31,https://www.wishbunny.me/drop/396,New Item
baby,오르다 매파빌 브파빌 4세용,"119,000",07.28 ~ 08.03,https://www.wishbunny.me/drop/395,New Item
baby,인체탐험대,"43,400",07.24 ~ 07.29,https://www.wishbunny.me/drop/393,New Item
baby,또래퀴즈,"98,000",07.23 ~ 07.29,https://www.wishbunny.me/drop/392,New Item
baby,디즈니 그림명작,"188,000",07.21 ~ 07.27,https://www.wishbunny.me/drop/389,New Item
baby,베스트 이솝우화,"49,800",07.20 ~ 07.26,https://www.wishbunny.me/drop/388,New Item
baby,디알고 골전도 이어폰,"24,900",07.18 ~ 07.21,https://www.wishbunny.me/drop/386,New Item
baby,라이카미 진짜진짜 재밌는책 시리즈,"13,650",07.17 ~ 07.23,https://www.wishbunny.me/drop/385,New Item
baby,"블루이 한글, 원서","59,900",07.16 ~ 07.22,https://www.wishbunny.me/drop/383,New Item
baby,길벗 어린이 그림책 골라담기,"31,500",07.15 ~ 07.21,https://www.wishbunny.me/drop/381,New Item
baby,애플비 트윙클 세계명작,"72,000",07.14 ~ 07.19,https://www.wishbunny.me/drop/380,New Item
baby,리빙디노 안티슬립,"21,900",07.12 ~ 07.16,https://www.wishbunny.me/drop/379,New Item
baby,다이치 이지캐리3 에어포켓4,"235,000",07.11 ~ 07.17,https://www.wishbunny.me/drop/378,New Item
baby,플레이탱고,N/A,07.09 ~ 07.15,https://www.wishbunny.me/drop/376,New Item
baby,범인을 찾아라,"35,000",07.09 ~ 07.15,https://www.wishbunny.me/drop/375,New Item
baby,모나르떼 교재 세트,"91,200",07.08 ~ 07.14,https://www.wishbunny.me/drop/374,New Item
baby,안녕달 골라담기,"141,450",07.07 ~ 07.13,https://www.wishbunny.me/drop/373,New Item
baby,에이든 세계지도 러그,"52,450",07.04 ~ 07.11,https://www.wishbunny.me/drop/371,New Item
baby,리딩스타스,"27,300",07.03 ~ 07.09,https://www.wishbunny.me/drop/370,New Item
baby,한국을 빛낸 100명의 위인들,"7,560",07.02 ~ 07.08,https://www.wishbunny.me/drop/369,New Item
baby,베스트 차일드애플 더 차일드애플,"36,560",07.01 ~ 07.07,https://www.wishbunny.me/drop/368,New Item
baby,마이키즈 저당,"28,900",07.01 ~ 07.08,https://www.wishbunny.me/drop/367,New Item
baby,바망바망,"54,900",07.30 ~ 08.03,https://www.wishbunny.me/drop/354,New Item
baby,유아단행본 베스트 골라담기,"44,450",06.30 ~ 07.04,https://www.wishbunny.me/drop/347,New Item
baby,플레이송스,"10,500",07.23 ~ 07.31,https://www.wishbunny.me/drop/341,New Item
baby,물놀이 LIGHT UP 큐브,"13,800",07.12 ~ 07.20,https://www.wishbunny.me/drop/339,New Item
baby,머리가 좋아지는 워크북 100,"50,290",07.25 ~ 07.29,https://www.wishbunny.me/drop/338,New Item
baby,엘리트타일즈 마그네틱타일,N/A,07.02 ~ 07.02,https://www.wishbunny.me/drop/335,New Item
baby,튼튼곰 시리즈,"113,400",07.07 ~ 07.13,https://www.wishbunny.me/drop/334,New Item
baby,망고라이언 한영 파닉스 사운드북,"39,000",07.03 ~ 07.07,https://www.wishbunny.me/drop/332,New Item
baby,슈퍼파닉스 한글 교구,"98,000",07.21 ~ 07.31,https://www.wishbunny.me/drop/328,New Item
baby,돌잡이 한글 수학 명화 영어 + 바니펜,"81,000",07.04 ~ 07.06,https://www.wishbunny.me/drop/327,New Item
baby,벨베이비 신상 휠자석블럭,"19,800",07.04 ~ 07.11,https://www.wishbunny.me/drop/321,New Item
baby,물티슈 100% 정제수로만 만든 버틀러 유아물티슈,"26,410",07.21 ~ 07.24,https://www.wishbunny.me/drop/312,New Item
baby,주니 미아방지 스티커,"8,900",07.17 ~ 07.20,https://www.wishbunny.me/drop/310,New Item
baby,하이하트 실리콘 목욕 장난감,"14,850",07.11 ~ 07.14,https://www.wishbunny.me/drop/309,New Item
baby,그레이트북스 알록달록 엘머,"178,000",07.18 ~ 07.31,https://www.wishbunny.me/drop/300,New Item
baby,차일드라이프 영양제,"79,500",06.17 ~ 06.20,https://www.wishbunny.me/drop/299,New Item
baby,스트라이더 밸런스 바이크,"153,000",06.28 ~ 06.30,https://www.wishbunny.me/drop/298,New Item
baby,세마리 토끼 잡는 독서 논술/초등 어휘/초등 독해 시리즈 선택구매,"36,750",06.25 ~ 07.01,https://www.wishbunny.me/drop/296,New Item
baby,에이블 코지 프리미엄 트라이크,"318,000",06.24 ~ 06.27,https://www.wishbunny.me/drop/295,New Item
baby,아이랩 목걸이형 초미니 선풍기,"9,900",06.09 ~ 06.12,https://www.wishbunny.me/drop/294,New Item
baby,Busy day,"130,200",06.16 ~ 06.20,https://www.wishbunny.me/drop/288,New Item
baby,모네 트라이크,"283,000",06.13 ~ 06.16,https://www.wishbunny.me/drop/285,New Item
baby,베베누보 장화,"35,900",06.25 ~ 06.27,https://www.wishbunny.me/drop/279,New Item
baby,HOO 모던 하이체어 베이비용,"109,000",06.20 ~ 06.23,https://www.wishbunny.me/drop/277,New Item
baby,파이토 블락,"26,000",06.30 ~ 07.03,https://www.wishbunny.me/drop/276,New Item
baby,리틀타이거 워크북 2차,"29,900",06.16 ~ 06.18,https://www.wishbunny.me/drop/275,New Item
baby,고로고로 돌돌이,"28,900",06.17 ~ 06.20,https://www.wishbunny.me/drop/270,New Item
baby,레벨릭스 썼다지웠다 워크북,N/A,06.22 ~ 06.24,https://www.wishbunny.me/drop/265,New Item
baby,앤데이지홈 냉감 침구 2차,N/A,06.17 ~ 06.22,https://www.wishbunny.me/drop/264,New Item
baby,달님똥 과학,"148,000",06.13 ~ 06.19,https://www.wishbunny.me/drop/261,New Item
baby,어뜌 케어백,"16,900",06.10 ~ 06.11,https://www.wishbunny.me/drop/257,New Item
baby,대발이 전래놀이,"29,800",06.20 ~ 06.26,https://www.wishbunny.me/drop/256,New Item
baby,개구쟁이 특공대,"48,600",06.11 ~ 06.17,https://www.wishbunny.me/drop/254,New Item
baby,한글용사 아이야,"18,000",06.17 ~ 06.23,https://www.wishbunny.me/drop/251,New Item
baby,망고라이언 영어,"86,000",06.18 ~ 06.24,https://www.wishbunny.me/drop/250,New Item
baby,이몽 기저귀 패드,"29,500",06.10 ~ 06.13,https://www.wishbunny.me/drop/247,New Item
baby,웅진 똑똑한 유아 어휘/독해,"37,800",06.30 ~ 07.06,https://www.wishbunny.me/drop/246,New Item
baby,리빙디노 미끄럼 방지 크림,"21,900",06.27 ~ 06.30,https://www.wishbunny.me/drop/245,New Item
baby,마이 퍼스트 100 컬렉션,"34,900",06.11 ~ 06.13,https://www.wishbunny.me/drop/242,New Item
baby,BMW 키즈 자전거,"298,000",06.11 ~ 06.15,https://www.wishbunny.me/drop/241,New Item
baby,"에끌 썬햇, 쿨토시, 선글","9,900",06.11 ~ 06.15,https://www.wishbunny.me/drop/239,New Item
baby,탁가온 에코젠 유아식기 & 스푼포크,"31,200",06.14 ~ 06.15,https://www.wishbunny.me/drop/238,New Item
baby,나는 책보,"67,900",06.24 ~ 06.29,https://www.wishbunny.me/drop/237,New Item
baby,아오라 장난감 정리함 2차,"12,000",06.25 ~ 06.29,https://www.wishbunny.me/drop/235,New Item
baby,베베먼트 유모차 선풍기 2차,"35,300",06.13 ~ 06.16,https://www.wishbunny.me/drop/231,New Item
baby,소중한습관 아기 엉덩이 피니셔 노워시 엉덩이 클렌저,"59,900",06.16 ~ 06.18,https://www.wishbunny.me/drop/227,New Item
baby,마이리틀 경제동화 전12권,"49,800",06.19 ~ 06.25,https://www.wishbunny.me/drop/225,New Item
baby,뉴 베이비 사이언스,"129,000",06.23 ~ 06.25,https://www.wishbunny.me/drop/200,New Item
baby,메쉬넵 베어,"114,000",06.24 ~ 06.30,https://www.wishbunny.me/drop/199,New Item
baby,주니 스텐 물병 신상라인,"24,000",06.19 ~ 06.21,https://www.wishbunny.me/drop/197,New Item
baby,마이바디 전집,"79,200",06.17 ~ 06.20,https://www.wishbunny.me/drop/196,New Item
baby,숲소리 원목교구 모음전,"83,730",06.16 ~ 06.18,https://www.wishbunny.me/drop/195,New Item
baby,노워시 엉덩이 폼 클렌저,"59,900",06.12 ~ 06.15,https://www.wishbunny.me/drop/194,New Item
baby,퍼즐리아,N/A,06.30 ~ 07.03,https://www.wishbunny.me/drop/178,New Item
baby,노부영 베스트,"309,000",06.23 ~ 06.25,https://www.wishbunny.me/drop/177,New Item
baby,케피 목욕놀이,"24,900",06.26 ~ 06.30,https://www.wishbunny.me/drop/176,New Item
baby,나산 LPM 580 4단 회전책장,"309,000",06.19 ~ 06.23,https://www.wishbunny.me/drop/175,New Item
baby,오르다 3D 블럭,"169,000",06.16 ~ 06.19,https://www.wishbunny.me/drop/174,New Item
baby,러닝리소스 영어특집,"14,500",06.12 ~ 06.22,https://www.wishbunny.me/drop/173,New Item
baby,한글홈스쿨 신기한 한글나라,"133,500",06.05 ~ 06.09,https://www.wishbunny.me/drop/171,New Item
baby,머픽 촉각매트,"67,200",06.02 ~ 06.05,https://www.wishbunny.me/drop/170,New Item
baby,플레이조이 폴딩바스켓 2차,"27,900",06.26 ~ 06.28,https://www.wishbunny.me/drop/169,New Item
baby,탁가온 실리콘 식판 5차,"25,000",06.24 ~ 06.27,https://www.wishbunny.me/drop/168,New Item
baby,안경공작소 아기 선글라스,"21,600",06.23 ~ 06.27,https://www.wishbunny.me/drop/167,New Item
baby,벨베이비 밸런스스톤,"34,900",06.20 ~ 06.24,https://www.wishbunny.me/drop/166,New Item
baby,주니 입모아컵 실리콘 홀더,"24,000",06.11 ~ 06.13,https://www.wishbunny.me/drop/161,New Item
baby,리앤코 아기칫솔,"34,800",06.05 ~ 06.09,https://www.wishbunny.me/drop/157,New Item
baby,에이블 코지 프리미엄 트라이크 3차,"318,000",06.03 ~ 06.08,https://www.wishbunny.me/drop/156,New Item
baby,채칼탈수기 2차,N/A,06.25 ~ 06.29,https://www.wishbunny.me/drop/144,New Item
baby,르소메 프리미엄 포밍 주방세제,"14,500",06.27 ~ 07.02,https://www.wishbunny.me/drop/142,New Item
baby,플레이조이 칸칸이 정리함 소품 정리함/ 칸칸이 소품정리함mini,"19,800",06.23 ~ 06.26,https://www.wishbunny.me/drop/140,New Item
baby,두두스토리 마이퍼스트 디스커버리 책,"82,000",06.18 ~ 06.22,https://www.wishbunny.me/drop/137,New Item
baby,맘스보드 5차,"70,900",06.12 ~ 06.15,https://www.wishbunny.me/drop/129,New Item
baby,YK 스쿠터,"75,000",06.04 ~ 06.07,https://www.wishbunny.me/drop/123,New Item
baby,퍼스트100 Collection 한글 영어 중국어 유아 보드북,"34,900",06.25 ~ 06.28,https://www.wishbunny.me/drop/108,New Item
baby,비비또 실리콘 베이비타월,"9,900",06.19 ~ 06.22,https://www.wishbunny.me/drop/106,New Item
baby,람보르기니 킥보드 2차,"99,000",06.04 ~ 06.07,https://www.wishbunny.me/drop/99,New Item
baby,오슬로 레인부츠,"27,900",06.02 ~ 06.05,https://www.wishbunny.me/drop/98,New Item
baby,에그스쿨,N/A,06.30 ~ 07.03,https://www.wishbunny.me/drop/91,New Item
baby,LED 물놀이 LIGHT UP 큐브,"13,800",06.26 ~ 06.28,https://www.wishbunny.me/drop/90,New Item
baby,eq의 천재들,"246,000",06.25 ~ 06.29,https://www.wishbunny.me/drop/89,New Item
baby,슈타펠슈타인 나무 연결보드 2종1세트,"129,000",06.18 ~ 06.20,https://www.wishbunny.me/drop/86,New Item
baby,씨매스1031,"65,320",06.12 ~ 06.19,https://www.wishbunny.me/drop/83,New Item
baby,대발이 만나요 배워요,"126,000",06.10 ~ 06.13,https://www.wishbunny.me/drop/81,New Item
baby,과학 그림책 물아저씨,"136,000",06.04 ~ 06.09,https://www.wishbunny.me/drop/77,New Item
baby,라꽁비에뜨 버터 인상전 마지막 공구,"30,000",06.27 ~ 06.30,https://www.wishbunny.me/drop/75,New Item
baby,아띠빠스 우비 장화,"19,900",06.26 ~ 06.29,https://www.wishbunny.me/drop/74,New Item
baby,365 지능업 워크북 2차,"43,200",06.24 ~ 06.27,https://www.wishbunny.me/drop/73,New Item
baby,베베누보 래쉬가드 시리즈,"64,900",06.09 ~ 06.12,https://www.wishbunny.me/drop/66,New Item
baby,푹신한 2in1 방수 아기 의자 방석 (트립트랩 호환가능),"28,900",06.05 ~ 06.08,https://www.wishbunny.me/drop/65,New Item
baby,주니 물컵 총출동,"21,000",06.16 ~ 06.19,https://www.wishbunny.me/drop/58,New Item
baby,키즈 우산 우비 장화,"18,500",06.17 ~ 06.20,https://www.wishbunny.me/drop/57,New Item
baby,유아크레용,"24,000",06.13 ~ 06.16,https://www.wishbunny.me/drop/56,New Item
baby,대형 워시빕,"18,000",06.12 ~ 06.15,https://www.wishbunny.me/drop/55,New Item
baby,다이치 휴대용 유모차,"459,000",06.04 ~ 06.08,https://www.wishbunny.me/drop/50,New Item
baby,애플비 워크지,"34,800",06.02 ~ 06.11,https://www.wishbunny.me/drop/49,New Item
baby,타임타이머,N/A,06.23 ~ 06.26,https://www.wishbunny.me/drop/48,New Item
baby,아기 유아동 자전거,"298,000",06.01 ~ 06.08,https://www.wishbunny.me/drop/47,New Item
baby,SDV 700 & 영어 DVD 골라담기,"88,900",06.30 ~ 07.06,https://www.wishbunny.me/drop/45,New Item
baby,컬러체인징 아기 우산,"18,500",06.27 ~ 06.29,https://www.wishbunny.me/drop/44,New Item
baby,디즈니 명작 애니메이션 USB 듀얼타입,"14,900",06.19 ~ 06.23,https://www.wishbunny.me/drop/41,New Item
baby,크레용,N/A,06.18 ~ 06.22,https://www.wishbunny.me/drop/40,New Item
baby,밸런스 스톤,"34,900",06.16 ~ 06.18,https://www.wishbunny.me/drop/39,New Item
baby,자기주도컵 빨대컵 컵홀더,"21,000",06.13 ~ 06.15,https://www.wishbunny.me/drop/38,New Item
baby,포그니 밤부 반팔 실내복 2세트+롤링턱받이 3개,"13,300",06.10 ~ 06.12,https://www.wishbunny.me/drop/37,New Item
baby,두리변기,"39,900",06.17 ~ 06.19,https://www.wishbunny.me/drop/36,New Item
baby,친환경 곡물 클레이,"17,900",06.05 ~ 06.09,https://www.wishbunny.me/drop/35,New Item
baby,와글와글 동물 100 도서,"49,900",06.02 ~ 06.05,https://www.wishbunny.me/drop/34,New Item
baby,신상 넘버블럭스,N/A,06.16 ~ 06.19,https://www.wishbunny.me/drop/33,New Item
baby,교구 정리함,"59,400",06.09 ~ 06.11,https://www.wishbunny.me/drop/32,New Item
book,추피 한글 179종,N/A,02.07 ~ 02.09,https://www.wishbunny.me/drop/10125,New Item
book,추피베베,N/A,02.07 ~ 02.09,https://www.wishbunny.me/drop/10124,New Item
book,착! 붙는 자석가방,0,03.11 ~ 03.14,https://www.wishbunny.me/drop/10122,New Item
book,바로판매3개이상 무료배송 [팀브레인즈] 유아 영어 교구 잉글리쉬 송즈 사운드북,"9,600",02.06 ~ 02.10,https://www.wishbunny.me/drop/10106,New Item
book,어린이 포켓도감 3권 세트,"13,900",02.06 ~ 02.09,https://www.wishbunny.me/drop/10045,
book,야물야물 생활동화(전30권),"77,000",02.12 ~ 02.18,https://www.wishbunny.me/drop/10034,
book,대발이 성교육 최저가,"29,800",02.04 ~ 02.13,https://www.wishbunny.me/drop/10002,
book,대발이 경제동화 최저가,"59,220",02.04 ~ 02.16,https://www.wishbunny.me/drop/10000,
book,대발이 사회동화 최저가,"148,000",02.04 ~ 02.16,https://www.wishbunny.me/drop/9999,
book,슬기로운 원 생활,N/A,02.06 ~ 02.08,https://www.wishbunny.me/drop/9948,
book,추피영문판최저가,"170,250",02.02 ~ 02.03,https://www.wishbunny.me/drop/9897,
book,엉덩이탐정 시리즈,N/A,02.20 ~ 02.22,https://www.wishbunny.me/drop/9870,
book,나의 첫 지리책,"105,000",02.02 ~ 02.04,https://www.wishbunny.me/drop/9863,
book,엄마마음그림책,N/A,01.28 ~ 02.04,https://www.wishbunny.me/drop/9852,
book,어떡해요,N/A,02.27,https://www.wishbunny.me/drop/9850,
book,우리그림책/ 새계그림책,N/A,02.25,https://www.wishbunny.me/drop/9849,
book,345처음한글세트,N/A,02.23,https://www.wishbunny.me/drop/9847,
book,튼튼곰시리즈,N/A,02.09,https://www.wishbunny.me/drop/9843,
book,공룡대발이 시리즈(생활동화/성교육동화/유치원동화),"88,200",02.01 ~ 02.28,https://www.wishbunny.me/drop/9836,
book,코리생활동화,N/A,02.23 ~ 02.25,https://www.wishbunny.me/drop/9810,
book,블루래빗 골라담기,"17,100",02.04 ~ 02.06,https://www.wishbunny.me/drop/9799,
book,망고라이언 어떡해요,N/A,02.16 ~ 02.18,https://www.wishbunny.me/drop/9725,
book,[천개의 바람] 한국사 2차,N/A,02.19 ~ 03.25,https://www.wishbunny.me/drop/9708,
book,[책읽는곰] 그림책이 참 좋아,"908,900",02.03 ~ 02.05,https://www.wishbunny.me/drop/9707,
book,나는 책보,N/A,02.09 ~ 02.11,https://www.wishbunny.me/drop/9695,
book,캥거루 자연주머니 책,N/A,02.19 ~ 02.21,https://www.wishbunny.me/drop/9682,
book,훈민 마이바디책,N/A,02.25 ~ 02.27,https://www.wishbunny.me/drop/9664,
book,개구쟁이 특공대,N/A,02.16 ~ 02.18,https://www.wishbunny.me/drop/9633,
book,비아에듀 개념사전,N/A,02.12 ~ 02.14,https://www.wishbunny.me/drop/9600,New Item
book,읽으면서 써먹는 시리즈,N/A,02.09 ~ 02.11,https://www.wishbunny.me/drop/9599,New Item
book,블루래빗 베스트 골라담기,N/A,02.23 ~ 02.25,https://www.wishbunny.me/drop/9559,
book,블루래빗 두뇌발달,"99,000",02.06 ~ 02.08,https://www.wishbunny.me/drop/9554,
book,세계 명작 팝업북,N/A,02.14 ~ 02.17,https://www.wishbunny.me/drop/9508,
book,야물야물 그림책,"77,000",02.12 ~ 02.18,https://www.wishbunny.me/drop/9485,
book,블루래빗명작,N/A,02.10 ~ 02.13,https://www.wishbunny.me/drop/9461,
book,WHY? 책 한국사/과학/세계사,N/A,02.23 ~ 02.27,https://www.wishbunny.me/drop/9439,
book,소맥거핀의 신체친구들 1-4권,N/A,02.12 ~ 02.18,https://www.wishbunny.me/drop/9435,
book,망고라이언 시리즈,N/A,02.02 ~ 02.04,https://www.wishbunny.me/drop/9379,
book,구도 노리코 그림책,N/A,02.25 ~ 03.03,https://www.wishbunny.me/drop/9315,
book,빼뜨르 호라체크 보드북&픽토리 조작북 8종,N/A,02.09 ~ 02.11,https://www.wishbunny.me/drop/9235,
book,아기공룡 생활동화,"19,900",02.04 ~ 02.07,https://www.wishbunny.me/drop/9175,
book,안아주기 & 엄마 마음 & 아이 마음 그림책 최저가,N/A,01.30,https://www.wishbunny.me/drop/9153,
book,Why고전 29권 세트,"175,500",01.30,https://www.wishbunny.me/drop/9150,
book,잉글리쉬 송즈 사운드북,"9,600",01.30 ~ 02.05,https://www.wishbunny.me/drop/9124,
book,시리즈 Why 피플 49권 세트,"252,500",01.30,https://www.wishbunny.me/drop/9123,
book,Why 초등 교과서 연계 (예비 초등 포함),"25,200",01.30,https://www.wishbunny.me/drop/9122,
book,EQ의 천재들 115종 & 모험시리즈 & 매일시리즈 최저가!,"246,000",01.30,https://www.wishbunny.me/drop/9121,
book,키움 입학준비끝내기4종,"31,200",01.30,https://www.wishbunny.me/drop/9120,
book,물아저씨 특별판4권,"39,000",01.30 ~ 02.28,https://www.wishbunny.me/drop/9117,
book,블루래빗 명작,N/A,02.10 ~ 02.13,https://www.wishbunny.me/drop/9064,
book,토토랑 짝짝짝 생활동화,N/A,02.02 ~ 02.05,https://www.wishbunny.me/drop/9050,
book,why수학최저가,"94,900",01.30 ~ 02.10,https://www.wishbunny.me/drop/9013,Date Update: 01.30 ~ 02.04 -> 01.30 ~ 02.10
book,비밀요원레너드최저가,"55,500",01.29 ~ 02.10,https://www.wishbunny.me/drop/9012,Date Update: 01.29 ~ 02.03 -> 01.29 ~ 02.10
book,아이깜찍 팝업북,N/A,02.02 ~ 02.05,https://www.wishbunny.me/drop/9005,New Item
book,블루래빗 언어발달,N/A,02.06 ~ 02.07,https://www.wishbunny.me/drop/9004,New Item
book,잉글리쉬 송즈 사운드북,"9,600",01.30 ~ 02.04,https://www.wishbunny.me/drop/8964,New Item
book,푸름이 짝짜꿍,"57,850",02.09 ~ 02.12,https://www.wishbunny.me/drop/8963,New Item
book,베이비 드림북 플러스 16권 전집 6만원대 (권당 3천원대 수준),"65,900",01.28 ~ 01.30,https://www.wishbunny.me/drop/8923,New Item
book,포켓도감 3종세트,"13,900",01.26 ~ 02.01,https://www.wishbunny.me/drop/8909,New Item
book,베베추피 23종 전집 2025,"183,750",01.26 ~ 02.01,https://www.wishbunny.me/drop/8873,New Item
book,영어노래새운드북 잉글리쉬 송즈 사운드북,"9,600",01.24 ~ 03.31,https://www.wishbunny.me/drop/8837,New Item
book,사운드북 골라담기,"10,000",01.24 ~ 01.25,https://www.wishbunny.me/drop/8792,New Item
book,토토랑 짝짝짝 필수생활동화 소전집,"71,900",01.19 ~ 01.21,https://www.wishbunny.me/drop/8716,New Item
book,추피의생활이야기179종 한글판 최신개정판,"178,500",01.17 ~ 01.31,https://www.wishbunny.me/drop/8702,New Item
book,공룡대발이 경제동화 30권,"59,220",01.15 ~ 01.18,https://www.wishbunny.me/drop/8619,New Item
book,엄마랑낱말카드,N/A,02.09 ~ 02.11,https://www.wishbunny.me/drop/8601,New Item
book,"정브로 생생자연관찰14종, 퀴즈도감2종, 곤충탐정 2종 골라담기",N/A,01.29 ~ 01.31,https://www.wishbunny.me/drop/8556,New Item
book,비룡소 그림동화 <마녀위니> 24종,"146,510",01.26 ~ 01.28,https://www.wishbunny.me/drop/8555,New Item
book,어스본 플랩북 호기심퐁퐁 & 어디어디 숨었니,N/A,01.02 ~ 01.09,https://www.wishbunny.me/drop/8549,New Item
book,블루래빗 - 워크북 골라담기,"9,100",01.28 ~ 02.01,https://www.wishbunny.me/drop/8525,New Item
book,미니깜찍팝업북,"54,600",01.26 ~ 01.31,https://www.wishbunny.me/drop/8455,New Item
book,"미니깜찍, 아이깜찍","54,600",01.10 ~ 01.13,https://www.wishbunny.me/drop/8394,New Item
book,꼼지락꼼지락 두조각퍼즐 (단품),"10,500",01.06 ~ 01.12,https://www.wishbunny.me/drop/8357,New Item
book,꼼지락꼼지락 두조각퍼즐 4종세트,"39,000",01.06 ~ 01.12,https://www.wishbunny.me/drop/8355,New Item
book,베스트차일드애플 & 해님의부엌,"36,560",01.05 ~ 01.09,https://www.wishbunny.me/drop/8352,New Item
book,논리수학동화 '첫런칭',"54,900",01.21 ~ 01.23,https://www.wishbunny.me/drop/8317,New Item
book,펀투리드,"252,000",01.06 ~ 01.14,https://www.wishbunny.me/drop/8314,New Item
book,1100 아기병풍,"62,900",01.19 ~ 01.21,https://www.wishbunny.me/drop/8302,New Item
book,기적의독해력 2차,"15,750",01.19 ~ 01.21,https://www.wishbunny.me/drop/8284,New Item
book,(도서) 비밀요원 레너드 첫공구,N/A,01.16 ~ 01.18,https://www.wishbunny.me/drop/8283,New Item
book,캐츠잉글리쉬 무료체험 신청중,N/A,01.01 ~ 01.03,https://www.wishbunny.me/drop/8275,New Item
book,허니북 마더구스,N/A,01.20 ~ 01.22,https://www.wishbunny.me/drop/8268,New Item
book,"튤립,아이스크림 사운드북,멜로디봉봉 모음","36,750",01.08 ~ 01.14,https://www.wishbunny.me/drop/8126,New Item
book,까이유(한글판/영어판),"53,900",01.07 ~ 01.10,https://www.wishbunny.me/drop/8111,New Item
book,꼼지락 두조각퍼즐,"39,000",01.06 ~ 01.11,https://www.wishbunny.me/drop/8110,New Item
book,베베추피 전집 23종,"183,750",01.05 ~ 01.08,https://www.wishbunny.me/drop/8108,New Item
book,튤립사운드북 아이스크림사운드북 세트,"34,650",01.03 ~ 01.09,https://www.wishbunny.me/drop/8074,New Item
book,아우노그라노 아우노너띠,"20,900",01.27 ~ 01.29,https://www.wishbunny.me/drop/7891,New Item
book,라베스토 스마트 초등학생 어린이의자,N/A,01.23 ~ 01.25,https://www.wishbunny.me/drop/7889,New Item
book,분수 보드게임,"50,000",01.13 ~ 01.15,https://www.wishbunny.me/drop/7885,New Item
book,브릭스 리딩,N/A,01.09 ~ 01.11,https://www.wishbunny.me/drop/7857,New Item
book,종이접기도서전,"8,400",01.06 ~ 01.08,https://www.wishbunny.me/drop/7854,New Item
book,레벨릭스 썼다지웠다 워크북,"9,900",01.08 ~ 01.10,https://www.wishbunny.me/drop/7846,New Item
book,킨즈 마이베이비북,"49,800",01.06 ~ 01.10,https://www.wishbunny.me/drop/7845,New Item
book,코리의 생활동화,N/A,01.01 ~ 01.04,https://www.wishbunny.me/drop/7819,New Item
book,사파 SDV700/영어 DVD 골라담기,"88,900",01.29 ~ 02.01,https://www.wishbunny.me/drop/7809,New Item
book,대발이 만나요/배워요 생활동화,"88,200",01.05 ~ 01.11,https://www.wishbunny.me/drop/7799,New Item
book,토토랑 짝짝짝 첫 습관 생활동화 세트,N/A,01.24 ~ 01.27,https://www.wishbunny.me/drop/7792,New Item
book,한글 마법딱지,"124,350",01.08 ~ 01.11,https://www.wishbunny.me/drop/7778,New Item
book,보리온겨레 전래동화 (120세트한정),"156,000",01.29 ~ 01.31,https://www.wishbunny.me/drop/7762,New Item
book,토토북 골라담기,"9,800",01.15 ~ 01.17,https://www.wishbunny.me/drop/7758,New Item
book,빠방타요 소전집/ 손잡이 놀이북,N/A,01.02 ~ 01.04,https://www.wishbunny.me/drop/7714,New Item
book,베스트셀러 그림책 골라담기,"30,000",01.22 ~ 01.25,https://www.wishbunny.me/drop/7698,New Item
book,그레이트북스 이솝우화,"49,800",01.15 ~ 01.18,https://www.wishbunny.me/drop/7696,New Item
book,야물야물 그림책,N/A,01.13 ~ 01.15,https://www.wishbunny.me/drop/7675,New Item
book,블루래빗 두뇌발달,"99,000",01.07 ~ 01.09,https://www.wishbunny.me/drop/7673,New Item
book,콕콕콕 사운드벽보 3차,"32,500",01.22 ~ 01.24,https://www.wishbunny.me/drop/7657,New Item
book,마루별 프리미엄 아기병풍 5차,"59,000",01.20 ~ 01.22,https://www.wishbunny.me/drop/7654,New Item
book,미니깜찍팝업북 외 모음전 4차,"33,850",01.19 ~ 01.21,https://www.wishbunny.me/drop/7653,New Item
book,두두스토리 베이비 세즈 세트,"72,000",01.13 ~ 01.15,https://www.wishbunny.me/drop/7647,New Item
book,야물야물 그림책 4차,"80,000",01.08 ~ 01.10,https://www.wishbunny.me/drop/7644,New Item
book,허니북 마더구스 A&B 풀세트,"275,420",01.05 ~ 01.07,https://www.wishbunny.me/drop/7639,New Item
book,팀브레인 영어사운드북 보드북,"9,600",01.12 ~ 01.17,https://www.wishbunny.me/drop/7600,New Item
book,야물야물 그림책,N/A,02.05 ~ 02.06,https://www.wishbunny.me/drop/7565,New Item
book,오감발달,"79,000",01.07 ~ 01.09,https://www.wishbunny.me/drop/7560,New Item
book,비지베어 a&d세트,"47,700",01.05 ~ 01.08,https://www.wishbunny.me/drop/7559,New Item
book,립프로그 워드북,"37,900",01.28 ~ 01.30,https://www.wishbunny.me/drop/7497,New Item
book,콕콕콕 사운드벽보+ 쑥쑥이차트,"15,750",01.16 ~ 01.18,https://www.wishbunny.me/drop/7490,New Item
book,블루래빗 두뇌발달 세트,"99,000",01.02 ~ 01.04,https://www.wishbunny.me/drop/7483,New Item
book,마이바디 소전집,"79,200",01.26 ~ 01.28,https://www.wishbunny.me/drop/7440,New Item
book,국민유아인지사전 My First Learning Library 영한본 20권 세트,N/A,01.22 ~ 01.25,https://www.wishbunny.me/drop/7439,New Item
book,마이 퍼스트 라이브러리,N/A,01.21 ~ 01.23,https://www.wishbunny.me/drop/7438,New Item
book,코리 생활동화,"79,200",01.05 ~ 01.07,https://www.wishbunny.me/drop/7432,New Item
book,블루래빗 골라담기,"9,500",01.24 ~ 01.26,https://www.wishbunny.me/drop/7427,New Item
book,워크북 <초록편> 런칭,N/A,01.19 ~ 01.21,https://www.wishbunny.me/drop/7353,New Item
book,수채화 키트,"14,800",01.15 ~ 01.18,https://www.wishbunny.me/drop/7352,New Item
book,(특가) 블루래빗 세계명작팝업북세트 - 10권,"29,500",01.07 ~ 01.09,https://www.wishbunny.me/drop/7321,New Item
book,블루래빗 스티커북,"9,500",01.29 ~ 01.31,https://www.wishbunny.me/drop/7308,New Item
book,미니 깜찍 팝업북,"54,600",01.26 ~ 01.28,https://www.wishbunny.me/drop/7305,New Item
book,블루래빗 언어발달,"79,000",01.17 ~ 01.19,https://www.wishbunny.me/drop/7300,New Item
book,"놀이책, 워크북","8,400",01.03 ~ 01.07,https://www.wishbunny.me/drop/7273,New Item
book,블루래빗(오감발달),"79,000",01.21 ~ 01.22,https://www.wishbunny.me/drop/7248,New Item
book,베베추피(전집),"183,750",01.16 ~ 01.18,https://www.wishbunny.me/drop/7245,New Item
book,깜찍 팝업북,"54,600",01.02 ~ 01.05,https://www.wishbunny.me/drop/7241,New Item
book,미니깜찍팝업북,N/A,02.19 ~ 02.22,https://www.wishbunny.me/drop/7206,New Item
book,더 차일드 애플 (전 50권),N/A,01.13 ~ 01.15,https://www.wishbunny.me/drop/7071,New Item
book,노래하는가방,"39,800",01.07 ~ 01.12,https://www.wishbunny.me/drop/7066,New Item
book,꼬마들의 친구 추피 (전 31종),"97,500",01.06 ~ 01.10,https://www.wishbunny.me/drop/7065,New Item
book,추피의 생활이야기 영문판+사은품3종,"170,250",12.26 ~ 01.12,https://www.wishbunny.me/drop/7041,New Item
book,페파피그 컬렉션 100권 (레드/블루),"46,000",01.26 ~ 02.01,https://www.wishbunny.me/drop/7022,New Item
book,똑똑성교육동화,"39,800",03.09 ~ 03.13,https://www.wishbunny.me/drop/6926,New Item
book,추피의 생활이야기 + 세이펜,"178,500",12.16 ~ 12.22,https://www.wishbunny.me/drop/6911,New Item
book,영어동요 사운드북 11종,"9,600",12.30 ~ 01.02,https://www.wishbunny.me/drop/6909,New Item
book,올리올리 123 첫 수학동화 조작북,N/A,12.18 ~ 12.22,https://www.wishbunny.me/drop/6900,New Item
book,레벨릭스 썼다 지웠다 워크북,"9,900",12.31 ~ 01.02,https://www.wishbunny.me/drop/6858,New Item
book,마이 베이비북,"49,800",12.25 ~ 01.01,https://www.wishbunny.me/drop/6841,New Item
book,블루래빗 오감발달,"79,000",12.17 ~ 12.18,https://www.wishbunny.me/drop/6791,New Item
book,싱얼롱위드미 전체구성,"53,000",12.15 ~ 12.18,https://www.wishbunny.me/drop/6790,New Item
book,블루래빗 골라잠기,"12,950",12.24 ~ 12.27,https://www.wishbunny.me/drop/6770,New Item
book,초등신문,"38,150",12.18 ~ 01.01,https://www.wishbunny.me/drop/6753,New Item
book,만화 삼국지,"58,800",12.08 ~ 12.21,https://www.wishbunny.me/drop/6746,New Item
book,마엘 사운드북,"24,300",12.08 ~ 12.20,https://www.wishbunny.me/drop/6735,New Item
book,스티커 와우 & 워터,N/A,12.15 ~ 12.18,https://www.wishbunny.me/drop/6730,New Item
book,아빠차트,"16,800",12.25 ~ 01.01,https://www.wishbunny.me/drop/6726,New Item
book,튤립 사운드북,"34,650",12.29 ~ 01.01,https://www.wishbunny.me/drop/6722,New Item
book,몬테소리 비지북,N/A,12.15 ~ 12.19,https://www.wishbunny.me/drop/6716,New Item
book,사랑해 시리즈,"39,800",12.10 ~ 12.14,https://www.wishbunny.me/drop/6713,New Item
book,보림 보드북,"11,000",12.08 ~ 12.10,https://www.wishbunny.me/drop/6711,New Item
book,추피한글판,"178,500",12.19 ~ 12.21,https://www.wishbunny.me/drop/6705,New Item
book,싱어롱 위드미,"139,000",12.17 ~ 12.19,https://www.wishbunny.me/drop/6704,New Item
book,마이바디 전집,"79,200",12.09 ~ 12.12,https://www.wishbunny.me/drop/6696,New Item
book,노부영 위싱+스팟,"105,000",12.08 ~ 12.14,https://www.wishbunny.me/drop/6633,New Item
book,야물야물 그림책,"110,000",12.04 ~ 12.07,https://www.wishbunny.me/drop/6631,New Item
book,추피의생활이야기+세이펜,"178,500",12.16 ~ 12.18,https://www.wishbunny.me/drop/6606,New Item
book,집에서도 워크북,"24,900",12.08 ~ 12.11,https://www.wishbunny.me/drop/6568,New Item
book,보림 베스트 셀러 골라담기,"9,490",12.15 ~ 12.21,https://www.wishbunny.me/drop/6561,New Item
book,마이퍼스트 라이브 러리,N/A,12.01 ~ 12.07,https://www.wishbunny.me/drop/6559,New Item
book,최태성의 한능검 한국사,"68,600",12.22 ~ 12.28,https://www.wishbunny.me/drop/6558,New Item
book,베베추피 전집,"183,750",12.29 ~ 01.02,https://www.wishbunny.me/drop/6552,New Item
book,픽토리 마더구스,N/A,12.08 ~ 12.12,https://www.wishbunny.me/drop/6533,New Item
book,블루래빗 오감발달,"79,000",12.19 ~ 12.20,https://www.wishbunny.me/drop/6525,New Item
book,야물야물,"110,000",12.11 ~ 12.15,https://www.wishbunny.me/drop/6522,New Item
book,야물야물 생활동화,"110,000",12.04 ~ 12.07,https://www.wishbunny.me/drop/6517,New Item
book,노부영 에릭칼,"89,000",12.29 ~ 12.31,https://www.wishbunny.me/drop/6511,New Item
book,싱어롱 위드미,"53,500",12.10 ~ 12.13,https://www.wishbunny.me/drop/6504,New Item
book,비지베어,"47,700",12.01 ~ 12.04,https://www.wishbunny.me/drop/6499,New Item
book,국민유아인지사전 My First Learning Library 영한본 20권 세트,N/A,12.30 ~ 01.02,https://www.wishbunny.me/drop/6497,New Item
book,키바조이 사운드북,"99,000",12.16 ~ 12.19,https://www.wishbunny.me/drop/6488,New Item
book,아임어리틀(자연책),N/A,12.10 ~ 12.13,https://www.wishbunny.me/drop/6482,New Item
book,블록북 7종,"14,700",12.03 ~ 12.05,https://www.wishbunny.me/drop/6475,New Item
book,츄피 보드북,N/A,12.02 ~ 12.05,https://www.wishbunny.me/drop/6474,New Item
book,단독 런칭! 토토랑 짝짝짝! 사운드북,N/A,12.15 ~ 12.18,https://www.wishbunny.me/drop/6454,New Item
book,블루래빗,N/A,12.12 ~ 12.15,https://www.wishbunny.me/drop/6453,New Item
book,튤립 사운드북,"36,750",12.30 ~ 01.01,https://www.wishbunny.me/drop/6432,New Item
book,다산 꿀잠 그림책,"63,000",12.26 ~ 01.01,https://www.wishbunny.me/drop/6430,New Item
book,인기 중고 도서,"235,000",12.29 ~ 01.02,https://www.wishbunny.me/drop/6412,New Item
book,365 지능업,"32,900",12.18 ~ 12.21,https://www.wishbunny.me/drop/6409,New Item
book,노부영 에릭칼,"128,000",12.11 ~ 12.14,https://www.wishbunny.me/drop/6398,New Item
book,하루 10권 원서읽기 vooks,N/A,12.08 ~ 12.12,https://www.wishbunny.me/drop/6390,New Item
book,몬테소리 아기 헝겊책,"49,800",12.15 ~ 12.17,https://www.wishbunny.me/drop/6322,New Item
book,베베추피,"183,750",12.19 ~ 12.24,https://www.wishbunny.me/drop/6261,New Item
book,블루래빗 오감 발달,"79,000",12.13 ~ 01.01,https://www.wishbunny.me/drop/6254,New Item
book,마더구즈 씽투게더,"29,000",12.18 ~ 01.01,https://www.wishbunny.me/drop/6238,New Item
book,핀덴 최저가,"489,000",12.18 ~ 12.20,https://www.wishbunny.me/drop/6224,New Item
book,튤립 사운드 북,"34,650",12.18 ~ 12.20,https://www.wishbunny.me/drop/6173,New Item
book,0~6세 영어 첫전집 망고라이언,"86,000",12.22 ~ 12.28,https://www.wishbunny.me/drop/6168,New Item
book,노부영 에릭칼,"128,000",12.26 ~ 12.30,https://www.wishbunny.me/drop/6166,New Item
book,베이비 마더구스,"69,900",12.22 ~ 12.25,https://www.wishbunny.me/drop/6162,New Item
book,블루래빗 두뇌발달,"99,000",12.17 ~ 12.18,https://www.wishbunny.me/drop/6160,New Item
book,보림 꼼지락 손가락 인형책,"12,000",12.15 ~ 12.21,https://www.wishbunny.me/drop/6159,New Item
book,베베추피 보드북 17종,"97,500",12.12 ~ 12.14,https://www.wishbunny.me/drop/6062,New Item
book,캥거루 자연주머니,"36,900",12.04 ~ 12.07,https://www.wishbunny.me/drop/6058,New Item
book,엄마랑낱말카드&세이펜,"23,900",12.01 ~ 12.03,https://www.wishbunny.me/drop/6056,New Item
book,마루별 놀이병풍,"59,000",12.01 ~ 12.04,https://www.wishbunny.me/drop/6022,New Item
book,베이비 드림북,"49,500",12.10 ~ 12.13,https://www.wishbunny.me/drop/5994,New Item
book,코코몰리올리수학,N/A,12.18 ~ 12.24,https://www.wishbunny.me/drop/5934,New Item
book,세이펜 호환 꾸물이 명작병풍,N/A,11.21 ~ 11.25,https://www.wishbunny.me/drop/5929,New Item
book,두덜 이후 강력 추천! 영어 원서 보드북,"39,900",11.27 ~ 11.30,https://www.wishbunny.me/drop/5854,New Item
book,신상! 야물야물 생활동화,"110,000",11.13 ~ 11.18,https://www.wishbunny.me/drop/5850,New Item
book,와글와글 숲속의 음식가게,"31,500",11.26 ~ 12.02,https://www.wishbunny.me/drop/5838,New Item
book,추피의 생활이야기 179종 (한글),"178,500",11.24 ~ 11.27,https://www.wishbunny.me/drop/5836,New Item
book,올리올리 수학동화,"79,000",11.21 ~ 11.25,https://www.wishbunny.me/drop/5834,New Item
book,마이리틀 경제동화,"49,800",11.21 ~ 11.25,https://www.wishbunny.me/drop/5833,New Item
book,베베추피,N/A,11.17 ~ 11.20,https://www.wishbunny.me/drop/5828,New Item
book,포켓도감,N/A,11.13 ~ 11.19,https://www.wishbunny.me/drop/5827,New Item
book,미니깜찍 팝업북,N/A,11.03 ~ 11.06,https://www.wishbunny.me/drop/5818,New Item
book,두두스토리 첫놀이 전집 17종 FULL SET,N/A,11.05 ~ 11.11,https://www.wishbunny.me/drop/5797,New Item
book,망고라이언 왜안돼요,N/A,11.17 ~ 11.19,https://www.wishbunny.me/drop/5728,New Item
book,레벨릭스 워크북,"9,900",11.10 ~ 11.14,https://www.wishbunny.me/drop/5720,New Item
book,물아저씨 공구 인상전 마지막 공구,"39,000",11.30 ~ 12.01,https://www.wishbunny.me/drop/5620,New Item
book,"엄마마음 , 아이마음 안아주기","210,000",11.10 ~ 11.14,https://www.wishbunny.me/drop/5610,New Item
book,키즈에이원 세계명작,N/A,11.26 ~ 11.30,https://www.wishbunny.me/drop/5596,New Item
book,크로커다일 크릭퍼즐,N/A,11.18 ~ 11.21,https://www.wishbunny.me/drop/5593,New Item
book,물아저씨,"39,000",11.17 ~ 11.19,https://www.wishbunny.me/drop/5592,New Item
book,천개의바람 어휘력 플러스,N/A,11.10 ~ 11.16,https://www.wishbunny.me/drop/5588,New Item
book,크리스마스 블럭,"38,400",11.07 ~ 11.12,https://www.wishbunny.me/drop/5586,New Item
book,무브무브 플랩북 17종,N/A,11.03 ~ 11.09,https://www.wishbunny.me/drop/5583,New Item
book,수상한 시리즈,"139,230",11.20 ~ 12.01,https://www.wishbunny.me/drop/5577,New Item
book,블루래빗 언어발달,"79,000",11.06 ~ 11.09,https://www.wishbunny.me/drop/5526,New Item
book,아기별 입체 그림책,"63,700",11.05 ~ 11.08,https://www.wishbunny.me/drop/5448,New Item
book,블루래빗 12종 골라담기,"17,100",11.12 ~ 11.15,https://www.wishbunny.me/drop/5412,New Item
book,블루래빗 오감발달 2차,"79,000",11.07 ~ 11.08,https://www.wishbunny.me/drop/5344,New Item
book,보림 손가락책 / 플랩북,"9,000",11.03 ~ 11.09,https://www.wishbunny.me/drop/5342,New Item
book,추피 생활동화,"178,500",11.10 ~ 11.16,https://www.wishbunny.me/drop/5329,New Item
book,애플비 사운드북,"27,420",11.24 ~ 11.27,https://www.wishbunny.me/drop/5314,New Item
book,올어바웃 마이바디,"79,200",11.14 ~ 11.18,https://www.wishbunny.me/drop/5309,New Item
book,레벨릭스 워크북,"9,900",11.07 ~ 11.09,https://www.wishbunny.me/drop/5294,New Item
book,꽁떼떼 회전책,"129,000",11.26 ~ 12.08,https://www.wishbunny.me/drop/5233,New Item
book,보림보드북 골라담기,"9,100",11.24 ~ 11.30,https://www.wishbunny.me/drop/5231,New Item
book,베베추피 전집,"183,750",11.18 ~ 11.21,https://www.wishbunny.me/drop/5228,New Item
book,보림 오목오목 감각책,"30,800",11.24 ~ 11.30,https://www.wishbunny.me/drop/5204,New Item
book,블루래빗 소리놀잼 골라담기,N/A,11.03 ~ 11.06,https://www.wishbunny.me/drop/5196,New Item
book,미니 깜찍 팝업북,"41,860",11.21 ~ 11.23,https://www.wishbunny.me/drop/5184,New Item
book,능률 링크 시리즈,"33,600",11.25 ~ 11.28,https://www.wishbunny.me/drop/5078,New Item
book,밤비 노루크 도이치 풀세트,"349,000",11.20 ~ 12.01,https://www.wishbunny.me/drop/5075,New Item
book,노르잇 높이조절 독서대,"42,330",11.17 ~ 11.19,https://www.wishbunny.me/drop/5071,New Item
book,블루래빗 재밌다 워크북,"9,100",11.07 ~ 11.09,https://www.wishbunny.me/drop/5065,New Item
book,실사 워크북,"24,900",11.24 ~ 11.26,https://www.wishbunny.me/drop/5039,New Item
book,노부영 위씽 / 스팟,"105,000",11.19 ~ 11.22,https://www.wishbunny.me/drop/5037,New Item
book,플레이송스 홈문화센터 패키지,N/A,11.17 ~ 11.23,https://www.wishbunny.me/drop/5028,New Item
book,망고라이언 3종시리즈,N/A,11.04 ~ 11.09,https://www.wishbunny.me/drop/4964,New Item
book,게몽사 디즈니 명작동화,"188,000",11.06 ~ 11.09,https://www.wishbunny.me/drop/4958,New Item
book,망고라이언 성교육 동화,N/A,11.03 ~ 11.09,https://www.wishbunny.me/drop/4954,New Item
book,망고라이언 어떡해요 & 사운드북,N/A,11.18 ~ 11.24,https://www.wishbunny.me/drop/4951,New Item
book,추피 영문판,"170,250",11.24 ~ 11.28,https://www.wishbunny.me/drop/4919,New Item
book,블루이(20종) 책,N/A,11.20 ~ 11.27,https://www.wishbunny.me/drop/4918,New Item
book,스콜라 창작,"12,750",11.12 ~ 11.16,https://www.wishbunny.me/drop/4907,New Item
book,리틀피기 실내복,N/A,11.12 ~ 11.18,https://www.wishbunny.me/drop/4788,New Item
book,사랑해 보드북 한글 Ver.,"39,800",11.04 ~ 11.07,https://www.wishbunny.me/drop/4781,New Item
book,DK 영어책,"89,000",11.03 ~ 11.08,https://www.wishbunny.me/drop/4780,New Item
book,타이거스쿨 워크북,"29,900",12.10 ~ 12.14,https://www.wishbunny.me/drop/4735,New Item
book,블루래빗 골라담기,"19,250",11.05 ~ 11.09,https://www.wishbunny.me/drop/4709,New Item
book,똑똑한 유아 어휘/독해,"37,800",11.25 ~ 11.28,https://www.wishbunny.me/drop/4672,New Item
book,세마리 토끼 시리즈,"36,750",11.19 ~ 11.24,https://www.wishbunny.me/drop/4668,New Item
book,대발이 만나요 배워요,"88,200",11.17 ~ 11.19,https://www.wishbunny.me/drop/4666,New Item
book,소마셈 팩토,"42,560",11.11 ~ 11.16,https://www.wishbunny.me/drop/4662,New Item
book,모나르떼,"91,200",11.10 ~ 11.16,https://www.wishbunny.me/drop/4661,New Item
book,블루이 원서,"33,600",11.06 ~ 11.12,https://www.wishbunny.me/drop/4658,New Item
book,베드타임 스토리,"58,000",11.04 ~ 11.09,https://www.wishbunny.me/drop/4657,New Item
book,미리 준비하는 예비 초등,"36,400",11.03 ~ 11.09,https://www.wishbunny.me/drop/4656,New Item
book,지니키즈 지니스쿨,N/A,11.02 ~ 11.08,https://www.wishbunny.me/drop/4655,New Item
book,올리올리 아기전집,"79,000",11.17 ~ 11.20,https://www.wishbunny.me/drop/4652,New Item
book,우리아이 첫 스티커북,"71,280",11.12 ~ 11.16,https://www.wishbunny.me/drop/4651,New Item
book,미니 깜찍 팝업북,"54,600",11.03 ~ 11.05,https://www.wishbunny.me/drop/4649,New Item
book,다독다독,N/A,11.10 ~ 11.12,https://www.wishbunny.me/drop/4645,New Item
book,레벨릭스 썼다 지웠다 워크북,"9,900",11.07 ~ 11.09,https://www.wishbunny.me/drop/4601,New Item
book,야물야물 전집,"77,000",11.18 ~ 11.18,https://www.wishbunny.me/drop/4546,New Item
book,마이퍼스트 라이브러리 실사책,"39,000",11.27 ~ 11.30,https://www.wishbunny.me/drop/4483,New Item
book,보림 보드북,"27,000",11.01 ~ 11.09,https://www.wishbunny.me/drop/4453,New Item
book,말하는 첫발견,"327,000",10.28 ~ 10.31,https://www.wishbunny.me/drop/4138,New Item
book,뮤고랑 낱말카드,"40,900",10.20 ~ 10.26,https://www.wishbunny.me/drop/4137,New Item
book,알록달록 엘머,"178,000",10.13 ~ 10.17,https://www.wishbunny.me/drop/4136,New Item
book,베스트차일드애플,"36,560",10.27 ~ 10.29,https://www.wishbunny.me/drop/4049,New Item
book,쏠앤샘 비지북,"38,900",10.20 ~ 10.23,https://www.wishbunny.me/drop/4046,New Item
book,실사 워크북,"24,900",10.28 ~ 10.31,https://www.wishbunny.me/drop/4023,New Item
book,키즈에이원 소피아 수학동화,N/A,10.22 ~ 10.26,https://www.wishbunny.me/drop/4002,New Item
book,시매쓰 1031 전단계,"49,000",10.15 ~ 10.19,https://www.wishbunny.me/drop/4000,New Item
book,"아람, 그레이트 중고도서전","165,000",10.29 ~ 10.31,https://www.wishbunny.me/drop/3996,New Item
book,리리맘픽 그림책 골라담기,"8,400",10.09 ~ 10.19,https://www.wishbunny.me/drop/3986,New Item
book,망고라이언 성교육 동화,"37,600",10.15 ~ 10.19,https://www.wishbunny.me/drop/3975,New Item
book,블루래빗 골라담기,N/A,10.30 ~ 11.02,https://www.wishbunny.me/drop/3974,New Item
book,야물야물,"90,580",10.21 ~ 10.26,https://www.wishbunny.me/drop/3968,New Item
book,저학년문고 노란잠수함,"177,100",10.29 ~ 11.03,https://www.wishbunny.me/drop/3959,New Item
book,놓지마 시리즈,"38,640",10.24 ~ 10.26,https://www.wishbunny.me/drop/3958,New Item
book,콕콕콕 사운드북,N/A,10.31 ~ 11.02,https://www.wishbunny.me/drop/3942,New Item
book,개구쟁이 특공대,"48,600",10.20 ~ 10.23,https://www.wishbunny.me/drop/3920,New Item
book,공룡대발이 수학/과학동화/홈스쿨링,"148,000",10.30 ~ 11.02,https://www.wishbunny.me/drop/3908,New Item
book,노부영 / 스테디 베스트 + 송카드,"293,000",10.27 ~ 10.31,https://www.wishbunny.me/drop/3907,New Item
book,기발한생각 유레카 8권,"37,900",10.20 ~ 10.24,https://www.wishbunny.me/drop/3905,New Item
book,미니깜찍팝업북 12종/7종 세트,"54,600",10.16 ~ 10.19,https://www.wishbunny.me/drop/3904,New Item
book,블루이 8권 한글 그림책,"67,200",10.13 ~ 10.16,https://www.wishbunny.me/drop/3903,New Item
book,망고라이언 사운드북,N/A,10.29 ~ 10.31,https://www.wishbunny.me/drop/3899,New Item
book,연두비 어린이도감,"19,840",10.27 ~ 10.31,https://www.wishbunny.me/drop/3898,New Item
book,토도(한/영/수),"369,000",10.16 ~ 10.19,https://www.wishbunny.me/drop/3884,New Item
book,핍앤포지 ( 영어+한글 쌍둥이북 ),"84,000",10.27 ~ 10.30,https://www.wishbunny.me/drop/3880,New Item
book,블루래빗 두뇌발달,"99,000",10.22 ~ 10.23,https://www.wishbunny.me/drop/3870,New Item
book,마이퍼스트 라이브러리 20권,N/A,10.22 ~ 10.26,https://www.wishbunny.me/drop/3865,New Item
book,리고베리 소근육 발달 비지북,N/A,10.22 ~ 10.26,https://www.wishbunny.me/drop/3864,New Item
book,립프로그 워드북 100,"37,900",10.22 ~ 10.26,https://www.wishbunny.me/drop/3863,New Item
book,코리의 생활이야기 책,"79,200",10.21 ~ 10.23,https://www.wishbunny.me/drop/3842,New Item
book,두두스토리 명화클래식,N/A,10.30 ~ 11.04,https://www.wishbunny.me/drop/3839,New Item
book,픽토리 When i feel,"41,400",10.16 ~ 10.19,https://www.wishbunny.me/drop/3834,New Item
book,노부영 베스트,"339,000",10.16 ~ 10.19,https://www.wishbunny.me/drop/3795,New Item
book,블루래빗 소리놀잼 골라담기,"17,900",10.15 ~ 10.19,https://www.wishbunny.me/drop/3773,New Item
book,리고 베리북,N/A,10.10 ~ 10.14,https://www.wishbunny.me/drop/3769,New Item
book,올리올리,"79,000",10.17 ~ 10.22,https://www.wishbunny.me/drop/3729,New Item
book,플레이송스 사운드북 24종 골라담기!,"10,500",10.27 ~ 10.30,https://www.wishbunny.me/drop/3704,New Item
book,넛지영어 굿바이 공구,"156,000",10.28 ~ 12.08,https://www.wishbunny.me/drop/3692,New Item
book,플레이송스 골라담기,"10,500",10.01 ~ 10.07,https://www.wishbunny.me/drop/3672,New Item
book,대발이 호기심 동화,"147,500",10.31 ~ 11.06,https://www.wishbunny.me/drop/3613,New Item
book,보림 보드북,"9,510",10.28 ~ 10.31,https://www.wishbunny.me/drop/3610,New Item
book,부케북,"14,850",10.22 ~ 10.26,https://www.wishbunny.me/drop/3606,New Item
book,망고라이언 골라담기,N/A,10.21 ~ 10.26,https://www.wishbunny.me/drop/3605,New Item
book,안녕 나는 행성,"42,700",10.17 ~ 10.23,https://www.wishbunny.me/drop/3603,New Item
book,호랑이 술래,"45,000",10.16 ~ 10.19,https://www.wishbunny.me/drop/3602,New Item
book,호비 아이챌린지,"319,200",10.13 ~ 10.17,https://www.wishbunny.me/drop/3599,New Item
book,한글/수학이 야호,"42,000",10.06 ~ 10.12,https://www.wishbunny.me/drop/3598,New Item
book,한글용사 아이야,"42,000",10.06 ~ 10.12,https://www.wishbunny.me/drop/3597,New Item
book,구도노리코,"42,350",10.03 ~ 10.09,https://www.wishbunny.me/drop/3595,New Item
book,올어바웃 마이바디,"79,200",10.20 ~ 10.24,https://www.wishbunny.me/drop/3575,New Item
book,대발이 만나요 & 배워요,"88,200",10.15 ~ 10.19,https://www.wishbunny.me/drop/3574,New Item
book,미니깜찍팝업북,"31,850",10.13 ~ 10.16,https://www.wishbunny.me/drop/3572,New Item
book,야물야물 그림책,"77,000",10.02 ~ 10.09,https://www.wishbunny.me/drop/3570,New Item
book,베이비 마더구스,"69,900",10.20 ~ 10.22,https://www.wishbunny.me/drop/3530,New Item
book,산리오 도서모음,"7,000",10.23 ~ 10.27,https://www.wishbunny.me/drop/3519,New Item
book,브릭스 골라담기,"48,000",10.21 ~ 10.26,https://www.wishbunny.me/drop/3517,New Item
book,추피 한글/영어 전집,"170,250",10.14 ~ 10.16,https://www.wishbunny.me/drop/3514,New Item
book,야물야물 그림책,"77,000",10.02 ~ 10.09,https://www.wishbunny.me/drop/3510,New Item
book,엄마마음그림책,"10,500",10.22 ~ 10.26,https://www.wishbunny.me/drop/3495,New Item
book,전래동화/명작동화 런칭,"53,900",10.10 ~ 10.15,https://www.wishbunny.me/drop/3485,New Item
book,사랑해 보드북 원서,"57,800",10.28 ~ 10.31,https://www.wishbunny.me/drop/3476,New Item
book,베베추피,"183,750",10.17 ~ 10.20,https://www.wishbunny.me/drop/3471,New Item
book,두두스토리 명화,"82,000",10.14 ~ 10.17,https://www.wishbunny.me/drop/3468,New Item
book,블루래빗 골라담기,"17,100",10.09 ~ 10.12,https://www.wishbunny.me/drop/3465,New Item
book,야물야물,"77,000",10.02 ~ 10.09,https://www.wishbunny.me/drop/3463,New Item
book,두두스토리 포토북,"35,900",10.01 ~ 10.12,https://www.wishbunny.me/drop/3461,New Item
book,튤립 사운드북,"12,960",10.20 ~ 10.22,https://www.wishbunny.me/drop/3452,New Item
book,베베추피 골라담기,"17,500",10.13 ~ 10.15,https://www.wishbunny.me/drop/3450,New Item
book,안녕달 그림책 골라담기,"97,820",10.13 ~ 10.15,https://www.wishbunny.me/drop/3442,New Item
book,야물야물,"77,000",10.02 ~ 10.09,https://www.wishbunny.me/drop/3441,New Item
book,은하수 명작 시리즈,"237,000",10.02 ~ 10.05,https://www.wishbunny.me/drop/3421,New Item
book,초링 5권,"49,000",10.13 ~ 10.17,https://www.wishbunny.me/drop/3380,New Item
book,꽃씨 심는 초앗 요정 초링 세트,"49,000",10.13 ~ 10.17,https://www.wishbunny.me/drop/3379,New Item
book,다산 다독다독 언어 & 과학,"245,000",10.02 ~ 10.12,https://www.wishbunny.me/drop/3370,New Item
book,똑똑 성교육 동화,"39,800",10.01 ~ 10.09,https://www.wishbunny.me/drop/3353,New Item
book,언어천재 말놀이 세트,"77,000",10.22 ~ 10.28,https://www.wishbunny.me/drop/3346,New Item
book,와글 와글 숲속의 음식 가게,"31,500",10.16 ~ 10.21,https://www.wishbunny.me/drop/3339,New Item
book,우리 아이 최고의 선택,"56,000",10.15 ~ 10.21,https://www.wishbunny.me/drop/3337,New Item
book,이탈리안 브레인롯 캐릭터 도감+카드북,"9,900",10.23 ~ 10.26,https://www.wishbunny.me/drop/3336,New Item
book,리틀 퓨처북 뽀로로펜 코딩S,"59,900",10.13 ~ 10.17,https://www.wishbunny.me/drop/3332,New Item
book,사랑해 사랑해 사랑해 시리즈 보드북 세트,"39,800",10.03 ~ 10.19,https://www.wishbunny.me/drop/3331,New Item
book,다중지능 야물야물 + 세이펜,"77,000",10.02 ~ 10.09,https://www.wishbunny.me/drop/3330,New Item
book,베베추피,"183,750",10.14 ~ 10.16,https://www.wishbunny.me/drop/3210,New Item
book,야물야물,N/A,10.03 ~ 10.09,https://www.wishbunny.me/drop/3205,New Item
book,푸름이 까꿍 / 짝짜꿍,"148,750",10.06 ~ 10.09,https://www.wishbunny.me/drop/3186,New Item
book,GO GO 카카오프렌즈 시리즈,"115,920",10.01 ~ 10.07,https://www.wishbunny.me/drop/3184,New Item
book,애플비 사운드 토이북,"18,560",10.14 ~ 10.19,https://www.wishbunny.me/drop/3132,New Item
book,한일 포근 콧물 흡입기,N/A,10.09 ~ 10.12,https://www.wishbunny.me/drop/3130,New Item
book,야물야물 그림책,"271,420",10.01 ~ 10.07,https://www.wishbunny.me/drop/3128,New Item
book,"에릭칼, 까꿍북, 퍼스트 100",N/A,10.14 ~ 10.17,https://www.wishbunny.me/drop/3121,New Item
book,통통 자연동화,"39,800",10.06 ~ 10.10,https://www.wishbunny.me/drop/3118,New Item
book,야물야물 그림책,"77,000",10.02 ~ 10.09,https://www.wishbunny.me/drop/3117,New Item
book,플레이송스 사운드북 모음전,"10,500",09.24 ~ 09.29,https://www.wishbunny.me/drop/2664,New Item
book,돌잡이 시리즈,"81,000",09.19 ~ 09.22,https://www.wishbunny.me/drop/2620,New Item
book,무브무브 플랩북 4종,"85,000",09.15 ~ 09.21,https://www.wishbunny.me/drop/2617,New Item
book,모어 화이트 방수 스프레이,N/A,09.10 ~ 09.14,https://www.wishbunny.me/drop/2507,New Item
education,실리콘 유아 채소교구,N/A,02.07 ~ 02.11,https://www.wishbunny.me/drop/10111,New Item
education,팀브레인즈 브레인탭 퀴즈마스터,"56,500",02.06 ~ 02.08,https://www.wishbunny.me/drop/10104,New Item
education,타일 자석블럭,"25,900",02.06 ~ 02.09,https://www.wishbunny.me/drop/10033,
education,세이펜 마지막 이가격,"129,000",02.04 ~ 02.09,https://www.wishbunny.me/drop/9981,
education,아이키움 꼼지락꼼지락 두조각 퍼즐 4종,"10,500",02.23 ~ 02.26,https://www.wishbunny.me/drop/9959,
education,잉글리시에그,N/A,02.19 ~ 02.22,https://www.wishbunny.me/drop/9952,
education,노부영 마.퍼.디,N/A,02.23 ~ 02.25,https://www.wishbunny.me/drop/9871,
education,첫시작 낱말카드,N/A,02.12 ~ 02.14,https://www.wishbunny.me/drop/9868,
education,학습보드게임,N/A,02.09 ~ 02.11,https://www.wishbunny.me/drop/9867,
education,글자놀이세트,N/A,02.20,https://www.wishbunny.me/drop/9846,
education,슈퍼매직파닉스,N/A,02.05,https://www.wishbunny.me/drop/9841,
education,한글 자석 글자 교구세트,"22,700",02.02 ~ 02.06,https://www.wishbunny.me/drop/9832,
education,요미펜,N/A,02.24 ~ 02.27,https://www.wishbunny.me/drop/9829,
education,블루레빗 워크북,N/A,02.09 ~ 02.11,https://www.wishbunny.me/drop/9825,
education,칠교,"9,900",02.02 ~ 02.04,https://www.wishbunny.me/drop/9823,
education,쑥쑥이차트,N/A,02.27 ~ 03.01,https://www.wishbunny.me/drop/9813,
education,수학용어 총정리,N/A,02.23 ~ 02.25,https://www.wishbunny.me/drop/9770,
education,그림으로 보는 한국사 외,"44,090",02.04 ~ 02.06,https://www.wishbunny.me/drop/9767,
education,에그스쿨 유치원,N/A,02.26 ~ 02.28,https://www.wishbunny.me/drop/9699,
education,에그스쿨 초등,N/A,02.23 ~ 02.25,https://www.wishbunny.me/drop/9698,
education,필즈수학,"28,000",02.03 ~ 02.08,https://www.wishbunny.me/drop/9693,
education,아빠차트,N/A,02.23 ~ 02.25,https://www.wishbunny.me/drop/9683,
education,엄마랑 낱말카드,N/A,02.19 ~ 02.21,https://www.wishbunny.me/drop/9681,
education,레벨릭스 워크북 특집,N/A,02.12 ~ 02.14,https://www.wishbunny.me/drop/9656,
education,콕콕콕 사운드벽보 2차,N/A,02.23 ~ 02.25,https://www.wishbunny.me/drop/9641,
education,세이펜 인상전 마지막,N/A,02.20 ~ 02.22,https://www.wishbunny.me/drop/9640,
education,똑똑손놀이 워크지,"19,800",02.03 ~ 02.05,https://www.wishbunny.me/drop/9635,New Item
education,아티바바 미술도구,N/A,02.20 ~ 02.26,https://www.wishbunny.me/drop/9630,New Item
education,잉글리쉬 러닝패드,N/A,02.23 ~ 02.25,https://www.wishbunny.me/drop/9617,New Item
education,썼다 지웠다 워크북 8종,"9,900",02.06 ~ 02.08,https://www.wishbunny.me/drop/9616,New Item
education,왕수학,N/A,03.03 ~ 03.05,https://www.wishbunny.me/drop/9603,New Item
education,내일은 실험왕,N/A,02.24 ~ 02.26,https://www.wishbunny.me/drop/9602,New Item
education,제철배움달력,N/A,02.19 ~ 02.21,https://www.wishbunny.me/drop/9601,New Item
education,눈높이 똑똑 한글/수학,N/A,02.12 ~ 02.14,https://www.wishbunny.me/drop/9542,
education,에그스쿨,"67,000",02.05 ~ 02.06,https://www.wishbunny.me/drop/9540,Date Update: 02.04 ~ 02.06 -> 02.05 ~ 02.06
education,보드게임,"15,600",02.02 ~ 02.04,https://www.wishbunny.me/drop/9539,
education,눈높이 똑똑 한글/수학,N/A,02.12 ~ 02.14,https://www.wishbunny.me/drop/9527,
education,"워크북 모음전 (한글, 수학, 창의)",N/A,02.09 ~ 02.11,https://www.wishbunny.me/drop/9506,
education,[첫 런칭] 레벨릭스 한글 100일 마스터,"39,600",02.02 ~ 02.05,https://www.wishbunny.me/drop/9502,
education,에듀플레이어,N/A,02.26 ~ 02.28,https://www.wishbunny.me/drop/9493,
education,러닝리소스 이준맘 pick,N/A,02.12 ~ 02.14,https://www.wishbunny.me/drop/9490,
education,밤비노루크,N/A,02.09 ~ 02.11,https://www.wishbunny.me/drop/9489,
education,아람 말하는 첫발견,"357,000",02.06 ~ 02.08,https://www.wishbunny.me/drop/9488,
education,잼바라 AI 보드게임,N/A,02.11 ~ 02.18,https://www.wishbunny.me/drop/9434,New Item
education,오르다 첫발견,N/A,02.23 ~ 02.27,https://www.wishbunny.me/drop/9414,New Item
education,레벨릭스 워크북,N/A,02.16 ~ 02.18,https://www.wishbunny.me/drop/9404,New Item
education,가베가족 보드게임,N/A,02.10 ~ 02.18,https://www.wishbunny.me/drop/9310,New Item
education,썼다 지웠다 워크북,"9,900",02.02 ~ 02.04,https://www.wishbunny.me/drop/9299,New Item
education,"요리수 평면도형, 분수, 구구단",N/A,02.25 ~ 02.27,https://www.wishbunny.me/drop/9253,New Item
education,그램그램 영문법,N/A,02.23 ~ 02.27,https://www.wishbunny.me/drop/9252,New Item
education,레일큐브,N/A,02.16 ~ 02.19,https://www.wishbunny.me/drop/9237,New Item
education,"요리수 평면도형, 분수, 구구단",N/A,02.25 ~ 02.27,https://www.wishbunny.me/drop/9179,New Item
education,그램그램 영문법,N/A,02.23 ~ 02.27,https://www.wishbunny.me/drop/9178,New Item
education,사파cd/dvd씨디플레이어최저가공구중,"69,000",01.30 ~ 02.28,https://www.wishbunny.me/drop/9154,Date Update: 01.30 -> 01.30 ~ 02.28
education,몬스터매그 챌린지,N/A,02.23 ~ 02.25,https://www.wishbunny.me/drop/9086,
education,레벨릭스 워크북 전체,N/A,02.20 ~ 02.22,https://www.wishbunny.me/drop/9055,
education,아티바바 실리콘 블럭 모음전,"23,800",02.04 ~ 02.07,https://www.wishbunny.me/drop/8973,
education,만능 토츠 독서대 3 in 1,"37,900",01.29 ~ 02.02,https://www.wishbunny.me/drop/8966,Date Update: 01.29 ~ 02.01 -> 01.29 ~ 02.02
education,패턴 플레이 EVA 입체 스티커놀이,"8,900",02.07 ~ 02.11,https://www.wishbunny.me/drop/8924,
education,크레욜라 메스프리 모음전,"5,000",02.09 ~ 02.12,https://www.wishbunny.me/drop/8919,
education,썼다 지웠다 워크북,"9,900",01.27 ~ 01.29,https://www.wishbunny.me/drop/8908,
education,복합기 (코팅+열제본),"79,000",02.02 ~ 02.06,https://www.wishbunny.me/drop/8902,
education,어린이집 자수네임 고리수건/자수네임 방수파우치(체크/투명),"10,900",01.25 ~ 02.01,https://www.wishbunny.me/drop/8868,
education,요미몬,"84,000",01.27 ~ 01.30,https://www.wishbunny.me/drop/8822,
education,어디나 거는 전면책장! 벽걸이 북차트 7종,"18,500",01.22 ~ 01.25,https://www.wishbunny.me/drop/8758,New Item
education,크레타탭 3~8세 차세대 사고력 유아수학 학습기 페이퍼태블릿,"89,000",01.19 ~ 01.23,https://www.wishbunny.me/drop/8729,New Item
education,블루래빗 인기제품 12종 최저가 골라담기,"10,120",01.20 ~ 01.23,https://www.wishbunny.me/drop/8701,New Item
education,블루래빗오감발달🎁본품선믈,"79,000",02.07 ~ 02.09,https://www.wishbunny.me/drop/8632,New Item
education,사고력 수학 학습기,"89,000",01.13 ~ 01.18,https://www.wishbunny.me/drop/8600,New Item
education,슈심송 슈퍼심플송 & 페파피그 DVD,"157,900",02.08 ~ 02.12,https://www.wishbunny.me/drop/8574,New Item
education,러닝리소스 9종 골라담기,N/A,01.22 ~ 01.27,https://www.wishbunny.me/drop/8554,New Item
education,망고라이언 80피스 미니 마그네틱 타일,N/A,01.15 ~ 01.17,https://www.wishbunny.me/drop/8552,New Item
education,벨베이비 자석블럭,"22,800",01.22 ~ 01.24,https://www.wishbunny.me/drop/8542,New Item
education,에듀 DVD 플레이어 + 영어 DVD 모음,N/A,01.08 ~ 01.10,https://www.wishbunny.me/drop/8530,New Item
education,나오나우 화상영어,N/A,01.27 ~ 02.10,https://www.wishbunny.me/drop/8524,New Item
education,공간27 유아 보드게임 스타터,N/A,01.06 ~ 01.11,https://www.wishbunny.me/drop/8518,New Item
education,리라그루브 연필&색연필,"11,700",01.19 ~ 01.21,https://www.wishbunny.me/drop/8513,New Item
education,애플비 스티커북 모음전,"22,750",01.12 ~ 01.18,https://www.wishbunny.me/drop/8445,New Item
education,콩콩 스탬프 스티커,"12,870",01.09 ~ 01.12,https://www.wishbunny.me/drop/8443,New Item
education,호르메 단어스티커,"66,100",01.05 ~ 01.09,https://www.wishbunny.me/drop/8414,New Item
education,마루별 아이병풍,"59,000",01.13 ~ 01.15,https://www.wishbunny.me/drop/8401,New Item
education,"리라그루브 색연필 트리플원, 점보","18,000",01.07 ~ 01.10,https://www.wishbunny.me/drop/8397,New Item
education,Toy for life 교구 2차,N/A,01.19 ~ 01.23,https://www.wishbunny.me/drop/8345,New Item
education,호르메 단어스티커,"66,100",01.19 ~ 01.21,https://www.wishbunny.me/drop/8327,New Item
education,에그스쿨,"67,000",01.26 ~ 01.29,https://www.wishbunny.me/drop/8318,New Item
education,수학포스트잇 2차,N/A,01.28 ~ 01.30,https://www.wishbunny.me/drop/8289,New Item
education,박물관꾸미기 스티처 첫공구,"27,000",01.09 ~ 01.11,https://www.wishbunny.me/drop/8279,New Item
education,소마셈팩토 14차,"44,800",01.05 ~ 01.07,https://www.wishbunny.me/drop/8276,New Item
education,화상영어 수강권,"1,099,000",01.08,https://www.wishbunny.me/drop/8104,New Item
education,하이도도,"114,570",01.05 ~ 01.06,https://www.wishbunny.me/drop/8103,New Item
education,리딩게이트,"140,222",01.05,https://www.wishbunny.me/drop/8101,New Item
education,물노리 실리콘교구 쌓기놀이 시장놀이 아이스크림장난감 (4종1세트),"21,000",01.24 ~ 01.28,https://www.wishbunny.me/drop/8085,New Item
education,물노리 실리콘 주방놀이 채소장난감,"27,000",02.08 ~ 02.11,https://www.wishbunny.me/drop/8084,New Item
education,몬테소리 달력& 시계,N/A,01.01 ~ 01.05,https://www.wishbunny.me/drop/7935,New Item
education,수학도둑 앵콜,"108,000",01.26 ~ 01.28,https://www.wishbunny.me/drop/7864,New Item
education,최태성 한국사 수호대 앵콜,"71,680",01.19 ~ 01.21,https://www.wishbunny.me/drop/7862,New Item
education,1인용/ 도형보드게임,"149,000",01.05 ~ 01.07,https://www.wishbunny.me/drop/7853,New Item
education,일프로연산 앵콜 (초강추),"149,000",01.03 ~ 01.05,https://www.wishbunny.me/drop/7852,New Item
education,크로커다일크릭 퍼즐,N/A,01.02 ~ 01.04,https://www.wishbunny.me/drop/7810,New Item
education,레벨릭스 썼다지웠다 워크북,"9,900",01.16 ~ 01.18,https://www.wishbunny.me/drop/7804,New Item
education,넘버블록스 스토리북 & 썼다 지웠다 워크북,"43,000",01.08 ~ 01.11,https://www.wishbunny.me/drop/7800,New Item
education,요미몬 와우펜,"8,900",01.08 ~ 01.11,https://www.wishbunny.me/drop/7788,New Item
education,1인 보드게임,N/A,01.29 ~ 02.01,https://www.wishbunny.me/drop/7784,New Item
education,나도이제초등학생 시리즈(전30권),"252,000",01.22 ~ 01.25,https://www.wishbunny.me/drop/7782,New Item
education,(가베가족) 안녕 칠교야 마스터세트,N/A,01.22 ~ 01.23,https://www.wishbunny.me/drop/7760,New Item
education,패턴플레이 스티커,"8,900",01.13 ~ 01.18,https://www.wishbunny.me/drop/7695,New Item
education,오르다 매파빌 + 연산놀이북,"150,000",01.26 ~ 01.28,https://www.wishbunny.me/drop/7687,New Item
education,스콜라스틱 기초3종 -사이트워드 파닉스 알파벳 -팝펜호환,"149,000",01.19 ~ 01.21,https://www.wishbunny.me/drop/7685,New Item
education,수 교구 특집,N/A,01.05 ~ 01.07,https://www.wishbunny.me/drop/7681,New Item
education,러닝리소스 골라담기,N/A,02.02 ~ 02.03,https://www.wishbunny.me/drop/7563,New Item
education,마이베이비북14종 + 자석칠교,"49,800",02.07 ~ 02.11,https://www.wishbunny.me/drop/7227,New Item
education,콕콕콕 사운드벽보+쑥쑥이차트,"15,750",01.25 ~ 01.28,https://www.wishbunny.me/drop/7141,New Item
education,블루래빗 두뇌발달,"99,000",01.23 ~ 01.25,https://www.wishbunny.me/drop/7101,New Item
education,자석블록,"46,000",12.29 ~ 12.31,https://www.wishbunny.me/drop/7046,New Item
education,티니 한조각&두조각 자석퍼즐,"12,000",01.07 ~ 01.10,https://www.wishbunny.me/drop/7042,New Item
education,요미몬 플레이돌,"84,000",12.15 ~ 12.17,https://www.wishbunny.me/drop/6848,New Item
education,옴모 크레용,"21,900",12.15 ~ 12.17,https://www.wishbunny.me/drop/6844,New Item
education,제트피규어,"229,000",12.29 ~ 01.01,https://www.wishbunny.me/drop/6842,New Item
education,마루별 놀이 & 자연병풍,"59,000",12.11 ~ 01.01,https://www.wishbunny.me/drop/6836,New Item
education,레시피박스 유아매니큐어,"24,900",12.18 ~ 12.20,https://www.wishbunny.me/drop/6831,New Item
education,그로그로잉 미니타일,N/A,12.11 ~ 12.13,https://www.wishbunny.me/drop/6829,New Item
education,발도로프 & 그림스,N/A,12.18 ~ 12.21,https://www.wishbunny.me/drop/6784,New Item
education,Live 우리아이 놀이플랜 피카비,N/A,12.10 ~ 12.12,https://www.wishbunny.me/drop/6782,New Item
education,매드매터 모래놀이,"18,900",12.18 ~ 12.21,https://www.wishbunny.me/drop/6769,New Item
education,사파 DVD 플레이어,"118,000",12.08 ~ 12.11,https://www.wishbunny.me/drop/6759,New Item
education,2초 스마트 한자,"116,500",12.16 ~ 12.18,https://www.wishbunny.me/drop/6751,New Item
education,호안미로 & 캐스비,"11,900",12.16 ~ 01.01,https://www.wishbunny.me/drop/6737,New Item
education,리라그루브,N/A,12.11 ~ 12.14,https://www.wishbunny.me/drop/6729,New Item
education,시쿠 자동차 & 보쉬 공구놀이,N/A,12.08 ~ 12.11,https://www.wishbunny.me/drop/6728,New Item
education,비지북,"21,900",12.29 ~ 01.02,https://www.wishbunny.me/drop/6727,New Item
education,타코 가위,N/A,12.17 ~ 12.19,https://www.wishbunny.me/drop/6725,New Item
education,레벨릭스 워크북,"9,900",12.11 ~ 12.14,https://www.wishbunny.me/drop/6723,New Item
education,러닝리소스,N/A,12.22 ~ 12.28,https://www.wishbunny.me/drop/6721,New Item
education,어스본 X Mas,"60,680",12.19 ~ 12.23,https://www.wishbunny.me/drop/6720,New Item
education,부릉부릉 씽씽,"84,840",12.18 ~ 12.21,https://www.wishbunny.me/drop/6719,New Item
education,토틀러 하우스 교구,"319,000",12.15 ~ 12.19,https://www.wishbunny.me/drop/6718,New Item
education,그로우 러닝 자석블럭,N/A,12.09 ~ 12.11,https://www.wishbunny.me/drop/6712,New Item
education,노리터 보드,"162,900",12.15 ~ 12.17,https://www.wishbunny.me/drop/6702,New Item
education,벨베이비,"22,800",12.11 ~ 12.14,https://www.wishbunny.me/drop/6700,New Item
education,브리오,N/A,12.08 ~ 12.10,https://www.wishbunny.me/drop/6695,New Item
education,세이펜,N/A,12.09 ~ 12.11,https://www.wishbunny.me/drop/6634,New Item
education,콕콕콕 사운드벽보,"15,750",12.15 ~ 12.18,https://www.wishbunny.me/drop/6572,New Item
education,볼보 자동차,N/A,12.11 ~ 12.15,https://www.wishbunny.me/drop/6571,New Item
education,크리스마스 선물 요미몬,"84,000",12.11 ~ 12.14,https://www.wishbunny.me/drop/6560,New Item
education,길벗 기적 특강,"44,800",12.15 ~ 12.21,https://www.wishbunny.me/drop/6557,New Item
education,케데헌 악보집 & 키링,"29,250",12.09 ~ 12.15,https://www.wishbunny.me/drop/6555,New Item
education,그림자극장 첫 공구,"128,700",12.16 ~ 01.01,https://www.wishbunny.me/drop/6544,New Item
education,타코 가위,N/A,12.01 ~ 12.04,https://www.wishbunny.me/drop/6532,New Item
education,사운드 벽보/퍼즐/쑥쑥이차트,"31,500",12.30 ~ 01.02,https://www.wishbunny.me/drop/6530,New Item
education,브레인 티저스 보드게임,"20,400",12.29 ~ 01.02,https://www.wishbunny.me/drop/6529,New Item
education,케피,N/A,12.17 ~ 12.19,https://www.wishbunny.me/drop/6524,New Item
education,캐스톤 역활놀이 (다이슨),"39,800",12.15 ~ 12.18,https://www.wishbunny.me/drop/6523,New Item
education,매드매터,"18,900",12.08 ~ 12.10,https://www.wishbunny.me/drop/6519,New Item
education,아티바바 실리콘 블럭,N/A,12.22 ~ 12.26,https://www.wishbunny.me/drop/6509,New Item
education,제트피규어,"229,000",12.18 ~ 12.21,https://www.wishbunny.me/drop/6508,New Item
education,아카시아봉봉,"29,900",12.16 ~ 12.19,https://www.wishbunny.me/drop/6507,New Item
education,올리블리 주방놀이,N/A,12.08 ~ 12.10,https://www.wishbunny.me/drop/6503,New Item
education,우디푸디,"58,000",12.04 ~ 12.07,https://www.wishbunny.me/drop/6501,New Item
education,아기피아노,N/A,12.19 ~ 12.23,https://www.wishbunny.me/drop/6492,New Item
education,미피 자석 블럭,N/A,12.12 ~ 12.14,https://www.wishbunny.me/drop/6484,New Item
education,우디푸디,"163,000",12.08 ~ 12.11,https://www.wishbunny.me/drop/6479,New Item
education,미비 병풍& 미피 거울,N/A,12.05 ~ 12.08,https://www.wishbunny.me/drop/6478,New Item
education,세이펜,N/A,12.04 ~ 12.07,https://www.wishbunny.me/drop/6477,New Item
education,우디푸디 원목 장난감,"58,000",12.01 ~ 12.03,https://www.wishbunny.me/drop/6462,New Item
education,안전 쿠킹 세트,"16,800",12.17 ~ 12.20,https://www.wishbunny.me/drop/6456,New Item
education,갓성비 미카포트 기차,N/A,12.03 ~ 12.07,https://www.wishbunny.me/drop/6446,New Item
education,현대건설 데구르르,N/A,12.12 ~ 12.16,https://www.wishbunny.me/drop/6437,New Item
education,병원놀이,"33,900",12.01 ~ 12.04,https://www.wishbunny.me/drop/6414,New Item
education,인스파이어,"28,800",12.17 ~ 12.21,https://www.wishbunny.me/drop/6408,New Item
education,보드게임,"25,400",12.08 ~ 12.12,https://www.wishbunny.me/drop/6405,New Item
education,미니 자석 타일,"24,500",12.05 ~ 12.07,https://www.wishbunny.me/drop/6404,New Item
education,DVD플레이어 신상,"118,000",12.29 ~ 01.02,https://www.wishbunny.me/drop/6400,New Item
education,아티바바 미술용품,N/A,12.18 ~ 12.21,https://www.wishbunny.me/drop/6399,New Item
education,마그마그자석블럭,"13,900",12.08 ~ 12.10,https://www.wishbunny.me/drop/6393,New Item
education,도형 보드게임,"15,000",12.09 ~ 12.14,https://www.wishbunny.me/drop/6391,New Item
education,몰폰북,N/A,12.04 ~ 12.05,https://www.wishbunny.me/drop/6319,New Item
education,토이 카메라,N/A,12.01 ~ 12.07,https://www.wishbunny.me/drop/6297,New Item
education,아이큐 시리즈 6종,"10,200",12.02 ~ 12.07,https://www.wishbunny.me/drop/6287,New Item
education,도파밍 산타 키즈 카메라,"34,900",12.08 ~ 12.11,https://www.wishbunny.me/drop/6286,New Item
education,러닝리소스,N/A,12.15 ~ 12.19,https://www.wishbunny.me/drop/6256,New Item
education,브리오,N/A,12.12 ~ 12.14,https://www.wishbunny.me/drop/6253,New Item
education,요미몬,"84,000",12.01 ~ 12.07,https://www.wishbunny.me/drop/6243,New Item
education,영재오 플래시카드 set,N/A,12.23 ~ 01.01,https://www.wishbunny.me/drop/6240,New Item
education,세이펜,"29,000",12.17 ~ 12.19,https://www.wishbunny.me/drop/6237,New Item
education,보드게임 토틀러2,"21,600",12.15 ~ 12.19,https://www.wishbunny.me/drop/6236,New Item
education,다원 몬테소리,"49,000",12.11 ~ 12.20,https://www.wishbunny.me/drop/6235,New Item
education,훈민 스티커북,"16,500",12.01 ~ 12.10,https://www.wishbunny.me/drop/6228,New Item
education,맘스보드 마카롱 자석보드,"84,500",12.22 ~ 12.25,https://www.wishbunny.me/drop/6217,New Item
education,시쿠 주차타워 & 미니카,N/A,12.18 ~ 12.21,https://www.wishbunny.me/drop/6216,New Item
education,소리안나 도로매트,"39,900",12.17 ~ 12.19,https://www.wishbunny.me/drop/6215,New Item
education,베이블리 NEW 자석 블럭,"23,900",12.12 ~ 12.14,https://www.wishbunny.me/drop/6213,New Item
education,세이펜,"139,000",12.03 ~ 12.10,https://www.wishbunny.me/drop/6210,New Item
education,공룡 트레일러,"26,900",12.01 ~ 12.10,https://www.wishbunny.me/drop/6209,New Item
education,크레욜라 메스프리,N/A,12.19 ~ 12.22,https://www.wishbunny.me/drop/6205,New Item
education,옴모 크레용,"21,800",12.15 ~ 12.17,https://www.wishbunny.me/drop/6203,New Item
education,와우펜,"8,900",12.11 ~ 12.19,https://www.wishbunny.me/drop/6202,New Item
education,마루별 병풍,"59,000",12.18 ~ 12.21,https://www.wishbunny.me/drop/6189,New Item
education,탑브라이트 ( 크리스마스 선물 강추 ),N/A,12.11 ~ 12.14,https://www.wishbunny.me/drop/6183,New Item
education,맘스보드 레브하우스 & 무빙랙,"70,900",12.04 ~ 12.07,https://www.wishbunny.me/drop/6178,New Item
education,학습 교구 겨울방학 기획전,"13,900",12.18 ~ 12.21,https://www.wishbunny.me/drop/6167,New Item
education,"사파 CD,DVD 플레이어","99,000",01.01 ~ 01.04,https://www.wishbunny.me/drop/6164,New Item
education,브레인러닝 아기병풍&세이펜,"62,900",12.18 ~ 12.22,https://www.wishbunny.me/drop/6064,New Item
education,콕콕콕 사운드벽보,"15,750",12.02 ~ 12.03,https://www.wishbunny.me/drop/6057,New Item
education,쑥쑥이차트,"17,010",12.01 ~ 12.04,https://www.wishbunny.me/drop/6055,New Item
education,미카포트 기차놀이,"26,900",11.26 ~ 11.27,https://www.wishbunny.me/drop/6045,New Item
education,호르메 몬테소리 피규어,"408,000",11.25 ~ 11.28,https://www.wishbunny.me/drop/5943,New Item
education,크레욜라 메스프리,N/A,11.16 ~ 11.18,https://www.wishbunny.me/drop/5940,New Item
education,1인 사고력 보드게임,"15,000",11.17 ~ 11.21,https://www.wishbunny.me/drop/5862,New Item
education,다원 몬세토리 지오보드,"49,000",11.20 ~ 12.01,https://www.wishbunny.me/drop/5853,New Item
education,사파 플레이어 DVD & 슈퍼심플송,N/A,11.18 ~ 11.21,https://www.wishbunny.me/drop/5830,New Item
education,발도르프 빅아치 세트,N/A,11.03 ~ 11.06,https://www.wishbunny.me/drop/5819,New Item
education,옴모 크레용,N/A,11.26 ~ 11.30,https://www.wishbunny.me/drop/5813,New Item
education,데구르르 중장비,"79,900",11.27 ~ 11.30,https://www.wishbunny.me/drop/5785,New Item
education,다이슨 역활 놀이템,"39,800",11.25 ~ 11.28,https://www.wishbunny.me/drop/5783,New Item
education,약셀 유아칼 & 도마,"42,900",11.24 ~ 11.28,https://www.wishbunny.me/drop/5782,New Item
education,사파플레이어 SDV100/SDV700,"79,000",11.17 ~ 11.19,https://www.wishbunny.me/drop/5762,New Item
education,제트피규어 골라담기,"23,000",11.13 ~ 11.16,https://www.wishbunny.me/drop/5761,New Item
education,브리오 북카트,N/A,11.10 ~ 11.12,https://www.wishbunny.me/drop/5745,New Item
education,뽀로로 사운드 카드,"13,500",11.04 ~ 11.08,https://www.wishbunny.me/drop/5744,New Item
education,플러쉬 크래프트 스티커 모자이크,N/A,11.26 ~ 11.30,https://www.wishbunny.me/drop/5711,New Item
education,베스트 창작책 골라담기,"10,500",11.19 ~ 11.23,https://www.wishbunny.me/drop/5614,New Item
education,리틀빈 학습카드,"21,000",11.17 ~ 11.21,https://www.wishbunny.me/drop/5613,New Item
education,크리스마스 어드벤쳐 레고,"33,900",11.14 ~ 11.18,https://www.wishbunny.me/drop/5612,New Item
education,넘버 블럭스 시계,N/A,11.06 ~ 11.09,https://www.wishbunny.me/drop/5608,New Item
education,소마도형,"27,000",11.05 ~ 11.09,https://www.wishbunny.me/drop/5607,New Item
education,에듀플레이어 화면 일체형,"118,000",11.05 ~ 11.09,https://www.wishbunny.me/drop/5584,New Item
education,옥스포드 리딩트리 반값공구,"1,715,300",11.18 ~ 11.21,https://www.wishbunny.me/drop/5582,New Item
education,시사원정대,"98,100",11.25 ~ 11.28,https://www.wishbunny.me/drop/5579,New Item
education,한자 보드게임,"48,800",11.24 ~ 11.26,https://www.wishbunny.me/drop/5578,New Item
education,초등분수 보드게임,"50,000",11.12 ~ 11.16,https://www.wishbunny.me/drop/5575,New Item
education,메모리게임,"7,800",11.07 ~ 11.18,https://www.wishbunny.me/drop/5574,New Item
education,NE 타임즈 영자신문,N/A,11.04 ~ 11.09,https://www.wishbunny.me/drop/5573,New Item
education,갓성비 빼뺴로 만들기 키트,"6,800",11.02 ~ 11.09,https://www.wishbunny.me/drop/5572,New Item
education,10분컷 설치 트리세트,"299,000",11.03 ~ 11.10,https://www.wishbunny.me/drop/5571,New Item
education,미니자석 타일,"24,500",11.27 ~ 11.30,https://www.wishbunny.me/drop/5570,New Item
education,호르메 몬테소리 피규어,"681,600",11.27 ~ 12.01,https://www.wishbunny.me/drop/5533,New Item
education,채리앤해리 플레이러그,"45,000",11.11 ~ 11.14,https://www.wishbunny.me/drop/5527,New Item
education,정토이즈,"69,900",11.22 ~ 12.01,https://www.wishbunny.me/drop/5518,New Item
education,물나오는 주방놀이 마켓놀이 추가!,"310,000",11.12 ~ 11.16,https://www.wishbunny.me/drop/5510,New Item
education,벨베이비 자석블럭,"22,800",11.03 ~ 11.05,https://www.wishbunny.me/drop/5502,New Item
education,벨베이비,N/A,11.27 ~ 11.27,https://www.wishbunny.me/drop/5499,New Item
education,우디푸디,"58,000",11.24 ~ 11.26,https://www.wishbunny.me/drop/5467,New Item
education,아티바바 팝콘블럭& 오징어블럭,N/A,11.03 ~ 11.06,https://www.wishbunny.me/drop/5443,New Item
education,노리터보드 독서대,"103,900",11.14 ~ 11.17,https://www.wishbunny.me/drop/5413,New Item
education,맘스보드 회전 책장,"359,000",11.03 ~ 11.07,https://www.wishbunny.me/drop/5396,New Item
education,아띠바바 오징어.롱블럭,N/A,11.20 ~ 11.23,https://www.wishbunny.me/drop/5359,New Item
education,맘스보드 (코코보드),"124,000",11.24 ~ 11.26,https://www.wishbunny.me/drop/5350,New Item
education,옴모 크레용,N/A,11.17 ~ 11.19,https://www.wishbunny.me/drop/5348,New Item
education,쑥쑥이차트,N/A,11.13 ~ 11.17,https://www.wishbunny.me/drop/5347,New Item
education,엔드로프 교구 5종,"18,800",11.05 ~ 11.09,https://www.wishbunny.me/drop/5343,New Item
education,콕콕콕 사운드 벽보,"31,500",11.17 ~ 11.19,https://www.wishbunny.me/drop/5338,New Item
education,노리터보드,"162,900",11.24 ~ 11.27,https://www.wishbunny.me/drop/5332,New Item
education,블루래빗 언어발달 첫 놀이감,"79,000",11.20 ~ 11.21,https://www.wishbunny.me/drop/5323,New Item
education,맥킹덤 맥타일즈,"79,000",11.17 ~ 11.20,https://www.wishbunny.me/drop/5321,New Item
education,핑크퐁 아기상어 자동차 놀이책,N/A,11.10 ~ 11.13,https://www.wishbunny.me/drop/5320,New Item
education,숲소리,N/A,11.19 ~ 11.23,https://www.wishbunny.me/drop/5311,New Item
education,핑크퐁,"49,900",11.20 ~ 11.23,https://www.wishbunny.me/drop/5299,New Item
education,클린펜,"18,800",11.10 ~ 11.13,https://www.wishbunny.me/drop/5295,New Item
education,맘스보드 큐브하우스 보드,"70,900",11.20 ~ 11.23,https://www.wishbunny.me/drop/5274,New Item
education,쁘띠누베 비건 뭉게구름 버블 클렌저,"32,000",11.13 ~ 11.16,https://www.wishbunny.me/drop/5272,New Item
education,옴모 베이비 크레용,"21,800",11.05 ~ 11.09,https://www.wishbunny.me/drop/5270,New Item
education,매드매터 모래놀이,"39,900",11.26 ~ 11.30,https://www.wishbunny.me/drop/5251,New Item
education,멜리사앤더그 스티커와우 & 워터와우,"45,000",11.24 ~ 12.01,https://www.wishbunny.me/drop/5249,New Item
education,아오라 장난감 보관함,"12,000",11.26 ~ 11.29,https://www.wishbunny.me/drop/5205,New Item
education,아티바바 오징어블럭,N/A,11.21 ~ 11.23,https://www.wishbunny.me/drop/5203,New Item
education,상상아띠 타일즈 자석블럭,N/A,11.24 ~ 11.26,https://www.wishbunny.me/drop/5192,New Item
education,"다원 몬테소리, 지오보드 비즈걸이,명칭 퍼즐","39,000",11.10 ~ 11.12,https://www.wishbunny.me/drop/5189,New Item
education,옴모 크레용,"21,800",11.05 ~ 11.09,https://www.wishbunny.me/drop/5188,New Item
education,쑥쑥이 차트,N/A,11.26 ~ 11.29,https://www.wishbunny.me/drop/5186,New Item
education,바른생활 하뚱,"48,000",11.13 ~ 11.16,https://www.wishbunny.me/drop/5164,New Item
education,자석블럭,N/A,11.11 ~ 11.13,https://www.wishbunny.me/drop/5163,New Item
education,제트피규어,"229,000",11.28 ~ 12.01,https://www.wishbunny.me/drop/5121,New Item
education,립프로그 아이스크림 카트,"88,000",11.06 ~ 11.09,https://www.wishbunny.me/drop/5102,New Item
education,하뚱 병풍,"69,000",11.27 ~ 11.30,https://www.wishbunny.me/drop/5097,New Item
education,요미몬 와우펜,"8,900",11.03 ~ 11.06,https://www.wishbunny.me/drop/5082,New Item
education,에그스쿨 초등,"450,000",11.13 ~ 11.16,https://www.wishbunny.me/drop/5069,New Item
education,타코 안전가위 & 오리기 보드북,"4,500",11.03 ~ 11.11,https://www.wishbunny.me/drop/5061,New Item
education,아티바바 목욕 놀이,N/A,11.13 ~ 11.18,https://www.wishbunny.me/drop/5049,New Item
education,키즈 쿠킹 세트,N/A,11.11 ~ 11.14,https://www.wishbunny.me/drop/5048,New Item
education,사파 DVD 플레이어,"157,900",11.06 ~ 11.09,https://www.wishbunny.me/drop/5045,New Item
education,맥킹덤 탱그램,"9,900",11.03 ~ 11.06,https://www.wishbunny.me/drop/5042,New Item
education,대근육 교구,"134,000",11.10 ~ 11.12,https://www.wishbunny.me/drop/5032,New Item
education,제트 피규어,"229,000",11.03 ~ 11.06,https://www.wishbunny.me/drop/5029,New Item
education,압구정 프리미엄 음악교육,N/A,11.17 ~ 11.19,https://www.wishbunny.me/drop/5024,New Item
education,우리아이 첫 미술 용품 기획전,N/A,11.27 ~ 11.29,https://www.wishbunny.me/drop/5020,New Item
education,벨베이비 자석블럭,N/A,11.13 ~ 11.15,https://www.wishbunny.me/drop/5016,New Item
education,"리라그루브 , 올리 페인트 스틱",N/A,11.15 ~ 11.18,https://www.wishbunny.me/drop/4974,New Item
education,넘버블럭스 신상,"29,900",11.11 ~ 11.14,https://www.wishbunny.me/drop/4970,New Item
education,벨베이비 신상런칭,"17,900",11.10 ~ 11.12,https://www.wishbunny.me/drop/4969,New Item
education,"리라 그루브 , 올리 모음전",N/A,11.14 ~ 11.19,https://www.wishbunny.me/drop/4959,New Item
education,3만원대 기차놀이 세트,"31,900",11.19 ~ 11.20,https://www.wishbunny.me/drop/4950,New Item
education,맥킹덤,"79,000",11.04 ~ 11.07,https://www.wishbunny.me/drop/4946,New Item
education,브리오 기차놀이,N/A,11.06 ~ 11.09,https://www.wishbunny.me/drop/4923,New Item
education,맥타일즈 블럭,"59,000",12.17 ~ 12.19,https://www.wishbunny.me/drop/4921,New Item
education,에듀 플레이어,"30,000",12.08 ~ 12.11,https://www.wishbunny.me/drop/4920,New Item
education,에드로우,"79,600",12.05 ~ 12.07,https://www.wishbunny.me/drop/4915,New Item
education,바우슈필,"149,000",12.04 ~ 12.10,https://www.wishbunny.me/drop/4914,New Item
education,넘버블록스,N/A,11.20 ~ 11.23,https://www.wishbunny.me/drop/4910,New Item
education,레고 어그벤트,"39,200",11.17 ~ 11.19,https://www.wishbunny.me/drop/4909,New Item
education,하페 의사놀이,N/A,11.14 ~ 11.18,https://www.wishbunny.me/drop/4908,New Item
education,러닝리소스,N/A,11.12 ~ 11.16,https://www.wishbunny.me/drop/4901,New Item
education,슐라이히 피규어,N/A,11.03 ~ 11.06,https://www.wishbunny.me/drop/4897,New Item
education,탑브라이트 공구,N/A,11.27 ~ 11.30,https://www.wishbunny.me/drop/4896,New Item
education,최초공구 빠밤라인 자동차 장난감,N/A,11.21 ~ 11.25,https://www.wishbunny.me/drop/4892,New Item
education,마그마그 자석타일블럭,"42,900",12.11 ~ 12.14,https://www.wishbunny.me/drop/4871,New Item
education,브루더 자동차 장난감,N/A,12.04 ~ 12.07,https://www.wishbunny.me/drop/4869,New Item
education,사파 플레이어+슈심송,"118,000",11.10 ~ 11.14,https://www.wishbunny.me/drop/4851,New Item
education,세이펜 단독,N/A,11.26 ~ 11.30,https://www.wishbunny.me/drop/4799,New Item
education,에듀플레이어,"69,800",11.24 ~ 11.26,https://www.wishbunny.me/drop/4797,New Item
education,나리몽,"79,000",11.18 ~ 11.20,https://www.wishbunny.me/drop/4792,New Item
education,핑크퐁 장난감 골라담기,"90,000",12.19 ~ 12.22,https://www.wishbunny.me/drop/4743,New Item
education,엔그로운 독서대 / 1단 책장,N/A,12.15 ~ 12.17,https://www.wishbunny.me/drop/4739,New Item
education,타이거도우 클레이,"16,900",12.15 ~ 12.18,https://www.wishbunny.me/drop/4738,New Item
education,베베 추피 전집,"183,750",12.09 ~ 12.12,https://www.wishbunny.me/drop/4734,New Item
education,콕콕콕 사운드 벽보 / 책,"15,750",11.28 ~ 12.01,https://www.wishbunny.me/drop/4729,New Item
education,두잉썸 도로러그,"43,900",11.21 ~ 11.24,https://www.wishbunny.me/drop/4724,New Item
education,립프로그 워드북 / 가드닝카트/ 아이스크림메이커,"44,000",11.18 ~ 11.21,https://www.wishbunny.me/drop/4721,New Item
education,마이리틀타이거 모래놀이,"69,900",11.17 ~ 11.20,https://www.wishbunny.me/drop/4720,New Item
education,마이리틀타이거 물감놀이,"29,900",11.13 ~ 11.16,https://www.wishbunny.me/drop/4716,New Item
education,넘버블록스,N/A,11.10 ~ 11.12,https://www.wishbunny.me/drop/4675,New Item
education,지오맥 특가,N/A,11.07 ~ 11.09,https://www.wishbunny.me/drop/4644,New Item
education,푸름이까꿍 그림책,"148,750",11.24 ~ 11.26,https://www.wishbunny.me/drop/4610,New Item
education,아티바바 목욕놀이 모음전,"22,900",11.13 ~ 11.16,https://www.wishbunny.me/drop/4604,New Item
education,사파 DVD플레이어 SDV700,"118,000",11.06 ~ 11.09,https://www.wishbunny.me/drop/4600,New Item
education,맥킹덤 마그네틱 탱그램 자석칠교,"13,900",11.03 ~ 11.06,https://www.wishbunny.me/drop/4597,New Item
education,피코플레이 퍼즐,"69,000",11.24 ~ 11.27,https://www.wishbunny.me/drop/4555,New Item
education,"오징어블럭,롱브럭,플라워블럭","23,800",11.11 ~ 11.15,https://www.wishbunny.me/drop/4554,New Item
education,플립박스 직업체험키트,"11,900",11.12 ~ 11.16,https://www.wishbunny.me/drop/4450,New Item
education,브리오,N/A,11.10 ~ 11.12,https://www.wishbunny.me/drop/4354,New Item
education,크로커다일 크릭퍼즐 특집,"26,500",10.30 ~ 11.02,https://www.wishbunny.me/drop/4294,New Item
education,리라그루부 연필/색연필,N/A,10.15 ~ 10.19,https://www.wishbunny.me/drop/4289,New Item
education,스노피아 물 나오는 주방놀이 세트,"310,000",10.14 ~ 10.17,https://www.wishbunny.me/drop/4260,New Item
education,브리오,"40,810",12.11 ~ 12.20,https://www.wishbunny.me/drop/4220,New Item
education,칠교 & 워크북,N/A,10.23 ~ 10.26,https://www.wishbunny.me/drop/4218,New Item
education,아티바바,N/A,10.28 ~ 10.31,https://www.wishbunny.me/drop/4204,New Item
education,마루별 병풍,"59,000",10.23 ~ 10.26,https://www.wishbunny.me/drop/4202,New Item
education,콕콕콕 사운드벽보,"15,750",10.28 ~ 10.31,https://www.wishbunny.me/drop/4200,New Item
education,하페 주방 놀이 세트,"180,000",10.16 ~ 10.19,https://www.wishbunny.me/drop/4193,New Item
education,블루래빗 골라담기,"17,100",10.24 ~ 10.29,https://www.wishbunny.me/drop/4185,New Item
education,호르메 피규어 단어스티커,"681,600",10.21 ~ 10.24,https://www.wishbunny.me/drop/4182,New Item
education,최다 혜택 세이펜,"198,600",10.15 ~ 10.17,https://www.wishbunny.me/drop/4177,New Item
education,사파SDV700 & 베스트 DVD /슈퍼심플송/페파피그/찰리와미모/마더스,"118,000",11.18 ~ 11.21,https://www.wishbunny.me/drop/4132,New Item
education,러닝리소스 수교구 모음전,N/A,10.13 ~ 10.17,https://www.wishbunny.me/drop/4126,New Item
education,꼬비 자석블럭,"19,500",10.29 ~ 10.31,https://www.wishbunny.me/drop/4122,New Item
education,브리오 기차놀이,N/A,10.23 ~ 10.26,https://www.wishbunny.me/drop/4087,New Item
education,디지버드 현미경,N/A,10.21 ~ 10.26,https://www.wishbunny.me/drop/4086,New Item
education,리틀벤 유아시계,"69,000",10.15 ~ 10.19,https://www.wishbunny.me/drop/4083,New Item
education,맘스보드,"70,900",11.20 ~ 11.23,https://www.wishbunny.me/drop/4079,New Item
education,니콜 잉글리시,"89,000",10.30 ~ 11.02,https://www.wishbunny.me/drop/4074,New Item
education,제트스텝 밸런스 스톤,"35,000",10.13 ~ 10.17,https://www.wishbunny.me/drop/4069,New Item
education,훈민병풍,"65,000",10.13 ~ 10.16,https://www.wishbunny.me/drop/4025,New Item
education,멜리사 앤 더그 모음전,N/A,10.15 ~ 10.18,https://www.wishbunny.me/drop/4020,New Item
education,리틀 호안미로 곡물 클레이,"17,900",10.13 ~ 10.16,https://www.wishbunny.me/drop/4019,New Item
education,가베가족 수•도형 교구 기획전,"51,900",10.23 ~ 10.26,https://www.wishbunny.me/drop/4003,New Item
education,빨대블럭,N/A,10.31 ~ 11.02,https://www.wishbunny.me/drop/3997,New Item
education,애플비워크북,"34,800",10.22 ~ 10.26,https://www.wishbunny.me/drop/3994,New Item
education,꼬메모이 제니팔레트,N/A,10.23 ~ 10.26,https://www.wishbunny.me/drop/3993,New Item
education,사파리 똑똑모두누리,"280,000",10.20 ~ 10.25,https://www.wishbunny.me/drop/3992,New Item
education,투명독서대,"57,000",10.15 ~ 10.17,https://www.wishbunny.me/drop/3989,New Item
education,벨베이비 자석블럭,"22,800",10.13 ~ 10.17,https://www.wishbunny.me/drop/3988,New Item
education,넘버블럭스 학습용벽시계,N/A,10.10 ~ 10.13,https://www.wishbunny.me/drop/3987,New Item
education,세이펜,"129,000",10.30 ~ 11.02,https://www.wishbunny.me/drop/3985,New Item
education,매드매터 모래놀이,"18,900",10.20 ~ 10.23,https://www.wishbunny.me/drop/3981,New Item
education,노리터보드,"427,000",10.15 ~ 10.19,https://www.wishbunny.me/drop/3964,New Item
education,태기스 헝겊책 & 크링클,"27,000",10.13 ~ 10.17,https://www.wishbunny.me/drop/3962,New Item
education,어린이 뮤지월 장수탕선녀님,N/A,10.22 ~ 10.26,https://www.wishbunny.me/drop/3957,New Item
education,"연필깍이, 지우개청소기","32,900",10.14 ~ 10.17,https://www.wishbunny.me/drop/3954,New Item
education,호르메 단어 스티커,"66,100",10.12 ~ 10.15,https://www.wishbunny.me/drop/3949,New Item
education,벨베이비 자석블럭,N/A,10.27 ~ 11.04,https://www.wishbunny.me/drop/3940,New Item
education,넘버블럭스 DVD,N/A,10.23 ~ 10.26,https://www.wishbunny.me/drop/3922,New Item
education,회전독서대,"42,330",10.13 ~ 10.16,https://www.wishbunny.me/drop/3918,New Item
education,스토조,"18,480",10.23 ~ 10.26,https://www.wishbunny.me/drop/3897,New Item
education,엄마랑 낱말카드,"150,900",10.22 ~ 10.25,https://www.wishbunny.me/drop/3896,New Item
education,하뚱 세이스티커,"25,500",10.13 ~ 10.17,https://www.wishbunny.me/drop/3892,New Item
education,세이펜,N/A,10.13 ~ 10.16,https://www.wishbunny.me/drop/3891,New Item
education,크레아 큐브,N/A,10.13 ~ 10.16,https://www.wishbunny.me/drop/3879,New Item
education,아띠바바 롱블럭,N/A,10.24 ~ 10.27,https://www.wishbunny.me/drop/3871,New Item
education,브리오 모음전,"90,860",10.15 ~ 10.17,https://www.wishbunny.me/drop/3868,New Item
education,옴모 크레용,"21,800",10.17 ~ 10.20,https://www.wishbunny.me/drop/3861,New Item
education,호르메 피규어,"681,600",10.14 ~ 10.17,https://www.wishbunny.me/drop/3853,New Item
education,벨베이비 자석 블럭,"22,800",10.30 ~ 11.01,https://www.wishbunny.me/drop/3844,New Item
education,노리터 보드 자석 교구,"162,900",10.24 ~ 10.28,https://www.wishbunny.me/drop/3843,New Item
education,꼭지원기둥 5구,"159,000",10.27 ~ 10.30,https://www.wishbunny.me/drop/3838,New Item
education,보드게임 골라담기,"20,400",10.20 ~ 10.23,https://www.wishbunny.me/drop/3837,New Item
education,슐라이히 피규어,N/A,10.23 ~ 10.26,https://www.wishbunny.me/drop/3835,New Item
education,깜공! 러닝리소스 드릴전,N/A,10.12 ~ 10.15,https://www.wishbunny.me/drop/3793,New Item
education,사파 플레이어,"118,000",10.31 ~ 11.02,https://www.wishbunny.me/drop/3786,New Item
education,몰폰북,N/A,10.21 ~ 10.26,https://www.wishbunny.me/drop/3777,New Item
education,맥킹덤 맥타일즈,"59,000",10.27 ~ 10.30,https://www.wishbunny.me/drop/3749,New Item
education,립프로그 카트,"88,000",10.21 ~ 10.26,https://www.wishbunny.me/drop/3739,New Item
education,맘스보드,"70,900",10.13 ~ 10.17,https://www.wishbunny.me/drop/3736,New Item
education,제트스탭,"36,000",10.29 ~ 11.02,https://www.wishbunny.me/drop/3734,New Item
education,탑브라이트 완구 모음전,N/A,10.20 ~ 10.22,https://www.wishbunny.me/drop/3706,New Item
education,데구르르 중장비 장난감,"79,900",10.10 ~ 10.13,https://www.wishbunny.me/drop/3698,New Item
education,에듀플레이어 신상,"118,000",11.17 ~ 11.19,https://www.wishbunny.me/drop/3694,New Item
education,아쿠아 샌드,N/A,10.10 ~ 10.15,https://www.wishbunny.me/drop/3690,New Item
education,레고 블루이 블루이의 패밀리하우스,N/A,10.02 ~ 10.05,https://www.wishbunny.me/drop/3669,New Item
education,2026 시그니처 다이어리 + 가을 할인전,"18,000",10.01 ~ 10.14,https://www.wishbunny.me/drop/3621,New Item
education,아가월드 가베,"195,000",10.23 ~ 10.26,https://www.wishbunny.me/drop/3607,New Item
education,벨베이비 자석블럭,"22,800",10.16 ~ 10.18,https://www.wishbunny.me/drop/3584,New Item
education,사파 SDV700 영어 DVD 골라담기,"88,900",10.30 ~ 11.04,https://www.wishbunny.me/drop/3581,New Item
education,브루더,N/A,10.28 ~ 10.31,https://www.wishbunny.me/drop/3579,New Item
education,에듀코&벨레덕 퍼즐,N/A,10.22 ~ 10.26,https://www.wishbunny.me/drop/3578,New Item
education,맥킹덤 타일즈,"59,000",10.22 ~ 10.26,https://www.wishbunny.me/drop/3577,New Item
education,브레인티저스 보드게임,"20,400",10.13 ~ 10.16,https://www.wishbunny.me/drop/3565,New Item
education,사파 CD 플레이어,N/A,10.29 ~ 11.01,https://www.wishbunny.me/drop/3534,New Item
education,2배로 스티커북,"16,500",10.17 ~ 10.20,https://www.wishbunny.me/drop/3529,New Item
education,와이즈루크 두뇌조깅 모음,"62,100",10.29 ~ 11.04,https://www.wishbunny.me/drop/3523,New Item
education,콕콕콕 사운드 벽보,"15,750",10.28 ~ 10.30,https://www.wishbunny.me/drop/3522,New Item
education,사파 DVD 3종 & 베스트 DVD,"118,000",10.22 ~ 10.28,https://www.wishbunny.me/drop/3518,New Item
education,타임타이머,N/A,10.20 ~ 10.23,https://www.wishbunny.me/drop/3516,New Item
education,슐라이히 피규어,N/A,10.16 ~ 10.19,https://www.wishbunny.me/drop/3515,New Item
education,시티트럭,"12,900",10.24 ~ 10.29,https://www.wishbunny.me/drop/3498,New Item
education,레벨릭스,"9,900",10.15 ~ 10.19,https://www.wishbunny.me/drop/3489,New Item
education,지니어스뉴,"22,780",10.29 ~ 11.02,https://www.wishbunny.me/drop/3477,New Item
education,브리오,N/A,10.01 ~ 10.12,https://www.wishbunny.me/drop/3460,New Item
education,온더꼬끄 퍼즐매트,"55,000",10.23 ~ 10.26,https://www.wishbunny.me/drop/3455,New Item
education,"키들키들 원목교구(옵션이 다양하여, 가격이 다양합니다)","14,400",10.21 ~ 10.23,https://www.wishbunny.me/drop/3454,New Item
education,플라워 가든 블록,"20,500",10.29 ~ 10.31,https://www.wishbunny.me/drop/3351,New Item
education,발도르프 원목교구,"55,000",11.03 ~ 11.06,https://www.wishbunny.me/drop/3350,New Item
education,원목 과일/야채/베이커리 세트,"37,900",10.27 ~ 10.30,https://www.wishbunny.me/drop/3349,New Item
education,엄마 까투리 자석 블럭,"30,100",10.27 ~ 10.31,https://www.wishbunny.me/drop/3348,New Item
education,버블 메가폰,"19,800",10.23 ~ 10.26,https://www.wishbunny.me/drop/3347,New Item
education,시간학습 활동세트,"12,900",10.22 ~ 10.27,https://www.wishbunny.me/drop/3345,New Item
education,아티바바 오징어 블록,"23,800",10.21 ~ 10.25,https://www.wishbunny.me/drop/3344,New Item
education,100층짜리 집 세트,"49,000",10.21 ~ 10.27,https://www.wishbunny.me/drop/3343,New Item
education,슐터 학습기,"49,800",10.14 ~ 10.17,https://www.wishbunny.me/drop/3333,New Item
education,두두스토리 베이비세즈,"59,000",10.27 ~ 10.29,https://www.wishbunny.me/drop/3323,New Item
education,레벨릭스 마이크로자석 & 퍼즐,"18,000",10.17 ~ 10.19,https://www.wishbunny.me/drop/3295,New Item
education,벨베이비 자석블럭,"22,800",10.09 ~ 10.11,https://www.wishbunny.me/drop/3292,New Item
education,두잉썸 도로러그,"43,900",10.14 ~ 10.17,https://www.wishbunny.me/drop/3278,New Item
education,우디푸디 원목장난감 모음전,"44,000",11.13 ~ 11.16,https://www.wishbunny.me/drop/3262,New Item
education,빠빵타요,"43,200",10.13 ~ 10.16,https://www.wishbunny.me/drop/3209,New Item
education,옴모 크레용,"21,900",10.03 ~ 10.09,https://www.wishbunny.me/drop/3206,New Item
education,우디푸디 원목 장난감,N/A,10.27 ~ 10.31,https://www.wishbunny.me/drop/3204,New Item
education,똥눌때 보는 신문,"36,680",10.02 ~ 10.05,https://www.wishbunny.me/drop/3185,New Item
education,"아이주 턱받이 미술가운, 플레이매트","15,200",10.29 ~ 11.02,https://www.wishbunny.me/drop/3140,New Item
education,사파플레이어 & 영어 DVD,"157,900",10.28 ~ 11.01,https://www.wishbunny.me/drop/3126,New Item
education,그로그로잉 미니타일즈,"19,900",10.18 ~ 10.22,https://www.wishbunny.me/drop/3123,New Item
education,두조각 퍼즐,"39,000",10.31 ~ 11.02,https://www.wishbunny.me/drop/3115,New Item
education,썼다 지웠다 워크북,N/A,10.03 ~ 10.05,https://www.wishbunny.me/drop/3103,New Item
education,옴모크레용,"21,800",10.01 ~ 10.04,https://www.wishbunny.me/drop/2650,New Item
education,러닝리소스 유아교구대전,N/A,09.30 ~ 10.08,https://www.wishbunny.me/drop/2599,New Item
education,초강력 식욕억제템,"169,000",09.09 ~ 09.14,https://www.wishbunny.me/drop/1727,New Item
food,곰보배추시럽,N/A,02.22 ~ 02.24,https://www.wishbunny.me/drop/10165,New Item
food,리오마레참치,N/A,02.19 ~ 02.21,https://www.wishbunny.me/drop/10164,New Item
food,맑은농장 주스4종,N/A,02.09 ~ 02.11,https://www.wishbunny.me/drop/10163,New Item
food,프레벨롱 모음전 7차,N/A,02.04 ~ 02.06,https://www.wishbunny.me/drop/10147,New Item
food,10초완성 즉석국20팩,"18,000",02.06 ~ 02.11,https://www.wishbunny.me/drop/10107,New Item
food,김미떡 6종,"22,500",02.06 ~ 02.11,https://www.wishbunny.me/drop/10103,New Item
food,곰보배추시럽,"30,000",02.13 ~ 03.01,https://www.wishbunny.me/drop/10089,New Item
food,영양간식 마이키즈,"28,900",02.09 ~ 02.22,https://www.wishbunny.me/drop/10086,New Item
food,돈시몬 그라시아스 착즙주스 선물세트,N/A,02.06 ~ 02.11,https://www.wishbunny.me/drop/10083,New Item
food,인기과자 종합과자 선물세트 22P,N/A,02.06 ~ 02.14,https://www.wishbunny.me/drop/10078,New Item
food,한라봉&레드향 선물세트,"37,900",02.06 ~ 02.10,https://www.wishbunny.me/drop/10069,New Item
food,다원 천연수제갈비,"25,800",02.04 ~ 02.10,https://www.wishbunny.me/drop/10063,
food,두쫀쿠재료 4종세트,"69,900",02.05,https://www.wishbunny.me/drop/10062,
food,초정담 무항생제 한우 사골곰탕,N/A,03.09 ~ 03.11,https://www.wishbunny.me/drop/10050,
food,명절선물세트,N/A,02.05 ~ 02.11,https://www.wishbunny.me/drop/10025,
food,경자국밥,N/A,02.07,https://www.wishbunny.me/drop/10017,
food,경자국밥,N/A,02.05 ~ 02.08,https://www.wishbunny.me/drop/10016,
food,설선물프리미엄과일세트,"49,800",02.05 ~ 02.11,https://www.wishbunny.me/drop/10009,
food,레드향,"39,800",02.05 ~ 02.11,https://www.wishbunny.me/drop/10008,
food,자일리톨팝 캔디 틴케이스 / 리필파우치 / 선물세트,"6,200",02.04 ~ 02.08,https://www.wishbunny.me/drop/10003,
food,멀티키즈초콜릿 유산균,"24,900",02.04 ~ 02.06,https://www.wishbunny.me/drop/9984,
food,딸기모찌 선물세트,N/A,02.10 ~ 02.10,https://www.wishbunny.me/drop/9950,
food,인생먹태,N/A,02.11 ~ 02.13,https://www.wishbunny.me/drop/9940,
food,올레샷,N/A,02.09 ~ 02.11,https://www.wishbunny.me/drop/9939,
food,애플망고 선물세트,"46,000",02.05 ~ 02.07,https://www.wishbunny.me/drop/9938,
food,딸기모찌,"16,900",02.04 ~ 02.06,https://www.wishbunny.me/drop/9937,
food,미쁨 곰탕,"36,000",02.09 ~ 02.11,https://www.wishbunny.me/drop/9932,
food,프리미엄LA꽃갈비 & 1++한우 선물세트,"139,000",02.05 ~ 02.08,https://www.wishbunny.me/drop/9909,
food,항공직송 프리미엄 망고선물세트,N/A,02.04 ~ 02.12,https://www.wishbunny.me/drop/9907,
food,레드진저 생강차,"40,800",02.05 ~ 02.12,https://www.wishbunny.me/drop/9906,
food,도멘 아도니스 올리브오일,"56,900",02.03 ~ 02.08,https://www.wishbunny.me/drop/9882,
food,방토즙/ 단호박즙,N/A,02.04 ~ 02.06,https://www.wishbunny.me/drop/9865,
food,신라명과,"14,900",02.03 ~ 02.05,https://www.wishbunny.me/drop/9864,
food,그래인스쿠키,N/A,02.03 ~ 02.03,https://www.wishbunny.me/drop/9840,
food,두바이쫀득쿠키 4구 선물세트,"27,900",02.02 ~ 02.14,https://www.wishbunny.me/drop/9837,
food,빼빼구마,N/A,02.26 ~ 02.28,https://www.wishbunny.me/drop/9831,
food,(신키네도) 롤케이크,"20,900",02.04 ~ 02.07,https://www.wishbunny.me/drop/9817,
food,(단시아)반건시,"46,900",02.02 ~ 02.07,https://www.wishbunny.me/drop/9815,
food,모찌당 딸기모찌 귤모찌,N/A,02.05 ~ 02.05,https://www.wishbunny.me/drop/9814,Date Update: 02.02 ~ 02.05 -> 02.05 ~ 02.05
food,무항생제 한우 곰국,N/A,02.09 ~ 02.11,https://www.wishbunny.me/drop/9795,
food,감하다 감 곶감,"25,900",02.06 ~ 02.08,https://www.wishbunny.me/drop/9779,
food,보약떡집 딸기모찌,N/A,02.04 ~ 02.06,https://www.wishbunny.me/drop/9778,
food,갈비살 떡갈비,N/A,02.02 ~ 02.04,https://www.wishbunny.me/drop/9777,
food,명품 소금 모에솔트 선물세트 / 단품,N/A,02.02 ~ 02.05,https://www.wishbunny.me/drop/9776,
food,세계적인 미식양념 '욍신간장 선물세트/ 단품,N/A,02.02 ~ 02.05,https://www.wishbunny.me/drop/9775,
food,프리미엄 제주 생선 선물 세트 '제맛',N/A,02.02 ~ 02.05,https://www.wishbunny.me/drop/9774,New Item
food,일본식 3분카레,N/A,02.24 ~ 02.26,https://www.wishbunny.me/drop/9758,New Item
food,"레몬, 진저샷",N/A,02.19 ~ 02.21,https://www.wishbunny.me/drop/9756,New Item
food,빌리브 마누카 꿀 & 올리아 커피/꿀,N/A,02.07 ~ 02.09,https://www.wishbunny.me/drop/9745,New Item
food,아넬라 퓨레,N/A,02.19 ~ 02.21,https://www.wishbunny.me/drop/9742,New Item
food,잼먹 배숙/ 배도라지즙,"15,900",02.02 ~ 02.04,https://www.wishbunny.me/drop/9739,New Item
food,쯔유스톡 2차,N/A,02.19 ~ 02.21,https://www.wishbunny.me/drop/9736,New Item
food,크리티다 올리브오일 3차,"103,000",02.05 ~ 02.07,https://www.wishbunny.me/drop/9734,New Item
food,배도라지즙,N/A,02.26 ~ 02.28,https://www.wishbunny.me/drop/9730,New Item
food,리오마레 참치,N/A,02.15 ~ 02.17,https://www.wishbunny.me/drop/9724,New Item
food,맘편한요거트 런칭,"17,980",02.04 ~ 02.06,https://www.wishbunny.me/drop/9715,New Item
food,올리브 오일,N/A,02.24 ~ 02.26,https://www.wishbunny.me/drop/9711,New Item
food,자일로드림 자일리톨캔디,N/A,02.24 ~ 02.27,https://www.wishbunny.me/drop/9702,New Item
food,"푸른들 후리가케, 건조국",N/A,02.19 ~ 02.22,https://www.wishbunny.me/drop/9701,New Item
food,별해든 떡갈비,"27,800",02.02 ~ 02.05,https://www.wishbunny.me/drop/9700,New Item
food,유기농 채소꾸러미,N/A,02.26 ~ 03.01,https://www.wishbunny.me/drop/9692,New Item
food,파오리 유기농 포션버터,N/A,02.23 ~ 02.26,https://www.wishbunny.me/drop/9691,New Item
food,"마야:: 기버터, 굴소스, 3분짜장",N/A,02.19 ~ 02.22,https://www.wishbunny.me/drop/9690,New Item
food,유가원:: 유기농 땅콩버터,N/A,02.05 ~ 02.08,https://www.wishbunny.me/drop/9688,New Item
food,유기농 목초사골곰탕&진액,"69,000",02.02 ~ 02.05,https://www.wishbunny.me/drop/9687,New Item
food,10년 삭제 볶은 콩가루,N/A,02.09 ~ 02.10,https://www.wishbunny.me/drop/9685,New Item
food,두부의신,N/A,02.23 ~ 02.26,https://www.wishbunny.me/drop/9674,New Item
food,푸릉바당 어묵,N/A,02.19 ~ 02.22,https://www.wishbunny.me/drop/9673,New Item
food,라치나타 올리브오일 설 선물,N/A,02.09 ~ 02.13,https://www.wishbunny.me/drop/9670,New Item
food,우랩 소고기,N/A,02.09 ~ 02.10,https://www.wishbunny.me/drop/9669,New Item
food,다온소스류,N/A,02.04 ~ 02.08,https://www.wishbunny.me/drop/9668,New Item
food,카나비비안 소고기칩 7차,"11,700",02.03 ~ 02.06,https://www.wishbunny.me/drop/9667,New Item
food,베리네이처 간편식 3종,"20,300",02.02 ~ 02.05,https://www.wishbunny.me/drop/9666,New Item
food,바맘 소시지,N/A,02.24 ~ 02.26,https://www.wishbunny.me/drop/9663,New Item
food,채담카레,N/A,02.10 ~ 02.12,https://www.wishbunny.me/drop/9653,New Item
food,명란톡톡,N/A,02.09 ~ 02.11,https://www.wishbunny.me/drop/9652,New Item
food,루솔 이유식 (냉장/실온),N/A,02.09 ~ 02.11,https://www.wishbunny.me/drop/9638,New Item
food,밀크하우스 요거트 & 치즈,N/A,02.04 ~ 02.08,https://www.wishbunny.me/drop/9628,New Item
food,파스퇴르 우유 2차,N/A,02.24 ~ 02.27,https://www.wishbunny.me/drop/9614,New Item
food,우랩11차,N/A,02.10 ~ 02.12,https://www.wishbunny.me/drop/9610,New Item
food,우아한김 7차,N/A,02.04 ~ 02.08,https://www.wishbunny.me/drop/9606,New Item
food,잇츠 크랜베리,N/A,02.25 ~ 02.28,https://www.wishbunny.me/drop/9595,New Item
food,오늘은 애플페논,N/A,02.23 ~ 03.02,https://www.wishbunny.me/drop/9593,New Item
food,로얄벌꿀고구마,N/A,02.16 ~ 02.22,https://www.wishbunny.me/drop/9592,New Item
food,오르조워터,N/A,02.12 ~ 02.15,https://www.wishbunny.me/drop/9591,New Item
food,우리별 피자,N/A,02.10 ~ 02.13,https://www.wishbunny.me/drop/9590,New Item
food,딸기 모찌,"16,900",02.05 ~ 02.09,https://www.wishbunny.me/drop/9588,New Item
food,러블리 강정,"29,900",02.04 ~ 02.06,https://www.wishbunny.me/drop/9587,New Item
food,온정심 굴비,"64,000",02.03 ~ 02.07,https://www.wishbunny.me/drop/9586,New Item
food,F5커피 (신제품 액상 출시),"31,900",02.02 ~ 02.04,https://www.wishbunny.me/drop/9585,New Item
food,경자국밥,"6,900",02.04 ~ 02.10,https://www.wishbunny.me/drop/9580,New Item
food,김미떡,"22,500",02.09 ~ 02.12,https://www.wishbunny.me/drop/9572,New Item
food,13가지 맛 자일리톨 캔디,"6,200",02.23 ~ 02.26,https://www.wishbunny.me/drop/9570,New Item
food,오색 꽃 떡국떡🌸,"6,900",02.01 ~ 02.14,https://www.wishbunny.me/drop/9569,New Item
food,프리파라 샐러드팟,N/A,02.24 ~ 02.28,https://www.wishbunny.me/drop/9564,
food,퓨도토 올리브오일 2차,"59,800",02.07 ~ 02.11,https://www.wishbunny.me/drop/9562,
food,유기농 쌀누룩요거트 미미유,"11,400",02.02 ~ 02.04,https://www.wishbunny.me/drop/9538,
food,순수한둠비,N/A,02.26 ~ 02.28,https://www.wishbunny.me/drop/9501,
food,우아한김,N/A,02.23 ~ 02.25,https://www.wishbunny.me/drop/9500,
food,룰루맘 간식모음,N/A,02.19 ~ 02.21,https://www.wishbunny.me/drop/9499,
food,파스퇴르,"16,400",02.03 ~ 02.05,https://www.wishbunny.me/drop/9496,
food,브레벨롱 전 라인,N/A,02.23 ~ 02.25,https://www.wishbunny.me/drop/9481,
food,푸른들 간편식,N/A,02.09 ~ 02.11,https://www.wishbunny.me/drop/9476,
food,라온킴 이유식큐브,N/A,02.07 ~ 02.09,https://www.wishbunny.me/drop/9475,
food,에브리유 큐브,N/A,02.25 ~ 02.28,https://www.wishbunny.me/drop/9467,
food,룰루맘 모음전,N/A,02.09 ~ 02.11,https://www.wishbunny.me/drop/9460,New Item
food,페로제도 무항생제 연어,N/A,02.25 ~ 03.01,https://www.wishbunny.me/drop/9441,New Item
food,마카다프룻 착즙주스 4종,N/A,02.24 ~ 03.01,https://www.wishbunny.me/drop/9440,New Item
food,아보카도칩 3종,N/A,02.19 ~ 02.22,https://www.wishbunny.me/drop/9438,New Item
food,봉순감자탕,N/A,02.18 ~ 02.22,https://www.wishbunny.me/drop/9437,New Item
food,금왕돈까스,N/A,02.16 ~ 02.22,https://www.wishbunny.me/drop/9436,New Item
food,명희홈쿡 떡갈비,N/A,02.09 ~ 02.12,https://www.wishbunny.me/drop/9433,New Item
food,제주갈치세트,"106,000",02.03 ~ 02.05,https://www.wishbunny.me/drop/9432,New Item
food,명희홈쿡 저염한우갈비탕,"35,400",02.02 ~ 02.05,https://www.wishbunny.me/drop/9431,New Item
food,무항생제 손질새우,N/A,02.02 ~ 02.09,https://www.wishbunny.me/drop/9430,New Item
food,강미즈 멸치야채분말육수,N/A,02.25 ~ 02.27,https://www.wishbunny.me/drop/9427,New Item
food,다온 소스,N/A,02.23 ~ 02.25,https://www.wishbunny.me/drop/9426,New Item
food,우랩,N/A,02.20 ~ 02.22,https://www.wishbunny.me/drop/9425,New Item
food,크리티다 오일,N/A,02.10 ~ 02.12,https://www.wishbunny.me/drop/9423,New Item
food,진맛김,N/A,02.27 ~ 03.02,https://www.wishbunny.me/drop/9412,New Item
food,생선파는언니,N/A,02.23 ~ 02.25,https://www.wishbunny.me/drop/9411,New Item
food,프레벨롱,N/A,02.19 ~ 02.21,https://www.wishbunny.me/drop/9410,New Item
food,우랩 소고기,"43,500",02.02 ~ 02.04,https://www.wishbunny.me/drop/9408,New Item
food,바비야기 아기간장/된장/가루육수/고기양념장,N/A,02.19 ~ 02.22,https://www.wishbunny.me/drop/9400,New Item
food,설선물 특집) 혈당카페,"56,100",02.02 ~ 02.04,https://www.wishbunny.me/drop/9391,New Item
food,맘이수 채수,N/A,02.27 ~ 03.01,https://www.wishbunny.me/drop/9377,New Item
food,룰루맘,N/A,02.26 ~ 02.28,https://www.wishbunny.me/drop/9376,New Item
food,1번 유정란,N/A,02.25 ~ 02.27,https://www.wishbunny.me/drop/9375,New Item
food,데코아르,N/A,02.20 ~ 02.21,https://www.wishbunny.me/drop/9366,New Item
food,진미채,N/A,02.25 ~ 02.27,https://www.wishbunny.me/drop/9293,New Item
food,언양불고기,N/A,02.09 ~ 02.11,https://www.wishbunny.me/drop/9289,New Item
food,도쿄밀크치즈펙토리 쿠키&케이크,N/A,02.04 ~ 02.28,https://www.wishbunny.me/drop/9286,New Item
food,제주 한올레 은갈치/손질 고등어,N/A,02.02 ~ 02.26,https://www.wishbunny.me/drop/9285,New Item
food,한우 양지 & 사태만 사용 <뜨거운 곰탕>,"36,000",02.02 ~ 02.23,https://www.wishbunny.me/drop/9284,New Item
food,1만원대 올리브오일,N/A,02.10 ~ 02.15,https://www.wishbunny.me/drop/9276,New Item
food,볼 시리즈,N/A,02.19 ~ 02.21,https://www.wishbunny.me/drop/9270,New Item
food,설 기획전,N/A,02.09 ~ 02.11,https://www.wishbunny.me/drop/9269,New Item
food,가루 기획전,"19,800",02.02 ~ 02.04,https://www.wishbunny.me/drop/9267,New Item
food,무무칩&무무솔솔,"59,000",02.03 ~ 02.06,https://www.wishbunny.me/drop/9233,New Item
food,진미채,N/A,02.25 ~ 02.27,https://www.wishbunny.me/drop/9219,New Item
food,언양불고기,N/A,02.09 ~ 02.11,https://www.wishbunny.me/drop/9215,New Item
food,볼 시리즈,N/A,02.19 ~ 02.21,https://www.wishbunny.me/drop/9196,New Item
food,설 기획전,N/A,02.09 ~ 02.11,https://www.wishbunny.me/drop/9195,New Item
food,"기버터, 굴소스, 3분짜장",N/A,02.02 ~ 02.06,https://www.wishbunny.me/drop/9168,New Item
food,소문난 맛집 육포 선물세트,"39,000",01.30 ~ 02.04,https://www.wishbunny.me/drop/9163,New Item
food,함안 할매곶감,"64,000",02.04 ~ 02.05,https://www.wishbunny.me/drop/9144,
food,올바름과자,N/A,02.25 ~ 02.28,https://www.wishbunny.me/drop/9135,
food,바맘 배도라지즙,"29,900",02.05 ~ 02.07,https://www.wishbunny.me/drop/9130,Date Update: 02.05 ~ 02.06 -> 02.05 ~ 02.07
food,영덕대게키토산어묵,"35,000",01.29 ~ 02.27,https://www.wishbunny.me/drop/9108,
food,홍익 쭈꾸미,N/A,02.23 ~ 02.25,https://www.wishbunny.me/drop/9094,
food,에블로히아 올리브오일,"43,900",02.05 ~ 02.10,https://www.wishbunny.me/drop/9074,
food,에브리유 큐브,N/A,02.25 ~ 02.28,https://www.wishbunny.me/drop/9070,
food,룰루맘 모음전,N/A,02.09 ~ 02.11,https://www.wishbunny.me/drop/9063,New Item
food,네모네모빵,N/A,02.23 ~ 02.25,https://www.wishbunny.me/drop/9056,New Item
food,제주생선,"195,000",02.06 ~ 02.08,https://www.wishbunny.me/drop/9049,New Item
food,밀키요 요거트 3차,N/A,02.20 ~ 02.23,https://www.wishbunny.me/drop/9033,New Item
food,프리미엄 망고 선물세트(애플망고/골드망고),"46,800",01.30 ~ 02.28,https://www.wishbunny.me/drop/9011,New Item
food,삼색꽃떡국떡1kg/흰떡국떡1kg,"9,900",01.31,https://www.wishbunny.me/drop/9010,New Item
food,경자국밥 (순대국밥/돼지국밥/살코기국밥/만두국밥),"6,500",02.06 ~ 02.09,https://www.wishbunny.me/drop/8991,New Item
food,어린이백깍두기 미니 저염 김치,"12,600",02.05 ~ 02.09,https://www.wishbunny.me/drop/8974,New Item
food,여왕의품격 한우불고기 2종 +한정수량 양념소포갈비,"36,000",01.29 ~ 02.01,https://www.wishbunny.me/drop/8972,New Item
food,홍익마미x푸른마루 6차,N/A,01.29 ~ 02.01,https://www.wishbunny.me/drop/8940,New Item
food,우리아이채수,"29,900",02.05 ~ 02.07,https://www.wishbunny.me/drop/8936,New Item
food,떡꼬치,"10,000",01.27 ~ 02.08,https://www.wishbunny.me/drop/8935,New Item
food,애플스푼 배도라지즙,"20,900",02.02 ~ 02.04,https://www.wishbunny.me/drop/8934,New Item
food,900도 수제화덕피자 4종,"23,700",01.28 ~ 01.30,https://www.wishbunny.me/drop/8931,New Item
food,프리미엄 목초우 소고기칩 12 팩 & 돼지고기칩,"53,900",01.27 ~ 02.01,https://www.wishbunny.me/drop/8929,New Item
food,부로디 땅콩버터,"13,000",01.28 ~ 02.02,https://www.wishbunny.me/drop/8912,New Item
food,오가닉스퓨레&포리지,"24,800",01.26 ~ 01.28,https://www.wishbunny.me/drop/8895,New Item
food,임박특가) 첨가물제로! 100%리얼 냉동수박주스,"11,900",01.27,https://www.wishbunny.me/drop/8894,New Item
food,"황금열쇠펜 사은품, 제마음에비하면 약과",N/A,01.26 ~ 02.07,https://www.wishbunny.me/drop/8888,New Item
food,밀키요 스퀴징 요거트,"25,900",01.26 ~ 01.30,https://www.wishbunny.me/drop/8886,New Item
food,우랩 소고기,"29,900",02.27 ~ 03.02,https://www.wishbunny.me/drop/8866,New Item
food,오사닛 캔디 1+1,"17,900",02.25 ~ 02.28,https://www.wishbunny.me/drop/8865,New Item
food,스푼타임 알러지테스트,"22,900",02.23 ~ 02.25,https://www.wishbunny.me/drop/8864,New Item
food,생딸기 수제모찌,"16,900",02.23 ~ 02.28,https://www.wishbunny.me/drop/8858,New Item
food,킹 프리미엄현미유 선물세트,N/A,01.30 ~ 02.01,https://www.wishbunny.me/drop/8857,New Item
food,라꽁버터,N/A,01.28 ~ 01.30,https://www.wishbunny.me/drop/8855,New Item
food,얼라맘마,N/A,01.26 ~ 01.28,https://www.wishbunny.me/drop/8854,New Item
food,한우대창찜닭,"26,000",01.23 ~ 01.31,https://www.wishbunny.me/drop/8849,New Item
food,싱싱쭈꾸미,"23,700",01.23 ~ 01.31,https://www.wishbunny.me/drop/8848,New Item
food,곰보배추시럽,"30,000",01.23 ~ 01.26,https://www.wishbunny.me/drop/8835,New Item
food,키마카레,"35,900",01.26 ~ 01.28,https://www.wishbunny.me/drop/8828,New Item
food,꿍스김치우동 & 꿍스밀떡볶이,N/A,01.29 ~ 01.29,https://www.wishbunny.me/drop/8813,New Item
food,제주청정소고기&흑돼지,"19,900",01.21 ~ 01.25,https://www.wishbunny.me/drop/8763,New Item
food,야생 빌베리 3L 디스펜서/100ml,N/A,03.12 ~ 03.16,https://www.wishbunny.me/drop/8761,New Item
food,올리브오일 참치,N/A,02.25 ~ 02.28,https://www.wishbunny.me/drop/8759,New Item
food,(설 선물) 에스파뇰라 스프레이 오일 선물세트,"17,800",01.23 ~ 01.27,https://www.wishbunny.me/drop/8753,New Item
food,라꽁비에뜨 AOP 버터 450g (가염/무염),"35,000",01.27 ~ 01.30,https://www.wishbunny.me/drop/8725,New Item
food,우잇 첨가물 없는 동결건조국 한끼톡,N/A,01.21 ~ 01.24,https://www.wishbunny.me/drop/8696,New Item
food,모두의 육수 (야채/멸치/사골) 화학첨가물 없는 100% 자연재료,"7,900",01.19 ~ 01.25,https://www.wishbunny.me/drop/8695,New Item
food,오가닉스 퓨레&포리지,"24,800",01.21 ~ 01.25,https://www.wishbunny.me/drop/8688,New Item
food,건강한 아기간식 ! 건조낫또,"18,000",01.19 ~ 01.21,https://www.wishbunny.me/drop/8671,New Item
food,100% 목초원유 자연치즈,"13,500",01.13 ~ 01.16,https://www.wishbunny.me/drop/8654,New Item
food,푸른들 푸키 동결건조구 후레이크 후리가케,"20,000",01.15 ~ 01.18,https://www.wishbunny.me/drop/8644,New Item
food,"보리차, 헛개수, 결명자차, 옥수수수염차, 야관문차, 둥굴레차, 검은콩차, 현미차 진액 8종","14,400",02.04 ~ 02.08,https://www.wishbunny.me/drop/8634,New Item
food,인기 간식 모음전,"32,900",01.14 ~ 01.17,https://www.wishbunny.me/drop/8630,New Item
food,국내산 손질 냉동 찐 밤호박 & 포켓밀 3종,"27,900",01.13 ~ 01.16,https://www.wishbunny.me/drop/8593,New Item
food,고구메스,"15,900",01.30 ~ 02.01,https://www.wishbunny.me/drop/8564,New Item
food,푸른들 간편식,N/A,01.27 ~ 01.29,https://www.wishbunny.me/drop/8546,New Item
food,오리쮸+고기까까,"7,700",01.21 ~ 01.23,https://www.wishbunny.me/drop/8541,New Item
food,찰옥수수빵,"30,900",01.15 ~ 01.17,https://www.wishbunny.me/drop/8536,New Item
food,팔팔호랑이 생강청 (1/2~1/5),N/A,01.02 ~ 01.05,https://www.wishbunny.me/drop/8517,New Item
food,프레벨롱 골라담기,N/A,01.26 ~ 01.27,https://www.wishbunny.me/drop/8508,New Item
food,홍익마미 깜공! 겨울간식 특집! 딸기모찌 + 귤모찌,"11,900",01.14 ~ 01.16,https://www.wishbunny.me/drop/8496,New Item
food,(5차)로얄벌꿀 고구마,"26,400",01.15 ~ 01.18,https://www.wishbunny.me/drop/8477,New Item
food,새우앤먹태,"19,900",01.10 ~ 01.31,https://www.wishbunny.me/drop/8465,New Item
food,애사비소다,"23,900",01.05 ~ 01.11,https://www.wishbunny.me/drop/8421,New Item
food,도시농장 벌꿀고구마,N/A,01.16 ~ 01.16,https://www.wishbunny.me/drop/8419,New Item
food,경자국밥 4종,"6,900",01.06 ~ 01.12,https://www.wishbunny.me/drop/8398,New Item
food,과일모찌 딸기모찌 귤모찌,"11,900",01.29 ~ 01.31,https://www.wishbunny.me/drop/8386,New Item
food,난각번호 1번 달걀,N/A,01.07 ~ 01.10,https://www.wishbunny.me/drop/8371,New Item
food,우리별피자 화덕피자 미니6.5인치*2개 / 10인치,"11,900",01.23 ~ 01.30,https://www.wishbunny.me/drop/8363,New Item
food,3초보리차 찐티보리,"9,800",01.05 ~ 01.08,https://www.wishbunny.me/drop/8354,New Item
food,미쁨 갈비탕 5차,"49,600",01.08 ~ 01.08,https://www.wishbunny.me/drop/8333,New Item
food,무무칩,"59,000",01.08 ~ 01.10,https://www.wishbunny.me/drop/8322,New Item
food,오가닉스 포리지&퓨레,"24,800",01.28 ~ 01.30,https://www.wishbunny.me/drop/8311,New Item
food,퍼기 알러지키트,"42,900",01.08 ~ 01.10,https://www.wishbunny.me/drop/8307,New Item
food,라온킹 아채큐브,N/A,01.02 ~ 01.04,https://www.wishbunny.me/drop/8304,New Item
food,소디 X 산체곰탕,"59,900",01.09 ~ 01.11,https://www.wishbunny.me/drop/8293,New Item
food,프리트독일 츄잉캔디,"7,900",01.08 ~ 01.07,https://www.wishbunny.me/drop/8278,New Item
food,해남 김치/묵은지/총각김치,"46,000",01.08 ~ 01.10,https://www.wishbunny.me/drop/8234,New Item
food,도쿄밀크치즈팩토리 쿠키&케이크,"18,000",01.05 ~ 01.07,https://www.wishbunny.me/drop/8233,New Item
food,원자픽! 돼지국밥,N/A,01.05 ~ 01.11,https://www.wishbunny.me/drop/8201,New Item
food,헬싱키밀 오트밀,"16,000",01.12 ~ 01.15,https://www.wishbunny.me/drop/8197,New Item
food,감자만,N/A,01.29 ~ 01.31,https://www.wishbunny.me/drop/8157,New Item
food,한돈떡갈비,"19,800",01.26 ~ 01.28,https://www.wishbunny.me/drop/8155,New Item
food,서현이네 한우사골곰탕 35차,"19,500",01.22 ~ 01.22,https://www.wishbunny.me/drop/8154,New Item
food,한우불고기,"24,800",01.19 ~ 01.19,https://www.wishbunny.me/drop/8152,New Item
food,"서현이네 카레가루, 짜장가루 49차","15,900",01.08 ~ 01.08,https://www.wishbunny.me/drop/8148,New Item
food,치킨너겟 볼콕고구마,N/A,01.05 ~ 01.05,https://www.wishbunny.me/drop/8146,New Item
food,유혜광돈까스,"3,900",01.05 ~ 01.11,https://www.wishbunny.me/drop/8138,New Item
food,마이아 쿠커 (이유식꿀템),N/A,01.20 ~ 01.23,https://www.wishbunny.me/drop/8120,New Item
food,뚜띠프루티 유기농 사과즙,"26,000",01.04 ~ 01.08,https://www.wishbunny.me/drop/8116,New Item
food,아기 첫 유아식 베이스,N/A,01.12 ~ 01.14,https://www.wishbunny.me/drop/8107,New Item
food,뉴케어 마이키즈,"28,900",02.20 ~ 02.25,https://www.wishbunny.me/drop/8095,New Item
food,3팩 1세트 노르웨이순살고등어 아기반찬,N/A,01.29 ~ 02.02,https://www.wishbunny.me/drop/8093,New Item
food,마이키즈,"28,900",01.06 ~ 01.13,https://www.wishbunny.me/drop/8091,New Item
food,위드잇 불시리즈,"69,700",01.29 ~ 01.31,https://www.wishbunny.me/drop/8038,New Item
food,위드잇 안심햄,"14,100",01.22 ~ 01.22,https://www.wishbunny.me/drop/8036,New Item
food,베트키갈마미 5차,"45,000",01.19 ~ 01.19,https://www.wishbunny.me/drop/8035,New Item
food,쯔유스톡,"24,800",01.12 ~ 01.12,https://www.wishbunny.me/drop/8034,New Item
food,레드진저티,"40,800",01.05 ~ 01.05,https://www.wishbunny.me/drop/8033,New Item
food,치킨스톡,N/A,01.01 ~ 01.01,https://www.wishbunny.me/drop/8032,New Item
food,야채큐브,N/A,01.02 ~ 01.05,https://www.wishbunny.me/drop/8004,New Item
food,총각김치,"28,900",01.06 ~ 01.06,https://www.wishbunny.me/drop/7981,New Item
food,뼈없는 갈비탕,"29,800",01.05 ~ 01.05,https://www.wishbunny.me/drop/7980,New Item
food,푸루투나 아기주스,N/A,01.19 ~ 01.31,https://www.wishbunny.me/drop/7950,New Item
food,립프로그 아이스크림 카트 피자카트,"66,000",01.12 ~ 01.14,https://www.wishbunny.me/drop/7949,New Item
food,베리네이처 너비아니 함박 새우살볼,N/A,01.05 ~ 01.14,https://www.wishbunny.me/drop/7948,New Item
food,라온킴 야채큐브,N/A,01.05 ~ 01.12,https://www.wishbunny.me/drop/7947,New Item
food,초코유산균 2차,"24,900",01.21 ~ 01.26,https://www.wishbunny.me/drop/7942,New Item
food,미스티파이 오일 스프레이,N/A,01.28 ~ 01.30,https://www.wishbunny.me/drop/7934,New Item
food,우아한김 2차,"32,000",01.23 ~ 01.25,https://www.wishbunny.me/drop/7933,New Item
food,베리네이처 소& 돼지,"21,510",01.21 ~ 02.23,https://www.wishbunny.me/drop/7932,New Item
food,미미뻥 2차,N/A,01.19 ~ 01.21,https://www.wishbunny.me/drop/7931,New Item
food,미소다 실온 제품,"39,200",01.26 ~ 01.28,https://www.wishbunny.me/drop/7928,New Item
food,요거쪽쪽,N/A,01.05 ~ 01.07,https://www.wishbunny.me/drop/7927,New Item
food,100% 한돈 무등산 쪽갈비,N/A,01.08 ~ 01.10,https://www.wishbunny.me/drop/7919,New Item
food,아우노 그라노 시리얼,N/A,01.27 ~ 01.25,https://www.wishbunny.me/drop/7893,New Item
food,미에로화이바 데이톡,"49,900",01.23 ~ 01.25,https://www.wishbunny.me/drop/7882,New Item
food,[민스샵X고구메스] 촉촉한 고당도 꿀고구마,"18,900",01.08 ~ 01.11,https://www.wishbunny.me/drop/7878,New Item
food,진맛김 설 선물세트,"25,500",01.29 ~ 01.31,https://www.wishbunny.me/drop/7876,New Item
food,우랩 소고기,N/A,01.02 ~ 01.04,https://www.wishbunny.me/drop/7872,New Item
food,물만 넣어도 맛있는 든든한끼,N/A,01.19 ~ 01.21,https://www.wishbunny.me/drop/7871,New Item
food,친정가 사골곰탕 13차,"44,900",01.12 ~ 01.14,https://www.wishbunny.me/drop/7858,New Item
food,누룽지 39차,N/A,01.02 ~ 01.04,https://www.wishbunny.me/drop/7851,New Item
food,미미뻥,N/A,01.26 ~ 01.28,https://www.wishbunny.me/drop/7850,New Item
food,도산회관 주먹밥,"11,500",01.09 ~ 01.11,https://www.wishbunny.me/drop/7837,New Item
food,담은수 모음전,N/A,01.08 ~ 01.11,https://www.wishbunny.me/drop/7812,New Item
food,우잇 동결건조국,"32,700",01.05 ~ 01.14,https://www.wishbunny.me/drop/7798,New Item
food,애플사이다비니거 정제 + 콤부차,N/A,01.20 ~ 01.25,https://www.wishbunny.me/drop/7796,New Item
food,찐티보리,N/A,01.12 ~ 01.14,https://www.wishbunny.me/drop/7789,New Item
food,우리떠기,"26,900",01.08 ~ 01.11,https://www.wishbunny.me/drop/7785,New Item
food,룰루맘 패밀리간식,"36,200",01.15 ~ 01.18,https://www.wishbunny.me/drop/7780,New Item
food,넛지국수,N/A,01.19 ~ 01.19,https://www.wishbunny.me/drop/7759,New Item
food,갈아만든 토마토즙,"33,000",01.22 ~ 01.25,https://www.wishbunny.me/drop/7733,New Item
food,빼빼 곤약밥 2종 & 바로먹는시리즈 4종,"12,900",01.17 ~ 01.18,https://www.wishbunny.me/drop/7731,New Item
food,우랩,N/A,01.29 ~ 02.01,https://www.wishbunny.me/drop/7725,New Item
food,로얄벌꿀 고구마,N/A,01.23 ~ 01.25,https://www.wishbunny.me/drop/7723,New Item
food,둥이요리시리즈,N/A,01.22 ~ 01.25,https://www.wishbunny.me/drop/7722,New Item
food,퍼시피카튜나 참치,N/A,01.19 ~ 01.21,https://www.wishbunny.me/drop/7721,New Item
food,바밤 간편 단호박,"27,900",01.15 ~ 01.18,https://www.wishbunny.me/drop/7720,New Item
food,아임쥬스,N/A,01.13 ~ 01.16,https://www.wishbunny.me/drop/7719,New Item
food,파오리 유기농 포션버터,N/A,01.26 ~ 01.29,https://www.wishbunny.me/drop/7718,New Item
food,제주 순수한 둠비두부,N/A,01.08 ~ 01.11,https://www.wishbunny.me/drop/7717,New Item
food,남천할배 돼지국밥,"7,900",01.05 ~ 01.08,https://www.wishbunny.me/drop/7715,New Item
food,다겨미네X에뜨와 설 선물 추천! 라이브 특가 ~73%,"16,000",01.28 ~ 01.31,https://www.wishbunny.me/drop/7713,New Item
food,크리티다 올리브유,"103,000",01.26 ~ 01.28,https://www.wishbunny.me/drop/7712,New Item
food,바맘 배도라지,"29,900",01.22 ~ 01.22,https://www.wishbunny.me/drop/7711,New Item
food,아린이네 생선가게,"28,900",01.19 ~ 01.21,https://www.wishbunny.me/drop/7710,New Item
food,파오리버터,N/A,02.07 ~ 02.09,https://www.wishbunny.me/drop/7707,New Item
food,"러브모모 PICK ""카레우동&유부우동""",N/A,01.29 ~ 01.31,https://www.wishbunny.me/drop/7670,New Item
food,순한 맛의 명태자 명란,"65,400",01.26 ~ 01.28,https://www.wishbunny.me/drop/7669,New Item
food,베라수 붓기차 2차,"69,900",01.28 ~ 01.30,https://www.wishbunny.me/drop/7661,New Item
food,실온이유식 & 간편식 & 과자 모음전,"16,700",01.27 ~ 01.29,https://www.wishbunny.me/drop/7660,New Item
food,라온킴 이유식 야채 큐브,N/A,01.22 ~ 01.24,https://www.wishbunny.me/drop/7656,New Item
food,우아한 김 모음전 4차,"32,000",01.16 ~ 01.18,https://www.wishbunny.me/drop/7651,New Item
food,NEW LA갈비,"85,000",01.12 ~ 01.14,https://www.wishbunny.me/drop/7634,New Item
food,늘씬수 붓기차,"59,000",01.12 ~ 01.14,https://www.wishbunny.me/drop/7612,New Item
food,공주 생딸기 수제모찌,"16,900",01.09 ~ 01.11,https://www.wishbunny.me/drop/7610,New Item
food,새로미어묵,N/A,01.15 ~ 01.18,https://www.wishbunny.me/drop/7596,New Item
food,엘더베리빌베리,N/A,01.12 ~ 01.15,https://www.wishbunny.me/drop/7595,New Item
food,후리가케/건조국,N/A,01.09 ~ 01.13,https://www.wishbunny.me/drop/7594,New Item
food,소고기 (손다짐육 단독!),N/A,01.06 ~ 01.08,https://www.wishbunny.me/drop/7593,New Item
food,고기국밥/순대국밥,N/A,01.13 ~ 01.16,https://www.wishbunny.me/drop/7592,New Item
food,어린이카레,N/A,01.05 ~ 01.08,https://www.wishbunny.me/drop/7591,New Item
food,로얄벌꿀고구마,N/A,01.04 ~ 01.07,https://www.wishbunny.me/drop/7589,New Item
food,영암 토울 고구마 / 멜팅고구마 / 세척고구마,"25,900",12.31 ~ 02.28,https://www.wishbunny.me/drop/7587,New Item
food,바밤 단호박,"31,900",01.19 ~ 01.22,https://www.wishbunny.me/drop/7578,New Item
food,채수팩 해물팩,N/A,02.04 ~ 02.07,https://www.wishbunny.me/drop/7564,New Item
food,아라향 명란톡톡 명란젓갈 초저염명란 (개별진공포장),"25,800",01.23 ~ 01.27,https://www.wishbunny.me/drop/7555,New Item
food,명절 선물세트 LA갈비,N/A,01.26 ~ 01.29,https://www.wishbunny.me/drop/7521,New Item
food,하루 숨 삼백도라지,"98,000",01.22 ~ 01.25,https://www.wishbunny.me/drop/7520,New Item
food,저온냉압착 참/들기름,"36,000",01.15 ~ 01.17,https://www.wishbunny.me/drop/7518,New Item
food,멸치/ 건새우,N/A,01.14 ~ 01.16,https://www.wishbunny.me/drop/7517,New Item
food,아보카도오일,"29,500",01.07 ~ 01.10,https://www.wishbunny.me/drop/7514,New Item
food,소세지,N/A,01.02 ~ 01.05,https://www.wishbunny.me/drop/7512,New Item
food,수제 화덕피자,"10,900",01.01 ~ 01.03,https://www.wishbunny.me/drop/7511,New Item
food,옆집 김쑥쑥 돌김자반,"14,900",01.30 ~ 02.01,https://www.wishbunny.me/drop/7508,New Item
food,메이플캐나다 캐나다 단풍나무 수액 100%,"51,500",01.16 ~ 01.18,https://www.wishbunny.me/drop/7504,New Item
food,소미노 밤콩두유,"39,000",01.02 ~ 01.09,https://www.wishbunny.me/drop/7500,New Item
food,루솔 이유식 3차 냉장/실온/반찬,"24,900",01.27 ~ 01.29,https://www.wishbunny.me/drop/7496,New Item
food,이치비야 동결건조 과일칩,N/A,01.14 ~ 01.16,https://www.wishbunny.me/drop/7489,New Item
food,미소다x산들맘 한우뿌링 새야뿌링 김스낵2종 뿌링육수,"39,800",01.07 ~ 01.10,https://www.wishbunny.me/drop/7485,New Item
food,NEW 착즙 주스,N/A,01.29 ~ 01.31,https://www.wishbunny.me/drop/7482,New Item
food,새벽종 전복 김치,"34,000",01.01 ~ 01.03,https://www.wishbunny.me/drop/7474,New Item
food,하이뮨 프로틴 밸런스 액티브 NEW 밤티라미수,"50,800",01.23 ~ 01.27,https://www.wishbunny.me/drop/7470,New Item
food,클룹,"17,900",01.23 ~ 01.27,https://www.wishbunny.me/drop/7469,New Item
food,한끼통살,"57,500",01.23 ~ 01.27,https://www.wishbunny.me/drop/7468,New Item
food,18차) 구워먹는 춘천닭갈비,N/A,01.28 ~ 01.30,https://www.wishbunny.me/drop/7454,New Item
food,6차) 햄튼 무쇠 쿡웨이,N/A,01.27 ~ 02.01,https://www.wishbunny.me/drop/7453,New Item
food,1차) 무화당 모음전,"27,600",01.26 ~ 01.29,https://www.wishbunny.me/drop/7452,New Item
food,18차) 맵꾸미/낙지/오돌뼈/닭발,"34,200",01.21 ~ 01.25,https://www.wishbunny.me/drop/7451,New Item
food,18차) 무색소 저염명란젓/명란톡톡,"21,000",01.20 ~ 01.25,https://www.wishbunny.me/drop/7450,New Item
food,43차) 명희홈쿡 떡갈비,N/A,01.19 ~ 01.22,https://www.wishbunny.me/drop/7449,New Item
food,14차) 명정어가 반건조생선,"39,670",01.13 ~ 01.18,https://www.wishbunny.me/drop/7447,New Item
food,38차) 명희홈쿡 바로육수,"15,000",01.12 ~ 01.15,https://www.wishbunny.me/drop/7446,New Item
food,8차) 우리밀과자 모음전,"2,200",01.08 ~ 01.11,https://www.wishbunny.me/drop/7445,New Item
food,1차) 유기농 콩기름 (NON-GMO),N/A,01.06 ~ 01.11,https://www.wishbunny.me/drop/7444,New Item
food,35차) 명희홈쿡 저염한우 갈비탕,"35,400",01.05 ~ 01.08,https://www.wishbunny.me/drop/7443,New Item
food,3차) 오일스프레이/ 오일병,"12,800",01.03 ~ 01.11,https://www.wishbunny.me/drop/7442,New Item
food,하늘봄 동결건조국,"12,000",01.15 ~ 01.18,https://www.wishbunny.me/drop/7436,New Item
food,밥테기해결! 푸른들 출동,"18,000",01.30 ~ 02.01,https://www.wishbunny.me/drop/7430,New Item
food,방탄커피,"26,000",01.29 ~ 02.01,https://www.wishbunny.me/drop/7414,New Item
food,꾸오닭,"12,000",01.21 ~ 01.23,https://www.wishbunny.me/drop/7409,New Item
food,신키네도 롤케이크,"24,900",01.16 ~ 01.18,https://www.wishbunny.me/drop/7406,New Item
food,두. 쫀. 쿠,"24,500",01.15 ~ 01.18,https://www.wishbunny.me/drop/7405,New Item
food,홍익닭갈비,"29,900",01.07 ~ 01.10,https://www.wishbunny.me/drop/7401,New Item
food,트러플김,"28,500",01.02 ~ 01.04,https://www.wishbunny.me/drop/7399,New Item
food,요정 마녀스프 (+신제품new),"25,800",01.19 ~ 01.23,https://www.wishbunny.me/drop/7394,New Item
food,참든 유기농 야채수,N/A,01.23 ~ 01.28,https://www.wishbunny.me/drop/7385,New Item
food,"페이퍼백 온,오프라인 동시 팝업","30,500",01.12 ~ 01.14,https://www.wishbunny.me/drop/7380,New Item
food,"뚱마카세 짬뽕 2종, 마파두부, 전주한옥 명품 삼계탕","28,900",01.05 ~ 01.11,https://www.wishbunny.me/drop/7378,New Item
food,소바삭 (우리아기 안심소고기칩),"149,800",01.19 ~ 01.21,https://www.wishbunny.me/drop/7371,New Item
food,우아한 김,"32,000",01.08 ~ 01.11,https://www.wishbunny.me/drop/7362,New Item
food,도시농장 로얄벌꿀고구마 23차,"26,900",01.19 ~ 01.22,https://www.wishbunny.me/drop/7318,New Item
food,천연갈비 돼지갈비 8차,"25,800",01.12 ~ 01.15,https://www.wishbunny.me/drop/7317,New Item
food,초정담 곰국 2차,"14,000",01.20 ~ 01.22,https://www.wishbunny.me/drop/7311,New Item
food,베베쿡 이유식,"58,000",01.27 ~ 01.29,https://www.wishbunny.me/drop/7306,New Item
food,키즐키즐 시리얼,"25,900",01.31 ~ 02.01,https://www.wishbunny.me/drop/7272,New Item
food,밀키요 요거트 2차,"25,900",01.30 ~ 02.01,https://www.wishbunny.me/drop/7271,New Item
food,또또맘 간식 모음,"32,900",01.16 ~ 01.19,https://www.wishbunny.me/drop/7261,New Item
food,"베리네이처 (소고기, 돼지고기)","29,920",01.19 ~ 01.21,https://www.wishbunny.me/drop/7247,New Item
food,라온킴 큐브,N/A,01.16 ~ 01.20,https://www.wishbunny.me/drop/7246,New Item
food,[서숲 x 자연시간] 말랑촉촉 야채구마스틱,"22,900",01.12 ~ 01.13,https://www.wishbunny.me/drop/7233,New Item
food,에스파뇰라오일 세트 5종 올리브유 현미유 아보카도 유기농올리브 포도유,"17,800",01.17 ~ 01.21,https://www.wishbunny.me/drop/7219,New Item
food,퓨레&포리지,N/A,02.09 ~ 02.12,https://www.wishbunny.me/drop/7205,New Item
food,곰보배추 시럽,N/A,02.02 ~ 02.09,https://www.wishbunny.me/drop/7204,New Item
food,마이키즈 7차,"28,900",02.07 ~ 02.12,https://www.wishbunny.me/drop/7183,New Item
food,무항생제 사골곰탕,"16,900",01.08 ~ 01.11,https://www.wishbunny.me/drop/7172,New Item
food,팔팔쭈꾸미,"35,900",01.05 ~ 01.07,https://www.wishbunny.me/drop/7165,New Item
food,사과즙&배도라지즙,N/A,01.23 ~ 01.27,https://www.wishbunny.me/drop/7163,New Item
food,우유&버터,N/A,01.12 ~ 01.15,https://www.wishbunny.me/drop/7158,New Item
food,두바이쫀득쿠키,"28,500",01.15 ~ 01.19,https://www.wishbunny.me/drop/7157,New Item
food,올리브유 김자반 선물세트,"23,900",01.08 ~ 01.11,https://www.wishbunny.me/drop/7154,New Item
food,로얄벌꿀고구마,"26,400",01.30 ~ 02.02,https://www.wishbunny.me/drop/7144,New Item
food,네모네모디저트 쌀빵 쌀카스테라 쌀식빵 쌀모닝빵 아기빵 아기간식,"9,900",01.06 ~ 01.09,https://www.wishbunny.me/drop/7142,New Item
food,티니핑음료수 보리차/제로음료/비타민음료 200ml 24개입,"14,500",02.05 ~ 02.09,https://www.wishbunny.me/drop/7126,New Item
food,오색꽃떡국,"14,900",01.28 ~ 02.01,https://www.wishbunny.me/drop/7111,New Item
food,라온킴 이유식 큐브,"32,900",12.27 ~ 01.01,https://www.wishbunny.me/drop/7095,New Item
food,100% 무항생제 한우곰탕 & 한우사태,"14,000",12.26 ~ 12.31,https://www.wishbunny.me/drop/7093,New Item
food,남천동 할배 돼지국밥,N/A,02.05 ~ 02.08,https://www.wishbunny.me/drop/7081,New Item
food,룰루맘 실온간식대전,N/A,01.29 ~ 01.31,https://www.wishbunny.me/drop/7080,New Item
food,무무칩 + 무무솔솔,N/A,01.26 ~ 01.28,https://www.wishbunny.me/drop/7078,New Item
food,미소다 한우뿌링/새야뿌링/김스낵2종/야채톡뿌링육수/미소다 아이소금,"20,900",02.15 ~ 02.22,https://www.wishbunny.me/drop/7077,New Item
food,찐티보리 / 찐티옥수수,N/A,01.22 ~ 01.25,https://www.wishbunny.me/drop/7075,New Item
food,밀로스 유기농 요거트,N/A,01.19 ~ 01.22,https://www.wishbunny.me/drop/7074,New Item
food,두바이쫀득쿠키,"24,500",12.26 ~ 12.28,https://www.wishbunny.me/drop/7053,New Item
food,유누옷장×요거쪽쪽/요거톡톡 수제 아기요거트 플레인,"13,000",01.13 ~ 01.19,https://www.wishbunny.me/drop/7034,New Item
food,우랩 소고기,"29,900",01.30 ~ 02.02,https://www.wishbunny.me/drop/7000,New Item
food,베리네이처 닭고기+생선 (이유식),"18,300",01.26 ~ 01.28,https://www.wishbunny.me/drop/6998,New Item
food,프레벨롱 퓨레 모음,"2,900",01.23 ~ 01.25,https://www.wishbunny.me/drop/6997,New Item
food,찐티보리 6차,"9,800",01.22 ~ 01.25,https://www.wishbunny.me/drop/6978,New Item
food,꽃떡국떡 2차,"6,900",01.19 ~ 01.22,https://www.wishbunny.me/drop/6975,New Item
food,자일리톨 캔디,"5,800",01.15 ~ 01.21,https://www.wishbunny.me/drop/6974,New Item
food,우아한김,"32,000",01.09 ~ 01.12,https://www.wishbunny.me/drop/6972,New Item
food,쫀득고구마,"25,900",01.05 ~ 01.08,https://www.wishbunny.me/drop/6971,New Item
food,마이키즈,"28,900",01.01 ~ 01.09,https://www.wishbunny.me/drop/6970,New Item
food,쫀득달달 프리미엄 로얄벌꿀고구마2차,"26,900",12.24 ~ 12.28,https://www.wishbunny.me/drop/6969,New Item
food,아넬라퓨레 골라담기,N/A,02.10 ~ 02.19,https://www.wishbunny.me/drop/6950,New Item
food,트루푸드 트루비프칩 소고기파우더 포크칩 소고기칩,"21,270",02.06 ~ 02.10,https://www.wishbunny.me/drop/6940,New Item
food,곰보배추시럽,"30,000",01.19 ~ 01.26,https://www.wishbunny.me/drop/6935,New Item
food,마이키즈,"28,900",01.12 ~ 01.25,https://www.wishbunny.me/drop/6931,New Item
food,모두의푸드 가루육수 3종 모두의야채육수 멸치육수 사골육수,"7,900",01.23 ~ 01.26,https://www.wishbunny.me/drop/6925,New Item
food,곰보배추시럽,"30,000",12.22 ~ 12.29,https://www.wishbunny.me/drop/6922,New Item
food,히트·구름·꽃·별 모양떡 4종 골라담기,N/A,12.24 ~ 12.28,https://www.wishbunny.me/drop/6921,New Item
food,마이키즈,"28,900",12.17 ~ 12.24,https://www.wishbunny.me/drop/6888,New Item
food,요거쪽쪽 요거톡톡,N/A,12.17 ~ 12.21,https://www.wishbunny.me/drop/6887,New Item
food,미꼬머꼬 동결건조과일칩,"21,800",12.31 ~ 01.01,https://www.wishbunny.me/drop/6884,New Item
food,라온킴 이유식야채큐브,N/A,12.26 ~ 12.28,https://www.wishbunny.me/drop/6882,New Item
food,아넬라퓨레&로지오가닉스 쌀과자,"4,200",12.16 ~ 12.19,https://www.wishbunny.me/drop/6878,New Item
food,간식 반찬 모음전 한돈떡갈비 피자 소시지 쌀호빵 쌀어묵바 호떡만두,"5,900",12.26 ~ 12.30,https://www.wishbunny.me/drop/6867,New Item
food,초정담 무항생제 한우사골곰탕,"14,000",12.11 ~ 12.14,https://www.wishbunny.me/drop/6854,New Item
food,한소루 곰탕,"14,000",12.18 ~ 12.20,https://www.wishbunny.me/drop/6849,New Item
food,우리별 피자,"5,900",12.18 ~ 12.21,https://www.wishbunny.me/drop/6824,New Item
food,살호빵,"9,900",12.09 ~ 01.01,https://www.wishbunny.me/drop/6823,New Item
food,아티슬림,N/A,12.21 ~ 01.01,https://www.wishbunny.me/drop/6820,New Item
food,페렐로 올리브 & 한우등심,"79,900",12.15 ~ 01.01,https://www.wishbunny.me/drop/6818,New Item
food,홍익쭈꾸미,"37,900",12.25 ~ 01.01,https://www.wishbunny.me/drop/6812,New Item
food,올바이오 아보카도유,"29,500",12.10 ~ 12.17,https://www.wishbunny.me/drop/6804,New Item
food,꿀고구마,N/A,12.12 ~ 01.01,https://www.wishbunny.me/drop/6795,New Item
food,베리네이처 골라담기,N/A,12.21 ~ 12.22,https://www.wishbunny.me/drop/6785,New Item
food,아리향 저염명란,"25,800",12.29 ~ 12.31,https://www.wishbunny.me/drop/6781,New Item
food,초정담 사골곰탕,"14,000",12.23 ~ 12.25,https://www.wishbunny.me/drop/6779,New Item
food,"프로바이오틱스 딸기잼 , 인더잼","11,200",12.16 ~ 12.19,https://www.wishbunny.me/drop/6778,New Item
food,도시농장 로얄 벌꿀 고구마,"26,900",12.10 ~ 12.13,https://www.wishbunny.me/drop/6777,New Item
food,"우리떠기 앙금가래떡, 콩찰떡","26,900",12.08 ~ 12.10,https://www.wishbunny.me/drop/6776,New Item
food,룰루맘 간식 모음전,"36,200",12.11 ~ 12.13,https://www.wishbunny.me/drop/6767,New Item
food,꿀뚝뚝 고구마,"26,900",12.19 ~ 12.22,https://www.wishbunny.me/drop/6754,New Item
food,크리스마스 케이크 만들기,"14,900",12.11 ~ 12.15,https://www.wishbunny.me/drop/6748,New Item
food,베리네이처 소&돼지,"21,510",12.16 ~ 12.18,https://www.wishbunny.me/drop/6717,New Item
food,우랩,"43,500",12.22 ~ 01.01,https://www.wishbunny.me/drop/6707,New Item
food,봉순감자탕 뼈해장국,"26,800",12.15 ~ 12.18,https://www.wishbunny.me/drop/6684,New Item
food,뉴케어 마이키즈,"28,900",12.05 ~ 12.08,https://www.wishbunny.me/drop/6663,New Item
food,오사닛 이앓이캔디,N/A,12.18 ~ 12.22,https://www.wishbunny.me/drop/6638,New Item
food,우리농축산 백곰탕,"46,500",12.28 ~ 12.30,https://www.wishbunny.me/drop/6629,New Item
food,우아한 김,N/A,12.14 ~ 12.16,https://www.wishbunny.me/drop/6624,New Item
food,아침 원물 간편식 모음전,N/A,12.02 ~ 12.04,https://www.wishbunny.me/drop/6622,New Item
food,볼시리즈,N/A,12.27 ~ 01.02,https://www.wishbunny.me/drop/6617,New Item
food,사골가루,N/A,12.18 ~ 12.22,https://www.wishbunny.me/drop/6615,New Item
food,위드잇 치킨스톡,N/A,12.08 ~ 12.10,https://www.wishbunny.me/drop/6612,New Item
food,찐티보리,N/A,12.09 ~ 12.12,https://www.wishbunny.me/drop/6570,New Item
food,프레벨롱 전라인,"2,900",12.08 ~ 01.01,https://www.wishbunny.me/drop/6539,New Item
food,미미뻥,N/A,12.01 ~ 12.03,https://www.wishbunny.me/drop/6512,New Item
food,저당 수제 밀크잼 존잼,"34,000",12.18 ~ 12.21,https://www.wishbunny.me/drop/6491,New Item
food,즙술랭,N/A,12.09 ~ 12.14,https://www.wishbunny.me/drop/6480,New Item
food,미소다,"21,900",12.24 ~ 12.26,https://www.wishbunny.me/drop/6472,New Item
food,우아한 김,"32,000",12.19 ~ 12.22,https://www.wishbunny.me/drop/6471,New Item
food,비연담 닭곰탕,"42,400",12.17 ~ 12.19,https://www.wishbunny.me/drop/6470,New Item
food,농슐랭 꿀고구마,"26,900",12.11 ~ 12.15,https://www.wishbunny.me/drop/6469,New Item
food,초청담,"14,000",12.01 ~ 12.03,https://www.wishbunny.me/drop/6467,New Item
food,프레벨롱 퓨레& 말랑고구마,"2,900",12.14 ~ 12.16,https://www.wishbunny.me/drop/6464,New Item
food,오가닉스포리지,"12,500",12.04 ~ 12.07,https://www.wishbunny.me/drop/6463,New Item
food,프레벨롱 모음전,"2,900",12.22 ~ 12.23,https://www.wishbunny.me/drop/6459,New Item
food,올바름 모음전,N/A,12.02 ~ 12.04,https://www.wishbunny.me/drop/6445,New Item
food,요거쪽쪽,N/A,12.29 ~ 01.02,https://www.wishbunny.me/drop/6443,New Item
food,빼빼구마 룰루맘 신상,"36,200",12.25 ~ 01.01,https://www.wishbunny.me/drop/6442,New Item
food,푸른바당 어묵,N/A,12.22 ~ 01.01,https://www.wishbunny.me/drop/6441,New Item
food,미소다 모음전,"112,900",12.18 ~ 12.21,https://www.wishbunny.me/drop/6440,New Item
food,화덕피자,"17,700",12.15 ~ 12.18,https://www.wishbunny.me/drop/6438,New Item
food,바맘 수산물,N/A,12.01 ~ 12.07,https://www.wishbunny.me/drop/6433,New Item
food,우아 간식 런칭,"163,800",12.25 ~ 01.01,https://www.wishbunny.me/drop/6411,New Item
food,경자국밥,"27,600",12.22 ~ 12.24,https://www.wishbunny.me/drop/6395,New Item
food,제주 손두부,N/A,12.04 ~ 12.07,https://www.wishbunny.me/drop/6389,New Item
food,제주 조생귤,"20,900",12.01 ~ 12.05,https://www.wishbunny.me/drop/6388,New Item
food,우리별피자,"32,700",01.06 ~ 01.09,https://www.wishbunny.me/drop/6373,New Item
food,미다온 앙금가래떡,N/A,12.18 ~ 12.22,https://www.wishbunny.me/drop/6368,New Item
food,제주멜로우 조생귤,"18,000",12.08 ~ 12.14,https://www.wishbunny.me/drop/6365,New Item
food,단독! 찰붕어빵 키트,N/A,12.09 ~ 12.12,https://www.wishbunny.me/drop/6350,New Item
food,신제품 출시 ! 분말육수 3종,N/A,12.02 ~ 12.07,https://www.wishbunny.me/drop/6349,New Item
food,뱅쇼,"33,900",12.17 ~ 12.21,https://www.wishbunny.me/drop/6341,New Item
food,우리별 피자,N/A,12.03 ~ 12.07,https://www.wishbunny.me/drop/6334,New Item
food,프레벨롱,"2,900",12.01 ~ 12.03,https://www.wishbunny.me/drop/6326,New Item
food,아넬라 과일 퓨레,"4,200",12.01 ~ 12.03,https://www.wishbunny.me/drop/6318,New Item
food,바예호 올리브오일,"21,900",12.19 ~ 12.25,https://www.wishbunny.me/drop/6317,New Item
food,순살 고등어,"39,900",12.04 ~ 12.06,https://www.wishbunny.me/drop/6316,New Item
food,정성어린 반건조 생선,"30,900",12.22 ~ 12.25,https://www.wishbunny.me/drop/6307,New Item
food,엉파,"9,900",12.15 ~ 12.19,https://www.wishbunny.me/drop/6306,New Item
food,당근구마 & 비트구마,"22,900",12.08 ~ 12.11,https://www.wishbunny.me/drop/6305,New Item
food,테디버니팬트리 순살게장&양념꼬막,N/A,12.10 ~ 12.13,https://www.wishbunny.me/drop/6294,New Item
food,디베르노 패스포트 백,"65,000",12.11 ~ 12.14,https://www.wishbunny.me/drop/6271,New Item
food,요거 쪽쪽,N/A,12.17 ~ 12.19,https://www.wishbunny.me/drop/6258,New Item
food,미미뻥,N/A,12.11 ~ 12.14,https://www.wishbunny.me/drop/6252,New Item
food,농담꾼 감자빵,N/A,12.04 ~ 12.07,https://www.wishbunny.me/drop/6246,New Item
food,바비야기 아기 김치모음전,N/A,12.29 ~ 01.02,https://www.wishbunny.me/drop/6241,New Item
food,우랩 소고기,"56,700",12.16 ~ 12.18,https://www.wishbunny.me/drop/6204,New Item
food,밀키요 요거트,"25,900",12.31 ~ 01.01,https://www.wishbunny.me/drop/6197,New Item
food,우아한김,"32,000",12.23 ~ 12.25,https://www.wishbunny.me/drop/6192,New Item
food,라온킴 이유식 큐브,N/A,12.22 ~ 12.25,https://www.wishbunny.me/drop/6191,New Item
food,프레벨롱,"16,900",12.15 ~ 12.17,https://www.wishbunny.me/drop/6186,New Item
food,팔팔 호랑이 생강청 ( 무설탕 ),"22,910",12.12 ~ 12.14,https://www.wishbunny.me/drop/6184,New Item
food,미소다 냉동제품,"21,900",12.03 ~ 12.07,https://www.wishbunny.me/drop/6177,New Item
food,아이 성장템 목초육 소고기칩,"7,900",12.29 ~ 12.31,https://www.wishbunny.me/drop/6169,New Item
food,곡물도감 콩물두유,"66,900",12.25 ~ 12.28,https://www.wishbunny.me/drop/6150,New Item
food,"당일 로스팅 견과, 그날 구운 행사","28,500",12.16 ~ 12.19,https://www.wishbunny.me/drop/6138,New Item
food,이야이야앤프랜즈,"138,000",12.15 ~ 12.19,https://www.wishbunny.me/drop/6132,New Item
food,도시농장 고구마,"26,900",12.12 ~ 12.14,https://www.wishbunny.me/drop/6129,New Item
food,드니그리스 발사믹,"89,000",12.31 ~ 01.01,https://www.wishbunny.me/drop/6113,New Item
food,소반테 김치,N/A,12.10 ~ 12.12,https://www.wishbunny.me/drop/6110,New Item
food,파토리아 트리볼리 올리브오일,N/A,12.01 ~ 12.01,https://www.wishbunny.me/drop/6105,New Item
food,이야이야앤 프렌즈 피타 브레드,N/A,12.03 ~ 12.10,https://www.wishbunny.me/drop/6087,New Item
food,흑당 고구마,N/A,12.26 ~ 01.01,https://www.wishbunny.me/drop/6074,New Item
food,노지감귤,N/A,12.15 ~ 12.17,https://www.wishbunny.me/drop/6072,New Item
food,꽃떡국떡,N/A,12.11 ~ 12.14,https://www.wishbunny.me/drop/6071,New Item
food,"사골곰탕, 곰탕, 우족탕, 도가니탕","8,400",12.08 ~ 12.11,https://www.wishbunny.me/drop/6070,New Item
food,퓨레 + 포리지,"24,800",12.01 ~ 12.04,https://www.wishbunny.me/drop/6066,New Item
food,우랩 소고기,"29,900",12.26 ~ 12.29,https://www.wishbunny.me/drop/6065,New Item
food,라온킴 야채큐브,"32,900",12.08 ~ 12.10,https://www.wishbunny.me/drop/6060,New Item
food,어린이 식품 ‘푸디버디’ 40종 총집합,"3,705",12.15 ~ 12.18,https://www.wishbunny.me/drop/6049,New Item
food,아넬라 퓨레,"46,000",11.24 ~ 11.28,https://www.wishbunny.me/drop/6028,New Item
food,라온킴 야채큐브 10종/13종,N/A,11.23 ~ 12.01,https://www.wishbunny.me/drop/6021,New Item
food,라꽁비에뜨버터 무염버터 450g,"35,000",11.21 ~ 11.24,https://www.wishbunny.me/drop/6004,New Item
food,슈퍼세이브 곰보배추시럽,"30,000",11.27 ~ 12.01,https://www.wishbunny.me/drop/5999,New Item
food,또또맘 간식 모음전,"32,900",11.20 ~ 11.25,https://www.wishbunny.me/drop/5983,New Item
food,슈퍼세이브 곰보배추시럽,"30,000",12.22 ~ 12.28,https://www.wishbunny.me/drop/5981,New Item
food,곰보배추시럽 4차,"30,000",12.08 ~ 12.14,https://www.wishbunny.me/drop/5973,New Item
food,당구마 2차 (호박고구마),"23,900",11.26 ~ 11.30,https://www.wishbunny.me/drop/5969,New Item
food,버틀러 마음먹은 김,"30,000",11.18 ~ 11.20,https://www.wishbunny.me/drop/5942,New Item
food,버틀러 마음먹은 김,"30,000",11.18 ~ 11.20,https://www.wishbunny.me/drop/5941,New Item
food,쌀과자 9종,"23,400",11.20 ~ 11.24,https://www.wishbunny.me/drop/5928,New Item
food,제주도 김치,N/A,11.13 ~ 11.16,https://www.wishbunny.me/drop/5914,New Item
food,청초수,"28,500",11.10 ~ 11.16,https://www.wishbunny.me/drop/5913,New Item
food,올바른가 요리의 정수,"25,000",11.18 ~ 11.21,https://www.wishbunny.me/drop/5891,New Item
food,곡물도감,"48,900",11.27 ~ 11.30,https://www.wishbunny.me/drop/5889,New Item
food,손정옥 언양불고기,N/A,12.01 ~ 12.03,https://www.wishbunny.me/drop/5877,New Item
food,김치,"29,000",11.12 ~ 11.14,https://www.wishbunny.me/drop/5874,New Item
food,고등어 밥상,"41,900",11.14 ~ 11.18,https://www.wishbunny.me/drop/5868,New Item
food,한우곰탕 / 나주곰탕,N/A,11.10 ~ 11.16,https://www.wishbunny.me/drop/5867,New Item
food,우아한김,"32,000",11.28 ~ 12.01,https://www.wishbunny.me/drop/5860,New Item
food,푸른들 후레이크 & 건조국,N/A,11.27 ~ 12.01,https://www.wishbunny.me/drop/5859,New Item
food,마이키즈,"28,900",11.10 ~ 11.15,https://www.wishbunny.me/drop/5824,New Item
food,아넬라 퓨레,"46,000",11.03 ~ 11.07,https://www.wishbunny.me/drop/5820,New Item
food,트루푸드 비프칩,"36,700",11.13 ~ 11.18,https://www.wishbunny.me/drop/5793,New Item
food,마이키즈,"28,900",11.12 ~ 11.18,https://www.wishbunny.me/drop/5792,New Item
food,밀로스 요거트,N/A,11.24 ~ 11.26,https://www.wishbunny.me/drop/5765,New Item
food,만능멸치야채,N/A,11.24 ~ 11.27,https://www.wishbunny.me/drop/5741,New Item
food,우랩,"43,500",11.20 ~ 11.23,https://www.wishbunny.me/drop/5740,New Item
food,유기농 올리브오일,N/A,11.28 ~ 12.01,https://www.wishbunny.me/drop/5737,New Item
food,위드잇 모음전,N/A,11.27 ~ 11.30,https://www.wishbunny.me/drop/5736,New Item
food,유쾌한 빵곳간,N/A,11.25 ~ 11.28,https://www.wishbunny.me/drop/5734,New Item
food,바맘 냉동4종,"4,850",11.19 ~ 11.21,https://www.wishbunny.me/drop/5727,New Item
food,푸른들 모음전,N/A,11.12 ~ 11.18,https://www.wishbunny.me/drop/5723,New Item
food,비연당 닭곰탕 & 갈비탕,"42,400",11.11 ~ 11.14,https://www.wishbunny.me/drop/5722,New Item
food,라꽁비에트 버터,"35,000",11.07 ~ 11.09,https://www.wishbunny.me/drop/5718,New Item
food,산들사이 유기농 한돈 쌀돈가스 & 캔햄,N/A,11.03 ~ 11.09,https://www.wishbunny.me/drop/5713,New Item
food,바이해빗,"144,900",11.24 ~ 11.26,https://www.wishbunny.me/drop/5710,New Item
food,김부각,"49,900",11.05 ~ 11.09,https://www.wishbunny.me/drop/5702,New Item
food,리틀브라운,"19,800",11.07 ~ 11.09,https://www.wishbunny.me/drop/5609,New Item
food,퍼시피카튜나 참치,N/A,11.13 ~ 11.16,https://www.wishbunny.me/drop/5605,New Item
food,우아한김,"32,000",11.12 ~ 11.16,https://www.wishbunny.me/drop/5604,New Item
food,바맘 배도라지,"28,900",11.10 ~ 11.12,https://www.wishbunny.me/drop/5603,New Item
food,아임주스,"34,000",11.27 ~ 11.30,https://www.wishbunny.me/drop/5597,New Item
food,싸이토핏 리세린지 수국 & 커피,"57,000",11.16 ~ 11.19,https://www.wishbunny.me/drop/5548,New Item
food,두바이 쫀득쿠기,"24,500",11.10 ~ 11.14,https://www.wishbunny.me/drop/5542,New Item
food,초정담 아기곰탕,"14,000",11.24 ~ 11.26,https://www.wishbunny.me/drop/5532,New Item
food,바맘 배도라지즙 특가 !,"29,900",11.17 ~ 11.19,https://www.wishbunny.me/drop/5529,New Item
food,우아한 김,"32,000",11.05 ~ 11.07,https://www.wishbunny.me/drop/5525,New Item
food,이치비야,N/A,11.27 ~ 11.30,https://www.wishbunny.me/drop/5522,New Item
food,에브리유 야채큐브 스틱,"39,360",11.25 ~ 11.28,https://www.wishbunny.me/drop/5520,New Item
food,푸른들 모음전,N/A,11.07 ~ 11.09,https://www.wishbunny.me/drop/5507,New Item
food,초정담 사골곰탕,"14,000",11.03 ~ 11.05,https://www.wishbunny.me/drop/5503,New Item
food,프레벨롱,"2,900",11.28 ~ 11.30,https://www.wishbunny.me/drop/5500,New Item
food,우리밀과자 골라담기,"1,950",11.24 ~ 11.27,https://www.wishbunny.me/drop/5498,New Item
food,얼라맘마 아기 김치 모음전,N/A,11.11 ~ 11.14,https://www.wishbunny.me/drop/5493,New Item
food,마이키즈,"28,900",11.10 ~ 11.16,https://www.wishbunny.me/drop/5492,New Item
food,레알푸드 순살 생선모음,"25,500",11.06 ~ 11.09,https://www.wishbunny.me/drop/5491,New Item
food,담은수,N/A,11.03 ~ 11.06,https://www.wishbunny.me/drop/5490,New Item
food,땅콩 & 아몬드 버터,"18,000",11.20 ~ 12.01,https://www.wishbunny.me/drop/5486,New Item
food,스파츌라 & 요거트 스푼,"9,900",11.20 ~ 11.23,https://www.wishbunny.me/drop/5485,New Item
food,널담 골라담기,"33,000",11.17 ~ 11.19,https://www.wishbunny.me/drop/5484,New Item
food,푸릉바당 어묵,N/A,11.03 ~ 11.09,https://www.wishbunny.me/drop/5479,New Item
food,우랩소고기,"56,700",11.28 ~ 12.01,https://www.wishbunny.me/drop/5471,New Item
food,얼라맘마,N/A,11.26 ~ 11.30,https://www.wishbunny.me/drop/5469,New Item
food,오가닉스 포리지,"12,500",11.21 ~ 11.23,https://www.wishbunny.me/drop/5465,New Item
food,라꽁비에뜨,N/A,11.20 ~ 11.23,https://www.wishbunny.me/drop/5463,New Item
food,라온킴 & 베리네이처 (생선+닭),N/A,11.19 ~ 11.22,https://www.wishbunny.me/drop/5462,New Item
food,곡물도감 두유,"45,900",11.24 ~ 11.26,https://www.wishbunny.me/drop/5435,New Item
food,기버터,"18,360",11.11 ~ 11.16,https://www.wishbunny.me/drop/5434,New Item
food,개별포장 저염명란,"18,000",11.05 ~ 11.09,https://www.wishbunny.me/drop/5433,New Item
food,아넬라 과일 퓨레,"47,000",11.04 ~ 11.07,https://www.wishbunny.me/drop/5408,New Item
food,라온킴 야채큐브,N/A,11.27 ~ 11.30,https://www.wishbunny.me/drop/5405,New Item
food,무무칩 & 무무솔솔,"59,000",11.17 ~ 11.19,https://www.wishbunny.me/drop/5401,New Item
food,유아 카레 짜장,N/A,11.17 ~ 11.12,https://www.wishbunny.me/drop/5393,New Item
food,떡갈비 / 한우,"94,500",11.24 ~ 11.29,https://www.wishbunny.me/drop/5386,New Item
food,스탠다드 에그,N/A,11.17 ~ 11.22,https://www.wishbunny.me/drop/5385,New Item
food,룰루맘 상온간식 모음전,"36,200",11.17 ~ 11.19,https://www.wishbunny.me/drop/5364,New Item
food,따맛촌 무항생제 한우 사골곰탕,"21,000",11.13 ~ 11.16,https://www.wishbunny.me/drop/5355,New Item
food,올바름 떡뻥,N/A,11.11 ~ 11.13,https://www.wishbunny.me/drop/5345,New Item
food,무무칩 & 무무솔솔,"59,000",11.20 ~ 11.23,https://www.wishbunny.me/drop/5341,New Item
food,"몰디홈 크림,토마토 라구소스","27,700",11.27 ~ 11.30,https://www.wishbunny.me/drop/5326,New Item
food,미소다 간편식,N/A,11.21 ~ 11.23,https://www.wishbunny.me/drop/5324,New Item
food,룰루맘,"36,200",11.20 ~ 11.22,https://www.wishbunny.me/drop/5312,New Item
food,파스퇴르 우유,"16,400",11.12 ~ 11.16,https://www.wishbunny.me/drop/5307,New Item
food,베베쿡 이유식,"58,000",11.05 ~ 11.09,https://www.wishbunny.me/drop/5304,New Item
food,바비야기 요리한끗,N/A,11.13 ~ 11.16,https://www.wishbunny.me/drop/5297,New Item
food,착즙남,N/A,11.12 ~ 11.14,https://www.wishbunny.me/drop/5296,New Item
food,라온킴,N/A,11.21 ~ 11.22,https://www.wishbunny.me/drop/5289,New Item
food,씨비타 김,N/A,11.20 ~ 11.23,https://www.wishbunny.me/drop/5288,New Item
food,생선파는언니,N/A,11.17 ~ 11.19,https://www.wishbunny.me/drop/5284,New Item
food,빼빼구마,N/A,11.13 ~ 11.16,https://www.wishbunny.me/drop/5283,New Item
food,베리네이처 무항생제 한우,"21,510",11.03 ~ 11.05,https://www.wishbunny.me/drop/5269,New Item
food,에바솔로 그린툴,N/A,11.26 ~ 11.30,https://www.wishbunny.me/drop/5268,New Item
food,레오나르디 발사믹,N/A,11.19 ~ 11.22,https://www.wishbunny.me/drop/5267,New Item
food,우리별 피자 미니+ 오리지널,"5,900",11.11 ~ 11.16,https://www.wishbunny.me/drop/5266,New Item
food,레미레미 땅콩버터,"26,900",11.26 ~ 11.29,https://www.wishbunny.me/drop/5264,New Item
food,우리별피자,"18,300",11.17 ~ 11.20,https://www.wishbunny.me/drop/5259,New Item
food,유모차 온열시트,N/A,11.14 ~ 11.18,https://www.wishbunny.me/drop/5243,New Item
food,유쾌한 빵곳간 (쌀 식빵),N/A,11.10 ~ 11.14,https://www.wishbunny.me/drop/5239,New Item
food,자일리톨 팝,"5,800",11.06 ~ 11.09,https://www.wishbunny.me/drop/5238,New Item
food,아넬라 퓨레,"46,000",11.04 ~ 11.06,https://www.wishbunny.me/drop/5221,New Item
food,룰루맘 간식 모음전,"36,200",11.24 ~ 11.26,https://www.wishbunny.me/drop/5219,New Item
food,프레벨롱,"2,900",11.13 ~ 11.14,https://www.wishbunny.me/drop/5216,New Item
food,밀크하우스 요거트 & 치즈,N/A,11.03 ~ 11.09,https://www.wishbunny.me/drop/5215,New Item
food,아넬라 퓨레 지중해 100% 과일,"46,000",11.05 ~ 11.09,https://www.wishbunny.me/drop/5209,New Item
food,아넬라 퓨레 & 로지오가닉 배도라지 티백,"25,800",11.13 ~ 11.18,https://www.wishbunny.me/drop/5190,New Item
food,아기 보리차,"9,800",11.28 ~ 12.03,https://www.wishbunny.me/drop/5187,New Item
food,"찐티보리, 찐티옥수수",N/A,12.04 ~ 12.07,https://www.wishbunny.me/drop/5174,New Item
food,별미당 모양떡,N/A,11.10 ~ 11.13,https://www.wishbunny.me/drop/5171,New Item
food,불오징어/쭈꾸미,"17,300",11.07 ~ 11.11,https://www.wishbunny.me/drop/5170,New Item
food,마이키즈,"28,900",11.03 ~ 11.06,https://www.wishbunny.me/drop/5169,New Item
food,크레뮬라,N/A,11.05 ~ 11.05,https://www.wishbunny.me/drop/5161,New Item
food,다온 유아식 소스,N/A,11.24 ~ 11.27,https://www.wishbunny.me/drop/5160,New Item
food,프레벨롱 퓨레,"2,900",11.17 ~ 11.19,https://www.wishbunny.me/drop/5159,New Item
food,룰루맘 모음전,"36,200",11.10 ~ 11.12,https://www.wishbunny.me/drop/5158,New Item
food,생선파는 언니,"27,900",11.03 ~ 11.06,https://www.wishbunny.me/drop/5157,New Item
food,갈비탕 & 해장국,"25,900",11.10 ~ 11.13,https://www.wishbunny.me/drop/5150,New Item
food,무무쭈 오리육포,"6,800",11.26 ~ 11.30,https://www.wishbunny.me/drop/5142,New Item
food,우아한김,"32,000",11.20 ~ 11.23,https://www.wishbunny.me/drop/5130,New Item
food,바맘 야채큐브,N/A,11.18 ~ 11.21,https://www.wishbunny.me/drop/5129,New Item
food,파스퇴르,"16,400",11.17 ~ 11.19,https://www.wishbunny.me/drop/5128,New Item
food,매생이/톳/미역,"39,900",11.14 ~ 11.18,https://www.wishbunny.me/drop/5127,New Item
food,우랩,"43,500",11.03 ~ 11.05,https://www.wishbunny.me/drop/5123,New Item
food,파스퇴르,"15,400",11.24 ~ 12.01,https://www.wishbunny.me/drop/5117,New Item
food,무무칩,"59,000",11.20 ~ 12.01,https://www.wishbunny.me/drop/5115,New Item
food,푸른들,N/A,11.18 ~ 11.21,https://www.wishbunny.me/drop/5113,New Item
food,올바름 롱킥,N/A,11.05 ~ 11.09,https://www.wishbunny.me/drop/5101,New Item
food,우아한 김,"32,000",11.17 ~ 11.20,https://www.wishbunny.me/drop/5091,New Item
food,루솔 이유식,"24,900",11.17 ~ 11.20,https://www.wishbunny.me/drop/5090,New Item
food,라온킴 야채큐브,N/A,11.13 ~ 11.18,https://www.wishbunny.me/drop/5089,New Item
food,바맘 수산물 큐브,"6,800",11.11 ~ 11.14,https://www.wishbunny.me/drop/5087,New Item
food,A2 우유,"25,900",11.20 ~ 11.23,https://www.wishbunny.me/drop/5018,New Item
food,산골이유식 이유식 & 국반찬,N/A,11.18 ~ 11.19,https://www.wishbunny.me/drop/5017,New Item
food,크놀라,"15,000",11.03 ~ 11.07,https://www.wishbunny.me/drop/4999,New Item
food,프리미엄 김치,"34,000",11.27 ~ 11.29,https://www.wishbunny.me/drop/4993,New Item
food,아이곰탕 외 신상 1종,N/A,11.28 ~ 11.30,https://www.wishbunny.me/drop/4985,New Item
food,미소다 총판,"21,500",11.24 ~ 11.30,https://www.wishbunny.me/drop/4981,New Item
food,얼라맘마,N/A,11.17 ~ 11.20,https://www.wishbunny.me/drop/4975,New Item
food,A2 우유,"25,900",11.14 ~ 11.16,https://www.wishbunny.me/drop/4973,New Item
food,리오마레 참치,"31,850",11.12 ~ 11.16,https://www.wishbunny.me/drop/4971,New Item
food,A2 우유,"25,900",11.26 ~ 11.29,https://www.wishbunny.me/drop/4953,New Item
food,룰루맘 고구마/알밤 외,"36,200",11.24 ~ 11.26,https://www.wishbunny.me/drop/4942,New Item
food,올계 유기농 닭,N/A,11.21 ~ 11.23,https://www.wishbunny.me/drop/4940,New Item
food,프레벨롱 퓨레,"2,900",11.20 ~ 12.01,https://www.wishbunny.me/drop/4939,New Item
food,이치비야 동결건조 과일칩,N/A,11.19 ~ 11.22,https://www.wishbunny.me/drop/4938,New Item
food,우랩 원데이,"43,500",11.17 ~ 11.17,https://www.wishbunny.me/drop/4937,New Item
food,마야항아리 기버터/굴소스,"18,360",11.17 ~ 11.19,https://www.wishbunny.me/drop/4936,New Item
food,프로상 유기농 모음전,"32,900",11.13 ~ 11.18,https://www.wishbunny.me/drop/4934,New Item
food,PUOS 스프,N/A,11.12 ~ 11.16,https://www.wishbunny.me/drop/4933,New Item
food,완도몰 매생이,"39,900",11.10 ~ 11.12,https://www.wishbunny.me/drop/4932,New Item
food,마이키즈,"28,900",11.07 ~ 11.18,https://www.wishbunny.me/drop/4931,New Item
food,소바삭,"17,400",11.06 ~ 11.09,https://www.wishbunny.me/drop/4930,New Item
food,비연담 닭곰탕/갈비탕,"42,400",11.05 ~ 11.09,https://www.wishbunny.me/drop/4929,New Item
food,파오리 버터,N/A,11.03 ~ 11.06,https://www.wishbunny.me/drop/4928,New Item
food,어박사 어간장,"14,400",11.24 ~ 11.27,https://www.wishbunny.me/drop/4926,New Item
food,헤이그린스,"55,590",11.17 ~ 11.20,https://www.wishbunny.me/drop/4925,New Item
food,무무칩 무무솔솔,"59,000",11.13 ~ 11.16,https://www.wishbunny.me/drop/4924,New Item
food,무무칩,"59,000",11.06 ~ 11.09,https://www.wishbunny.me/drop/4903,New Item
food,미미뻥,N/A,11.17 ~ 11.18,https://www.wishbunny.me/drop/4890,New Item
food,요거쪽쪽,N/A,11.10 ~ 11.12,https://www.wishbunny.me/drop/4886,New Item
food,이치비야,N/A,11.06 ~ 11.09,https://www.wishbunny.me/drop/4884,New Item
food,또또맘 전체 간식 라인업,"32,900",11.03 ~ 11.06,https://www.wishbunny.me/drop/4882,New Item
food,푸릉바당 어묵,N/A,11.13 ~ 11.16,https://www.wishbunny.me/drop/4878,New Item
food,베이비 채수,"24,000",11.10 ~ 11.12,https://www.wishbunny.me/drop/4877,New Item
food,다온 ( 유아소스 ),"20,000",11.03 ~ 11.11,https://www.wishbunny.me/drop/4876,New Item
food,무항생제 아이곰탕,"26,400",12.24 ~ 12.28,https://www.wishbunny.me/drop/4875,New Item
food,얼라맘마 아기김치 & 저염장류,"12,000",12.18 ~ 12.21,https://www.wishbunny.me/drop/4873,New Item
food,생선파는언니,"22,500",12.01 ~ 12.07,https://www.wishbunny.me/drop/4868,New Item
food,담은수 & 초유단백질,N/A,11.24 ~ 11.30,https://www.wishbunny.me/drop/4867,New Item
food,마카다프룻 꿀꺽이,N/A,11.19 ~ 11.25,https://www.wishbunny.me/drop/4866,New Item
food,배도라지차 & 눈에는아이차,"11,900",11.17 ~ 11.23,https://www.wishbunny.me/drop/4865,New Item
food,리오마레 참치,"31,850",11.21 ~ 11.25,https://www.wishbunny.me/drop/4844,New Item
food,유기농 발사믹 & 올리브오일,"74,400",11.21 ~ 11.25,https://www.wishbunny.me/drop/4843,New Item
food,클룹 애사비소다 딥. 바이탈 레몬 스파클링,"17,900",11.07 ~ 11.11,https://www.wishbunny.me/drop/4834,New Item
food,한끼통살,"70,000",11.07 ~ 11.11,https://www.wishbunny.me/drop/4833,New Item
food,고메공방 들기름 막국수,N/A,11.28 ~ 12.05,https://www.wishbunny.me/drop/4829,New Item
food,옆집 풍미시리즈 ( 제주 돼지 재육복음 ),"12,800",11.25 ~ 12.02,https://www.wishbunny.me/drop/4828,New Item
food,옆집 꽃님이네 똑딱 카레,"19,900",11.04 ~ 11.18,https://www.wishbunny.me/drop/4820,New Item
food,런쿡 스무디,"150,000",11.10 ~ 11.16,https://www.wishbunny.me/drop/4803,New Item
food,런쿡 x 마켓컬리 컬리 온리템,"19,900",11.06 ~ 11.10,https://www.wishbunny.me/drop/4802,New Item
food,프레벨롱,"2,900",11.28 ~ 11.30,https://www.wishbunny.me/drop/4801,New Item
food,레고정리함,"26,000",11.21 ~ 11.23,https://www.wishbunny.me/drop/4796,New Item
food,라온킴 큐브,N/A,11.10 ~ 11.12,https://www.wishbunny.me/drop/4785,New Item
food,우랩소고기,"56,700",11.07 ~ 11.11,https://www.wishbunny.me/drop/4784,New Item
food,맘스나이아드,"54,600",11.05 ~ 11.09,https://www.wishbunny.me/drop/4782,New Item
food,"마야: 전통장류(간장,된장외)","21,500",11.17 ~ 11.23,https://www.wishbunny.me/drop/4778,New Item
food,올비건 오메가3,"79,000",11.10 ~ 11.13,https://www.wishbunny.me/drop/4777,New Item
food,우본& 무량수,"61,200",11.27 ~ 12.04,https://www.wishbunny.me/drop/4776,New Item
food,기장끝집,"92,000",11.12 ~ 11.16,https://www.wishbunny.me/drop/4769,New Item
food,이야이야엔프렌즈 올리브오일,"134,000",11.13 ~ 11.17,https://www.wishbunny.me/drop/4761,New Item
food,키텐실 전용 글라인더,"49,900",12.02 ~ 12.10,https://www.wishbunny.me/drop/4758,New Item
food,이랑온 김장철 맞이 할인행사,"18,900",11.25 ~ 12.08,https://www.wishbunny.me/drop/4757,New Item
food,이랑온 건강햄 할인행사,N/A,11.12 ~ 11.16,https://www.wishbunny.me/drop/4755,New Item
food,하얀 떡갈비,N/A,11.24 ~ 12.01,https://www.wishbunny.me/drop/4753,New Item
food,아이 쌀 돈가스,N/A,11.10 ~ 11.14,https://www.wishbunny.me/drop/4751,New Item
food,덴티큐브 자일리톨 캔디,"16,400",11.06 ~ 11.09,https://www.wishbunny.me/drop/4750,New Item
food,가루데이,"15,000",11.03 ~ 11.06,https://www.wishbunny.me/drop/4749,New Item
food,착즙하는남자 착즙 주스,"22,000",12.22 ~ 12.26,https://www.wishbunny.me/drop/4744,New Item
food,슈베가든 이유식,"1,960",11.19 ~ 11.21,https://www.wishbunny.me/drop/4722,New Item
food,식수대용 배도라지차,"11,900",11.03 ~ 11.06,https://www.wishbunny.me/drop/4702,New Item
food,오비큠 프로 무선 청소기,"289,000",11.06 ~ 11.09,https://www.wishbunny.me/drop/4700,New Item
food,레오나르디 모데나산 발사믹,"21,800",11.05 ~ 11.09,https://www.wishbunny.me/drop/4699,New Item
food,들깨수제비 / 들깨 칼국수,"9,800",11.04 ~ 11.07,https://www.wishbunny.me/drop/4698,New Item
food,한우 불고기,N/A,11.03 ~ 11.06,https://www.wishbunny.me/drop/4697,New Item
food,우랩 소고기,"43,500",11.24 ~ 11.26,https://www.wishbunny.me/drop/4690,New Item
food,부로디 넛버터,N/A,11.20 ~ 11.23,https://www.wishbunny.me/drop/4689,New Item
food,물디홈 라구/짜장/커리소스,"27,700",11.17 ~ 11.19,https://www.wishbunny.me/drop/4688,New Item
food,아린이네 생선가게,N/A,11.11 ~ 11.13,https://www.wishbunny.me/drop/4685,New Item
food,별미당 떡국떡/ 간식떡 시리즈,N/A,11.06 ~ 11.09,https://www.wishbunny.me/drop/4684,New Item
food,여수해적 전복죽,N/A,11.04 ~ 11.07,https://www.wishbunny.me/drop/4683,New Item
food,어린이 채담카레,"16,800",11.03 ~ 11.06,https://www.wishbunny.me/drop/4682,New Item
food,치밀 목초 사골 곰탕,"69,000",11.24 ~ 11.28,https://www.wishbunny.me/drop/4680,New Item
food,자일리톨 캔디,"51,200",11.20 ~ 11.23,https://www.wishbunny.me/drop/4679,New Item
food,담은수 / 단 / 맛간장,"44,800",11.14 ~ 11.16,https://www.wishbunny.me/drop/4677,New Item
food,마이키즈,"28,900",11.01 ~ 11.07,https://www.wishbunny.me/drop/4654,New Item
food,볼시리즈,N/A,11.24 ~ 11.27,https://www.wishbunny.me/drop/4638,New Item
food,올리브오일,"96,000",11.17 ~ 11.23,https://www.wishbunny.me/drop/4637,New Item
food,순수 떡갈비,"49,900",11.28 ~ 11.30,https://www.wishbunny.me/drop/4633,New Item
food,어린이 오메가3 젤리,"26,900",11.21 ~ 11.25,https://www.wishbunny.me/drop/4632,New Item
food,한화제약 수퍼이뮨젤리,"4,700",11.05 ~ 11.19,https://www.wishbunny.me/drop/4629,New Item
food,아넬라 퓨레,"35,000",11.12 ~ 11.30,https://www.wishbunny.me/drop/4622,New Item
food,가연맘X우리농축산 백곰탕,"46,500",11.23 ~ 11.26,https://www.wishbunny.me/drop/4614,New Item
food,뉴케어 마이키즈,"28,900",11.04 ~ 11.12,https://www.wishbunny.me/drop/4565,New Item
food,우랩 소고기,N/A,11.25 ~ 11.27,https://www.wishbunny.me/drop/4548,New Item
food,리틀스푼 쫀득 고구마,N/A,10.28 ~ 11.01,https://www.wishbunny.me/drop/4540,New Item
food,모든 육수,"9,900",11.25 ~ 11.28,https://www.wishbunny.me/drop/4533,New Item
food,찐티보리,"9,800",11.14 ~ 11.18,https://www.wishbunny.me/drop/4530,New Item
food,아침빛바다 빵,"21,900",11.04 ~ 11.07,https://www.wishbunny.me/drop/4527,New Item
food,슈퍼세이브 곰보배추시럽,"69,000",11.17 ~ 11.23,https://www.wishbunny.me/drop/4520,New Item
food,원디그리 오가닉 그래놀라 3종세트,"45,500",11.10 ~ 11.16,https://www.wishbunny.me/drop/4518,New Item
food,초정담 무항생제 한우곰탕,"26,000",11.10 ~ 11.12,https://www.wishbunny.me/drop/4517,New Item
food,리즈커피,"19,700",10.27 ~ 11.02,https://www.wishbunny.me/drop/4509,New Item
food,아임코차 아임수차,"11,900",10.27 ~ 11.02,https://www.wishbunny.me/drop/4508,New Item
food,슈퍼세이브 곰보배추시럽,"30,000",10.20 ~ 10.27,https://www.wishbunny.me/drop/4506,New Item
food,당구마(호박고구마),"23,900",11.06 ~ 11.10,https://www.wishbunny.me/drop/4489,New Item
food,룰루맘 간식 모음전,"36,200",11.17 ~ 11.19,https://www.wishbunny.me/drop/4479,New Item
food,곰도리배즙 배도라지즙,"14,200",10.22 ~ 10.22,https://www.wishbunny.me/drop/4469,New Item
food,프리미엄 햇올리브유 무랄리아,"65,000",10.17 ~ 10.19,https://www.wishbunny.me/drop/4411,New Item
food,보리굴비,"74,900",11.27 ~ 12.01,https://www.wishbunny.me/drop/4377,New Item
food,영의정 떡 일번지,"53,000",11.06 ~ 11.13,https://www.wishbunny.me/drop/4374,New Item
food,프레벨롱,"2,900",11.15 ~ 11.16,https://www.wishbunny.me/drop/4357,New Item
food,찐티보리,"9,900",11.03 ~ 11.07,https://www.wishbunny.me/drop/4352,New Item
food,아넬라 퓨레,"35,000",10.15 ~ 10.31,https://www.wishbunny.me/drop/4321,New Item
food,로버츠 빌베리,"59,900",10.31 ~ 11.03,https://www.wishbunny.me/drop/4285,New Item
food,코스타노바 바로코,"189,000",10.27 ~ 11.03,https://www.wishbunny.me/drop/4284,New Item
food,목초우 사골곰탕 & 진액,"69,000",10.28 ~ 10.31,https://www.wishbunny.me/drop/4281,New Item
food,와당탕 그래놀라,"44,000",10.16 ~ 10.19,https://www.wishbunny.me/drop/4273,New Item
food,레오나르디 발사믹,N/A,10.23 ~ 10.26,https://www.wishbunny.me/drop/4268,New Item
food,유기농 콩기름,N/A,10.20 ~ 10.23,https://www.wishbunny.me/drop/4267,New Item
food,앙투어솔레 치즈,N/A,10.16 ~ 10.19,https://www.wishbunny.me/drop/4266,New Item
food,에스파뇰라 오일스프레이,N/A,10.15 ~ 10.19,https://www.wishbunny.me/drop/4264,New Item
food,탐라는 제주 흑돼지 간장불고기 / 매콤불고기,"4,500",10.19 ~ 10.27,https://www.wishbunny.me/drop/4255,New Item
food,로버츠 베리에,N/A,10.17 ~ 10.20,https://www.wishbunny.me/drop/4254,New Item
food,New 분말육수,N/A,11.03 ~ 11.06,https://www.wishbunny.me/drop/4247,New Item
food,이랑온 유기농 고춧가루,"43,600",10.28 ~ 10.31,https://www.wishbunny.me/drop/4241,New Item
food,산도 0.2 올리브오일 500ml,"22,800",10.21 ~ 10.23,https://www.wishbunny.me/drop/4239,New Item
food,압박 스타킹,"74,000",10.23 ~ 10.26,https://www.wishbunny.me/drop/4226,New Item
food,엑스트라 버진 올리브오일 널리브,"126,000",10.29 ~ 10.31,https://www.wishbunny.me/drop/4223,New Item
food,소담소담 갈비탕,"25,900",10.22 ~ 10.24,https://www.wishbunny.me/drop/4216,New Item
food,비연담 곰탕,"16,900",10.30 ~ 11.02,https://www.wishbunny.me/drop/4210,New Item
food,프레벨롱,"2,900",10.22 ~ 10.26,https://www.wishbunny.me/drop/4199,New Item
food,우아한 김,"32,000",10.31 ~ 11.02,https://www.wishbunny.me/drop/4197,New Item
food,끌리젠 가열식 가습기,"243,900",10.31 ~ 11.02,https://www.wishbunny.me/drop/4192,New Item
food,한우 곰탕,"42,500",10.23 ~ 10.25,https://www.wishbunny.me/drop/4168,New Item
food,아린이네 순살생선,N/A,10.28 ~ 11.01,https://www.wishbunny.me/drop/4155,New Item
food,"야채볼, 소고기볼, 까망볼",N/A,10.20 ~ 10.23,https://www.wishbunny.me/drop/4152,New Item
food,밀크하우스경산 요거쪽쪽 수제 아기요거트 10개 세트,"13,000",11.12 ~ 11.19,https://www.wishbunny.me/drop/4131,New Item
food,마이키즈 초코맛+딸기맛+밀크맛+바나나맛+블루베리맛,"28,900",10.27 ~ 11.03,https://www.wishbunny.me/drop/4129,New Item
food,하늘봄 동결건조국,"12,000",10.27 ~ 10.29,https://www.wishbunny.me/drop/4121,New Item
food,별미당,N/A,10.21 ~ 10.24,https://www.wishbunny.me/drop/4120,New Item
food,자일리톨팝,"10,500",10.21 ~ 10.22,https://www.wishbunny.me/drop/4119,New Item
food,완도몰 매생이&톳&다시마,"39,900",10.15 ~ 10.19,https://www.wishbunny.me/drop/4117,New Item
food,마이키즈,N/A,10.12 ~ 10.14,https://www.wishbunny.me/drop/4116,New Item
food,룰루맘 감식 모음전,"36,200",10.20 ~ 10.23,https://www.wishbunny.me/drop/4097,New Item
food,채담 카레,"16,800",10.20 ~ 10.24,https://www.wishbunny.me/drop/4085,New Item
food,찰옥수수빵,"30,900",10.14 ~ 10.17,https://www.wishbunny.me/drop/4082,New Item
food,무첨가 오트밀크,"28,800",11.13 ~ 11.16,https://www.wishbunny.me/drop/4077,New Item
food,룰루맘 간식 모음전,"36,200",10.29 ~ 11.01,https://www.wishbunny.me/drop/4073,New Item
food,예림농원 딸기잼,"11,200",10.29 ~ 11.02,https://www.wishbunny.me/drop/4050,New Item
food,마이키즈,"28,900",10.22 ~ 10.26,https://www.wishbunny.me/drop/4047,New Item
food,이리온 파김치,N/A,10.16 ~ 10.19,https://www.wishbunny.me/drop/4029,New Item
food,향유 참기름 & 들기름,"49,000",10.28 ~ 10.31,https://www.wishbunny.me/drop/4028,New Item
food,비연담 닭곰탕 & 갈비탕,"42,400",10.20 ~ 10.24,https://www.wishbunny.me/drop/4026,New Item
food,비연담 닭곰탕 갈비탕,"42,400",10.31 ~ 11.02,https://www.wishbunny.me/drop/4017,New Item
food,유쾌한 빵곳간,N/A,10.30 ~ 11.02,https://www.wishbunny.me/drop/4016,New Item
food,프레벨롱,"2,900",10.29 ~ 10.31,https://www.wishbunny.me/drop/4015,New Item
food,착즙남 과일칩 & 요거트 큐브 & 과일즙,"2,700",10.27 ~ 10.30,https://www.wishbunny.me/drop/4014,New Item
food,그린 잇 랩 ( 참기름 & 들기름 ),N/A,10.24 ~ 10.27,https://www.wishbunny.me/drop/4012,New Item
food,치밀 목초사골,"65,000",10.23 ~ 10.25,https://www.wishbunny.me/drop/4011,New Item
food,PUOS 라구소스,N/A,10.21 ~ 10.24,https://www.wishbunny.me/drop/4010,New Item
food,소바삭,"17,800",10.20 ~ 10.22,https://www.wishbunny.me/drop/4009,New Item
food,할배국밥,N/A,10.17 ~ 10.20,https://www.wishbunny.me/drop/4007,New Item
food,씨비타 어린이 김,N/A,10.14 ~ 10.17,https://www.wishbunny.me/drop/4006,New Item
food,자연시간 원물간식,"22,900",10.16 ~ 10.20,https://www.wishbunny.me/drop/3980,New Item
food,"소고기칩, 돼지고기칩","36,700",10.16 ~ 10.20,https://www.wishbunny.me/drop/3979,New Item
food,정성어린 반건조 생선,"30,900",11.20 ~ 11.23,https://www.wishbunny.me/drop/3978,New Item
food,트루푸드 소고기칩,"36,700",10.26 ~ 10.31,https://www.wishbunny.me/drop/3977,New Item
food,뉴오리진 A2 밀크,"25,900",10.20 ~ 10.23,https://www.wishbunny.me/drop/3976,New Item
food,프레벨롱,"2,900",10.28 ~ 10.31,https://www.wishbunny.me/drop/3972,New Item
food,라온킴 이유식 큐브,N/A,10.14 ~ 10.17,https://www.wishbunny.me/drop/3963,New Item
food,무무칩 & 무무솔솔,N/A,10.10 ~ 10.12,https://www.wishbunny.me/drop/3961,New Item
food,바맘 고새야 소세지,"4,850",10.21 ~ 10.26,https://www.wishbunny.me/drop/3937,New Item
food,우랩 소고기,"51,200",10.14 ~ 10.17,https://www.wishbunny.me/drop/3934,New Item
food,미소다,"15,900",10.27 ~ 10.30,https://www.wishbunny.me/drop/3930,New Item
food,대성한우,"16,900",10.27 ~ 10.31,https://www.wishbunny.me/drop/3929,New Item
food,아린이네생선가게,"28,900",10.23 ~ 10.26,https://www.wishbunny.me/drop/3928,New Item
food,담은수,"6,500",10.13 ~ 10.16,https://www.wishbunny.me/drop/3924,New Item
food,무무칩 & 무무솔솔,"59,000",10.14 ~ 10.17,https://www.wishbunny.me/drop/3917,New Item
food,끼리 크림치즈,"19,700",10.22 ~ 10.26,https://www.wishbunny.me/drop/3910,New Item
food,마이키즈,"28,900",10.15 ~ 10.19,https://www.wishbunny.me/drop/3909,New Item
food,미소다 냉장 한우/한돈 고기,"16,900",10.30 ~ 11.02,https://www.wishbunny.me/drop/3902,New Item
food,오사닛 캔디,"17,900",10.20 ~ 10.23,https://www.wishbunny.me/drop/3894,New Item
food,이치비야,N/A,10.29 ~ 11.02,https://www.wishbunny.me/drop/3878,New Item
food,채담카레,"16,800",10.27 ~ 10.31,https://www.wishbunny.me/drop/3877,New Item
food,찐티보리,N/A,10.23 ~ 10.26,https://www.wishbunny.me/drop/3876,New Item
food,유쾌한 빵곳간,N/A,10.16 ~ 10.19,https://www.wishbunny.me/drop/3875,New Item
food,Fruteto 무설탕 과일잼,N/A,10.13 ~ 10.16,https://www.wishbunny.me/drop/3874,New Item
food,올바름 떡뻥,N/A,10.27 ~ 10.29,https://www.wishbunny.me/drop/3872,New Item
food,파오리버터,N/A,10.09 ~ 10.19,https://www.wishbunny.me/drop/3852,New Item
food,유기 수산 프리미엄 푸른바다 톳전복죽 & 미역국,"21,800",10.23 ~ 10.26,https://www.wishbunny.me/drop/3849,New Item
food,필리포스 올리브오일,"43,000",10.20 ~ 10.26,https://www.wishbunny.me/drop/3848,New Item
food,고기 까까,"75,000",10.16 ~ 10.19,https://www.wishbunny.me/drop/3847,New Item
food,뉴오리진 A2 우유,"25,900",10.13 ~ 10.16,https://www.wishbunny.me/drop/3833,New Item
food,바맘 배도라지즙,"28,900",10.13 ~ 10.16,https://www.wishbunny.me/drop/3832,New Item
food,초정담 한우 사골 곰탕,"14,000",10.27 ~ 10.30,https://www.wishbunny.me/drop/3831,New Item
food,이치비야 과일칩,N/A,10.20 ~ 10.23,https://www.wishbunny.me/drop/3830,New Item
food,"다온 배도라지고, 저염 소스","20,000",10.13 ~ 10.16,https://www.wishbunny.me/drop/3829,New Item
food,설성목장,"22,000",10.28 ~ 10.31,https://www.wishbunny.me/drop/3828,New Item
food,바비야기,"10,000",10.27 ~ 10.30,https://www.wishbunny.me/drop/3826,New Item
food,마이키즈,"28,900",10.21 ~ 10.27,https://www.wishbunny.me/drop/3825,New Item
food,배도라지 & 빌베리 젤리,"23,900",10.20 ~ 10.24,https://www.wishbunny.me/drop/3824,New Item
food,요거쪽쪽,N/A,10.20 ~ 10.26,https://www.wishbunny.me/drop/3823,New Item
food,우랩 소고기,"51,200",10.17 ~ 10.21,https://www.wishbunny.me/drop/3822,New Item
food,비연담 갈비탕 & 닭곰탕,"42,400",10.13 ~ 10.16,https://www.wishbunny.me/drop/3820,New Item
food,유쾌한 빵곳간,N/A,10.13 ~ 10.16,https://www.wishbunny.me/drop/3817,New Item
food,새벽햇살 달걀 1번란,N/A,10.29 ~ 10.31,https://www.wishbunny.me/drop/3813,New Item
food,착즙하는 남자,"21,000",10.24 ~ 10.26,https://www.wishbunny.me/drop/3811,New Item
food,쯔베르겐비제 유기농 토마토소스,N/A,10.20 ~ 10.24,https://www.wishbunny.me/drop/3808,New Item
food,톳전복죽,"22,800",10.20 ~ 10.23,https://www.wishbunny.me/drop/3807,New Item
food,푸릉바당 어묵,N/A,10.16 ~ 10.19,https://www.wishbunny.me/drop/3806,New Item
food,우랩 소고기,"43,500",10.15 ~ 10.17,https://www.wishbunny.me/drop/3804,New Item
food,비연담 갈비탕 & 닭곰탕,"42,000",10.10 ~ 10.14,https://www.wishbunny.me/drop/3802,New Item
food,볏짚 먹은 한우칩,"79,000",10.30 ~ 11.02,https://www.wishbunny.me/drop/3801,New Item
food,담은수 시리즈,"12,600",10.27 ~ 10.30,https://www.wishbunny.me/drop/3799,New Item
food,우리아이 한우 사골 곰탕,"24,900",10.23 ~ 10.26,https://www.wishbunny.me/drop/3798,New Item
food,푸른들 모음전,N/A,10.20 ~ 10.23,https://www.wishbunny.me/drop/3796,New Item
food,위드잇 카레 & 짜장,"14,800",10.13 ~ 10.16,https://www.wishbunny.me/drop/3794,New Item
food,우랩 소고기,"43,500",10.08 ~ 10.12,https://www.wishbunny.me/drop/3792,New Item
food,슈베가든,"1,820",10.12 ~ 10.15,https://www.wishbunny.me/drop/3770,New Item
food,오가닉스 포리지,"12,500",10.29 ~ 11.01,https://www.wishbunny.me/drop/3767,New Item
food,라온킴 이유식 야채큐부,N/A,10.21 ~ 10.23,https://www.wishbunny.me/drop/3762,New Item
food,프레벨롱 모음전,"2,900",10.13 ~ 10.14,https://www.wishbunny.me/drop/3759,New Item
food,트루쿡,N/A,10.27 ~ 10.30,https://www.wishbunny.me/drop/3756,New Item
food,미미뻥,N/A,10.23 ~ 10.24,https://www.wishbunny.me/drop/3755,New Item
food,베리네이처 소 & 돼지,"21,510",10.16 ~ 10.20,https://www.wishbunny.me/drop/3752,New Item
food,바맘 푸룬주스,"24,800",10.27 ~ 10.30,https://www.wishbunny.me/drop/3741,New Item
food,프레벨롱,"2,900",10.21 ~ 10.26,https://www.wishbunny.me/drop/3731,New Item
food,미니큐브 식빵,N/A,10.30 ~ 11.02,https://www.wishbunny.me/drop/3725,New Item
food,바맘 순살생선,N/A,10.30 ~ 11.02,https://www.wishbunny.me/drop/3724,New Item
food,"물디 라구소스 , 새우전반죽","27,700",10.29 ~ 11.04,https://www.wishbunny.me/drop/3723,New Item
food,바맘 고새야 소세지,"4,850",10.28 ~ 10.31,https://www.wishbunny.me/drop/3722,New Item
food,"우랩 소고기 단, 24시간","43,500",10.27 ~ 10.28,https://www.wishbunny.me/drop/3721,New Item
food,라꽁비에뜨 버터,"35,000",10.23 ~ 10.26,https://www.wishbunny.me/drop/3718,New Item
food,미소다 냉동 반찬 모음전,"21,900",10.20 ~ 10.24,https://www.wishbunny.me/drop/3717,New Item
food,예림농원 딸기잼,"12,000",10.17 ~ 10.20,https://www.wishbunny.me/drop/3716,New Item
food,초정담 사골 곰탕,"14,000",10.16 ~ 10.19,https://www.wishbunny.me/drop/3715,New Item
food,미소다 뿌링 시리즈,"39,800",10.16 ~ 10.19,https://www.wishbunny.me/drop/3714,New Item
food,끼리 간식 모음전,"27,200",10.14 ~ 10.17,https://www.wishbunny.me/drop/3713,New Item
food,리오마레 참치,"37,000",10.13 ~ 10.17,https://www.wishbunny.me/drop/3712,New Item
food,자일로드림 한정수량,"12,900",10.10 ~ 10.12,https://www.wishbunny.me/drop/3710,New Item
food,파스퇴르 우유 3종,"16,400",10.09 ~ 10.12,https://www.wishbunny.me/drop/3708,New Item
food,푸릉바당 어묵,N/A,10.22 ~ 10.26,https://www.wishbunny.me/drop/3702,New Item
food,"물디홈 짜장, 커리","20,700",10.15 ~ 10.19,https://www.wishbunny.me/drop/3700,New Item
food,네모메모 빵,"12,500",10.13 ~ 10.16,https://www.wishbunny.me/drop/3699,New Item
food,만능 멸치 야채 육수,N/A,10.29 ~ 11.02,https://www.wishbunny.me/drop/3689,New Item
food,다온 소스,"20,000",10.27 ~ 10.30,https://www.wishbunny.me/drop/3688,New Item
food,우랩 소고기,"43,500",10.23 ~ 10.26,https://www.wishbunny.me/drop/3687,New Item
food,향유 참기름&들기름,"29,700",10.14 ~ 10.17,https://www.wishbunny.me/drop/3678,New Item
food,배마마 건조야채,"15,800",10.10 ~ 10.13,https://www.wishbunny.me/drop/3677,New Item
food,미소다,"4,800",10.23 ~ 10.26,https://www.wishbunny.me/drop/3663,New Item
food,우리밀과자,"2,200",10.16 ~ 10.19,https://www.wishbunny.me/drop/3661,New Item
food,푸른들,N/A,10.15 ~ 10.19,https://www.wishbunny.me/drop/3660,New Item
food,우본 밀키트,"24,800",10.24 ~ 10.28,https://www.wishbunny.me/drop/3655,New Item
food,마이유레카,"33,600",10.15 ~ 10.22,https://www.wishbunny.me/drop/3626,New Item
food,하얀아기 불고기,N/A,10.30 ~ 11.02,https://www.wishbunny.me/drop/3620,New Item
food,소고기볼 & 야채볼,N/A,10.27 ~ 10.30,https://www.wishbunny.me/drop/3619,New Item
food,오리쮸 & 한우칩,"7,700",10.23 ~ 10.26,https://www.wishbunny.me/drop/3618,New Item
food,크리티다 올리브유,"96,000",10.20 ~ 10.23,https://www.wishbunny.me/drop/3617,New Item
food,마이키즈,"28,900",10.01 ~ 10.12,https://www.wishbunny.me/drop/3592,New Item
food,우잇 동결건조국,"32,700",10.13 ~ 10.16,https://www.wishbunny.me/drop/3571,New Item
food,헤이그린스,"48,620",10.27 ~ 10.30,https://www.wishbunny.me/drop/3569,New Item
food,밀크하우스 요거트 & 치즈,N/A,10.10 ~ 10.15,https://www.wishbunny.me/drop/3567,New Item
food,모던구루 그래놀라,"8,800",10.29 ~ 10.31,https://www.wishbunny.me/drop/3541,New Item
food,우랩 소고기,"43,500",10.02 ~ 10.07,https://www.wishbunny.me/drop/3537,New Item
food,프레벨롱,"2,900",10.31 ~ 11.02,https://www.wishbunny.me/drop/3536,New Item
food,베리네이처 무항생제 한우/닭고기/한돈,"21,510",10.30 ~ 11.01,https://www.wishbunny.me/drop/3535,New Item
food,헤이오트 오트바,N/A,10.25 ~ 10.28,https://www.wishbunny.me/drop/3499,New Item
food,바맘비엔나,"4,850",10.14 ~ 10.19,https://www.wishbunny.me/drop/3488,New Item
food,우랩 소고기,"51,200",10.10 ~ 10.13,https://www.wishbunny.me/drop/3466,New Item
food,2025 감흥사과,"62,800",10.10 ~ 10.14,https://www.wishbunny.me/drop/3407,New Item
food,시니맘 돈까스,N/A,10.27 ~ 10.30,https://www.wishbunny.me/drop/3388,New Item
food,생선파는언니,"29,000",10.22 ~ 10.26,https://www.wishbunny.me/drop/3386,New Item
food,바망바망,N/A,10.13 ~ 10.16,https://www.wishbunny.me/drop/3383,New Item
food,"시니맘 볼시리즈3종 야채볼,소고기볼,까망볼",N/A,10.01 ~ 10.07,https://www.wishbunny.me/drop/3382,New Item
food,A2 우유 + 간식,"25,900",10.07 ~ 10.10,https://www.wishbunny.me/drop/3371,New Item
food,아넬라 퓨레,"30,900",10.03 ~ 10.12,https://www.wishbunny.me/drop/3338,New Item
food,룰루맘 간식 모음전,"36,200",10.21 ~ 10.23,https://www.wishbunny.me/drop/3319,New Item
food,얼라맘마 아기김치 & 장류,"12,000",10.13 ~ 10.16,https://www.wishbunny.me/drop/3312,New Item
food,룰루맘 간식 모음전,"36,200",10.23 ~ 10.25,https://www.wishbunny.me/drop/3308,New Item
food,자미 유정란 1번란,"20,100",10.22 ~ 10.26,https://www.wishbunny.me/drop/3307,New Item
food,"마야항아리 기버터 , 굴소스, 3분짜장","18,360",10.13 ~ 10.19,https://www.wishbunny.me/drop/3306,New Item
food,목초사골곰창 & 진액,"69,000",10.13 ~ 10.16,https://www.wishbunny.me/drop/3305,New Item
food,이랑온 무농약 가을 갓김치,"22,500",10.21 ~ 10.26,https://www.wishbunny.me/drop/3302,New Item
food,무농약 전통장 방주명가,"11,800",10.14 ~ 10.17,https://www.wishbunny.me/drop/3301,New Item
food,리틀브라운 식빵/간식빵 시리즈,N/A,10.28 ~ 10.31,https://www.wishbunny.me/drop/3300,New Item
food,퍼시피카튜나 올리브오일참치,N/A,10.23 ~ 10.26,https://www.wishbunny.me/drop/3298,New Item
food,마이키즈,"28,900",10.21 ~ 10.24,https://www.wishbunny.me/drop/3297,New Item
food,우랩 소고기,"43,500",10.20 ~ 10.22,https://www.wishbunny.me/drop/3296,New Item
food,아임쥬스,"34,000",10.14 ~ 10.17,https://www.wishbunny.me/drop/3294,New Item
food,완도몰 모음전,"39,900",10.06 ~ 10.10,https://www.wishbunny.me/drop/3291,New Item
food,남천동 할배국밥,N/A,10.02 ~ 10.05,https://www.wishbunny.me/drop/3290,New Item
food,목초육 무무칩 & 무무솔솔,N/A,10.30 ~ 11.02,https://www.wishbunny.me/drop/3275,New Item
food,룰루맘 간식 모음전,"36,200",10.29 ~ 11.01,https://www.wishbunny.me/drop/3270,New Item
food,우아한 김,"32,000",10.10 ~ 10.14,https://www.wishbunny.me/drop/3260,New Item
food,한돈 유기농햄 / 쌀돈가스,N/A,10.29 ~ 11.02,https://www.wishbunny.me/drop/3246,New Item
food,우리밀과자,"2,200",10.28 ~ 11.02,https://www.wishbunny.me/drop/3245,New Item
food,명희홈쿡 떡갈비,N/A,10.27 ~ 10.30,https://www.wishbunny.me/drop/3244,New Item
food,봉순 감자탕,N/A,10.22 ~ 10.26,https://www.wishbunny.me/drop/3243,New Item
food,꿀맘스 햇 과매기,"34,900",10.21 ~ 10.26,https://www.wishbunny.me/drop/3242,New Item
food,명희홈쿡 바로육수,"15,000",10.20 ~ 10.23,https://www.wishbunny.me/drop/3241,New Item
food,명희홈쿡 뼈없는 저염한우 갈비탕,"35,400",10.13 ~ 10.16,https://www.wishbunny.me/drop/3237,New Item
food,두부 또띠아 4종,N/A,10.08 ~ 10.12,https://www.wishbunny.me/drop/3236,New Item
food,맵꾸미 밀키트,"34,900",10.02 ~ 10.09,https://www.wishbunny.me/drop/3235,New Item
food,페로제도 무항생제 연어,N/A,09.29 ~ 10.09,https://www.wishbunny.me/drop/3233,New Item
food,오가닉 유기농 올리브오일,"96,000",10.27 ~ 10.29,https://www.wishbunny.me/drop/3229,New Item
food,밥스누 약콩콩물 99.7%,"69,800",10.20 ~ 10.22,https://www.wishbunny.me/drop/3227,New Item
food,쭈꾸미 밀키트,"35,900",10.15 ~ 10.17,https://www.wishbunny.me/drop/3226,New Item
food,퍽구마,"24,900",10.12 ~ 10.14,https://www.wishbunny.me/drop/3225,New Item
food,가성비 올리브오일,N/A,10.28 ~ 10.31,https://www.wishbunny.me/drop/3219,New Item
food,나주곰탕,"84,000",10.21 ~ 10.26,https://www.wishbunny.me/drop/3218,New Item
food,오가닉스 포리지,"12,500",10.20 ~ 10.23,https://www.wishbunny.me/drop/3203,New Item
food,아넬라 퓨레,"25,900",10.02 ~ 10.09,https://www.wishbunny.me/drop/3200,New Item
food,우잇 동결건조국,"32,700",10.30 ~ 11.02,https://www.wishbunny.me/drop/3193,New Item
food,괴산 절임배추 & 딤채 김치,"48,900",10.08 ~ 10.12,https://www.wishbunny.me/drop/3188,New Item
food,지엠마 마켓,N/A,10.27 ~ 10.28,https://www.wishbunny.me/drop/3144,New Item
food,룰루맘 간식 모음전,"36,200",10.20 ~ 10.22,https://www.wishbunny.me/drop/3124,New Item
food,찐티보리,N/A,09.29 ~ 10.02,https://www.wishbunny.me/drop/3116,New Item
food,초정담 사골곰탕,"14,000",10.30 ~ 11.02,https://www.wishbunny.me/drop/3114,New Item
food,향유 참기름,"49,000",09.30 ~ 10.03,https://www.wishbunny.me/drop/2727,New Item
food,이지앤프리 용기,N/A,09.27 ~ 09.30,https://www.wishbunny.me/drop/2678,New Item
food,곰보배추시럽,"69,000",09.19 ~ 09.25,https://www.wishbunny.me/drop/2636,New Item
food,에스파뇰라,"19,500",09.19 ~ 09.24,https://www.wishbunny.me/drop/2635,New Item
food,마이키즈,"28,900",09.19 ~ 09.22,https://www.wishbunny.me/drop/2634,New Item
food,에스파뇰라 오일스프레이,N/A,09.18 ~ 09.21,https://www.wishbunny.me/drop/2624,New Item
food,찐티보리,"9,800",09.15 ~ 09.18,https://www.wishbunny.me/drop/2623,New Item
food,삼진어묵 추석선물,"46,700",09.22 ~ 09.27,https://www.wishbunny.me/drop/2606,New Item
food,오가닉스 퓨레 포리지,"24,800",09.21 ~ 09.23,https://www.wishbunny.me/drop/2596,New Item
food,하늘봄 동결건조국,"12,000",09.22 ~ 09.24,https://www.wishbunny.me/drop/2595,New Item
food,크리티다 올리브유,"96,000",09.29 ~ 10.02,https://www.wishbunny.me/drop/2592,New Item
food,우랩,"43,500",09.25 ~ 09.28,https://www.wishbunny.me/drop/2591,New Item
food,푸른들 동결건조국,N/A,09.22 ~ 09.24,https://www.wishbunny.me/drop/2588,New Item
food,룰루맘 원물간식,"35,900",09.20 ~ 09.27,https://www.wishbunny.me/drop/2587,New Item
food,생선파는 언니,"27,500",09.15 ~ 09.18,https://www.wishbunny.me/drop/2584,New Item
food,마이키즈,"29,800",09.29 ~ 10.06,https://www.wishbunny.me/drop/2578,New Item
food,위시버니X우아한 김,"32,000",09.06 ~ 09.07,https://www.wishbunny.me/drop/2567,New Item
food,우아한 김,"32,000",09.17 ~ 09.20,https://www.wishbunny.me/drop/2558,New Item
food,마이키즈,"28,900",09.10 ~ 09.14,https://www.wishbunny.me/drop/2551,New Item
food,착즙하는 남자 착즙 쥬스,"21,000",09.29 ~ 10.01,https://www.wishbunny.me/drop/2541,New Item
food,리틀펄리 양치사탕,"44,000",09.18 ~ 09.21,https://www.wishbunny.me/drop/2534,New Item
food,무무칩,"59,000",09.15 ~ 09.17,https://www.wishbunny.me/drop/2531,New Item
food,프레벨롱 퓨레,"2,900",09.03 ~ 09.03,https://www.wishbunny.me/drop/2522,New Item
food,프레벨롱,"2,900",09.29 ~ 09.30,https://www.wishbunny.me/drop/2519,New Item
food,바맘 배도라지즙,"29,900",09.18 ~ 09.20,https://www.wishbunny.me/drop/2513,New Item
food,우랩 소고기,"51,200",09.16 ~ 09.18,https://www.wishbunny.me/drop/2511,New Item
food,남천동 할배국밥,N/A,09.24 ~ 09.28,https://www.wishbunny.me/drop/2502,New Item
food,"성분 최강 짜장, 카레","12,800",09.22 ~ 09.24,https://www.wishbunny.me/drop/2501,New Item
food,잼먹 푸드 모음전,"8,800",09.16 ~ 09.18,https://www.wishbunny.me/drop/2499,New Item
food,룩트 요거트,"37,900",09.11 ~ 09.14,https://www.wishbunny.me/drop/2497,New Item
food,룩트 젤리 음료 캔디,"37,900",09.08 ~ 09.10,https://www.wishbunny.me/drop/2495,New Item
food,자일리톨 락토캔디,"44,000",09.01 ~ 09.07,https://www.wishbunny.me/drop/2488,New Item
food,마이키즈,N/A,09.18 ~ 09.21,https://www.wishbunny.me/drop/2481,New Item
food,에스파뇰라 오일,N/A,09.04 ~ 09.14,https://www.wishbunny.me/drop/2472,New Item
food,농담꾼 구황작물빵,N/A,09.24 ~ 09.28,https://www.wishbunny.me/drop/2459,New Item
food,리오마레 참치,"37,000",09.11 ~ 09.14,https://www.wishbunny.me/drop/2448,New Item
food,푸른들 간편식,N/A,09.05 ~ 09.07,https://www.wishbunny.me/drop/2444,New Item
food,미소다,"21,900",09.03 ~ 09.07,https://www.wishbunny.me/drop/2441,New Item
food,풀먹고 자란 목초육 곰탕&진액,"69,000",09.15 ~ 09.17,https://www.wishbunny.me/drop/2426,New Item
food,오리쮸 영양간식,"69,300",09.04 ~ 09.09,https://www.wishbunny.me/drop/2423,New Item
food,라온킴,N/A,09.01 ~ 09.03,https://www.wishbunny.me/drop/2413,New Item
food,덴티 캔디,"21,600",09.25 ~ 09.29,https://www.wishbunny.me/drop/2410,New Item
food,마이키즈,N/A,09.01 ~ 09.07,https://www.wishbunny.me/drop/2388,New Item
food,파스퇴르,"16,400",09.24 ~ 09.28,https://www.wishbunny.me/drop/2387,New Item
food,프레벨롱 퓨레,"2,900",09.23 ~ 09.24,https://www.wishbunny.me/drop/2386,New Item
food,밀크하우스 요거쪽쪽,N/A,09.17 ~ 09.19,https://www.wishbunny.me/drop/2383,New Item
food,루솔 이유식,N/A,09.14 ~ 09.17,https://www.wishbunny.me/drop/2365,New Item
food,라온킴 야채큐브,N/A,09.26 ~ 09.28,https://www.wishbunny.me/drop/2356,New Item
food,서현이네 한우사골곰탕,N/A,09.29 ~ 10.02,https://www.wishbunny.me/drop/2342,New Item
food,서현이네 김자반 첫 런칭,N/A,09.25 ~ 09.28,https://www.wishbunny.me/drop/2341,New Item
food,서현이네 한돈 떡갈비,"19,800",09.22 ~ 09.28,https://www.wishbunny.me/drop/2338,New Item
food,서현이네 가루데이,"66,000",09.18 ~ 09.22,https://www.wishbunny.me/drop/2337,New Item
food,서현이네 한우불고기,N/A,09.15 ~ 09.17,https://www.wishbunny.me/drop/2334,New Item
food,자연누리 훈제 오리,"34,900",09.11 ~ 09.14,https://www.wishbunny.me/drop/2332,New Item
food,"서현이네 카레, 짜장가루","15,900",09.11 ~ 09.14,https://www.wishbunny.me/drop/2331,New Item
food,서현이네 한우함박스테이크,"24,800",09.08 ~ 09.10,https://www.wishbunny.me/drop/2330,New Item
food,서현이네 어린이햄,N/A,09.04 ~ 09.07,https://www.wishbunny.me/drop/2329,New Item
food,서현이네 치킨너겟,N/A,09.01 ~ 09.07,https://www.wishbunny.me/drop/2328,New Item
food,씨드밀 참기름 & 들기름,"22,500",09.29 ~ 10.01,https://www.wishbunny.me/drop/2327,New Item
food,볏짚먹은 한우칩,"79,000",09.26 ~ 09.28,https://www.wishbunny.me/drop/2326,New Item
food,자일로드림,"12,900",09.18 ~ 09.21,https://www.wishbunny.me/drop/2325,New Item
food,픽미칩,"9,000",09.18 ~ 09.21,https://www.wishbunny.me/drop/2324,New Item
food,마야 전통장류,"21,500",09.15 ~ 09.21,https://www.wishbunny.me/drop/2323,New Item
food,푸른들 동결건조국 3종,"32,700",09.08 ~ 09.11,https://www.wishbunny.me/drop/2322,New Item
food,자일리톨 팝,"10,500",09.25 ~ 09.28,https://www.wishbunny.me/drop/2320,New Item
food,소바삭 비프칩,"17,800",09.18 ~ 09.21,https://www.wishbunny.me/drop/2318,New Item
food,룰루맘 간식 모음전,"35,900",09.15 ~ 09.17,https://www.wishbunny.me/drop/2315,New Item
food,무무칩,"59,000",09.18 ~ 09.21,https://www.wishbunny.me/drop/2307,New Item
food,룩트요거트,"18,200",09.18 ~ 09.21,https://www.wishbunny.me/drop/2298,New Item
food,룩트 자일리톨 캔디,"37,900",09.15 ~ 09.17,https://www.wishbunny.me/drop/2296,New Item
food,리오마레 참치,"38,700",09.08 ~ 09.11,https://www.wishbunny.me/drop/2294,New Item
food,미미뻥,N/A,09.17 ~ 09.19,https://www.wishbunny.me/drop/2285,New Item
food,수제 자일리톨,"5,800",09.28 ~ 09.30,https://www.wishbunny.me/drop/2278,New Item
food,"아넬라 떡뻥 , 퓨레","35,500",09.01 ~ 09.24,https://www.wishbunny.me/drop/2269,New Item
food,프레벨롱,"2,900",09.26 ~ 09.28,https://www.wishbunny.me/drop/2268,New Item
food,파스퇴르 우유,"16,400",09.22 ~ 09.24,https://www.wishbunny.me/drop/2267,New Item
food,이치비야 요거모야,N/A,09.17 ~ 09.21,https://www.wishbunny.me/drop/2266,New Item
food,바맘 생선 시리즈,N/A,09.04 ~ 09.10,https://www.wishbunny.me/drop/2263,New Item
food,초정담 무항생제 사골곰탕,"15,000",09.01 ~ 09.07,https://www.wishbunny.me/drop/2262,New Item
food,덴티 캔디,"35,600",09.25 ~ 09.28,https://www.wishbunny.me/drop/2260,New Item
food,진맛김 추석 선물세트,"19,500",09.22 ~ 09.25,https://www.wishbunny.me/drop/2259,New Item
food,룰루맘 간식 모음전,"35,900",09.15 ~ 09.18,https://www.wishbunny.me/drop/2257,New Item
food,초정담 곰국,"14,700",09.09 ~ 09.11,https://www.wishbunny.me/drop/2255,New Item
food,착즙하는남자,N/A,09.01 ~ 09.04,https://www.wishbunny.me/drop/2253,New Item
food,보스떡갈비 + 고새너겟,N/A,09.15 ~ 09.21,https://www.wishbunny.me/drop/2237,New Item
food,만능장,N/A,09.04 ~ 09.10,https://www.wishbunny.me/drop/2235,New Item
food,초정담 한우 사골곰탕,"14,000",09.29 ~ 10.01,https://www.wishbunny.me/drop/2233,New Item
food,서울쿠키,N/A,09.22 ~ 09.25,https://www.wishbunny.me/drop/2232,New Item
food,에스파뇰라오일 선물세트,"19,500",09.17 ~ 09.20,https://www.wishbunny.me/drop/2231,New Item
food,농슐랭 밤고구마,"24,900",09.11 ~ 09.14,https://www.wishbunny.me/drop/2230,New Item
food,마이키즈,"28,900",09.03 ~ 09.07,https://www.wishbunny.me/drop/2228,New Item
food,우리별 피자,"5,900",09.07 ~ 09.15,https://www.wishbunny.me/drop/2213,New Item
food,룰루맘 간식 모음전,"35,900",09.22 ~ 09.24,https://www.wishbunny.me/drop/2199,New Item
food,키펀 자일리톨,"22,500",09.18 ~ 09.21,https://www.wishbunny.me/drop/2198,New Item
food,"무무칩, 무무솔솔","59,000",09.08 ~ 09.10,https://www.wishbunny.me/drop/2195,New Item
food,프레벨롱 모음전,"2,900",09.15 ~ 09.17,https://www.wishbunny.me/drop/2182,New Item
food,밀크하우스 요거트& 치즈,N/A,09.04 ~ 09.08,https://www.wishbunny.me/drop/2156,New Item
food,카바나 올리브오일,"36,000",09.05 ~ 09.07,https://www.wishbunny.me/drop/2146,New Item
food,푸른마루,"56,000",09.29 ~ 10.01,https://www.wishbunny.me/drop/2110,New Item
food,유기농 방목 유정란 아늠달걀,"31,050",09.16 ~ 09.18,https://www.wishbunny.me/drop/2108,New Item
food,미소다 한우뿌링 새야뿌링,"39,800",09.15 ~ 09.17,https://www.wishbunny.me/drop/2107,New Item
food,올바름,N/A,09.15 ~ 09.18,https://www.wishbunny.me/drop/2093,New Item
food,초정담 한우 사골,"14,700",09.11 ~ 09.13,https://www.wishbunny.me/drop/2092,New Item
food,상주 곶감,"32,800",09.11 ~ 09.16,https://www.wishbunny.me/drop/2091,New Item
food,라공비에뜨,N/A,09.03 ~ 09.07,https://www.wishbunny.me/drop/2088,New Item
food,마이키즈,"28,900",09.01 ~ 09.04,https://www.wishbunny.me/drop/2087,New Item
food,우아한 어린이김,"32,000",10.24 ~ 10.27,https://www.wishbunny.me/drop/2086,New Item
food,제주 갈치 & 고등어 세트,"119,000",09.22 ~ 09.25,https://www.wishbunny.me/drop/2060,New Item
food,오로바일렌 올리브오일,"81,600",09.08 ~ 09.11,https://www.wishbunny.me/drop/2058,New Item
food,우아한김,"32,000",09.01 ~ 09.06,https://www.wishbunny.me/drop/2047,New Item
food,베이비 채수,"24,000",09.22 ~ 09.24,https://www.wishbunny.me/drop/2043,New Item
food,마이키즈,"28,900",09.03 ~ 09.09,https://www.wishbunny.me/drop/2032,New Item
food,트루푸드 비프칩,"36,700",09.01 ~ 09.07,https://www.wishbunny.me/drop/2031,New Item
food,바비야기 맛간장/김치/육수가루/된장,"10,000",09.24 ~ 09.26,https://www.wishbunny.me/drop/2027,New Item
food,우리밀 추석선물세트,"18,700",09.17 ~ 09.21,https://www.wishbunny.me/drop/2025,New Item
food,바맘 배도라지즙,"26,900",09.01 ~ 09.06,https://www.wishbunny.me/drop/2024,New Item
food,비트/당근구마 원물간식,"22,900",09.19 ~ 09.21,https://www.wishbunny.me/drop/2018,New Item
food,카니비비안 소고기칩,"11,700",09.18 ~ 09.21,https://www.wishbunny.me/drop/2017,New Item
food,베이컨리얼리즘 육포,N/A,09.17 ~ 09.19,https://www.wishbunny.me/drop/2016,New Item
food,자일리톨캔디,"10,500",09.15 ~ 09.17,https://www.wishbunny.me/drop/2015,New Item
food,푸른들,N/A,09.12 ~ 09.14,https://www.wishbunny.me/drop/2014,New Item
food,유쾌한 빵곳간,N/A,09.10 ~ 09.14,https://www.wishbunny.me/drop/2012,New Item
food,우랩 소고기,"43,500",09.08 ~ 09.10,https://www.wishbunny.me/drop/2010,New Item
food,이치비야 & 요거모야,N/A,09.04 ~ 09.10,https://www.wishbunny.me/drop/2009,New Item
food,산들사이 쌀 돈가스,N/A,09.03 ~ 09.07,https://www.wishbunny.me/drop/2008,New Item
food,우리밀 오케이놀라,"13,500",09.02 ~ 09.07,https://www.wishbunny.me/drop/2007,New Item
food,코파도로 올리브오일,N/A,09.19 ~ 09.21,https://www.wishbunny.me/drop/1996,New Item
food,마이키즈,"29,800",09.29 ~ 10.04,https://www.wishbunny.me/drop/1983,New Item
food,아린이네 생선가게,"28,900",09.22 ~ 09.24,https://www.wishbunny.me/drop/1981,New Item
food,채담카레,"16,800",09.18 ~ 09.21,https://www.wishbunny.me/drop/1979,New Item
food,남천동 할배국밥,N/A,09.16 ~ 09.19,https://www.wishbunny.me/drop/1978,New Item
food,바맘 야채큐브,N/A,09.11 ~ 09.14,https://www.wishbunny.me/drop/1976,New Item
food,파스퇴르 모음전,"16,400",09.08 ~ 09.12,https://www.wishbunny.me/drop/1975,New Item
food,우랩 소고기,"43,500",09.04 ~ 09.07,https://www.wishbunny.me/drop/1974,New Item
food,한납와삭 김스낵,"2,520",09.23 ~ 09.26,https://www.wishbunny.me/drop/1970,New Item
food,러블리강정,"15,000",09.18 ~ 09.30,https://www.wishbunny.me/drop/1968,New Item
food,콘치웨어,"25,900",09.12 ~ 09.15,https://www.wishbunny.me/drop/1964,New Item
food,헬스앤뷰티 닭가슴살,N/A,09.08 ~ 09.10,https://www.wishbunny.me/drop/1962,New Item
food,호키토키 묵볶이,N/A,09.01 ~ 09.04,https://www.wishbunny.me/drop/1959,New Item
food,서해한과,"19,900",09.22 ~ 09.27,https://www.wishbunny.me/drop/1956,New Item
food,우리떠기 앙금떡 & 가래떡,"24,900",09.18 ~ 09.21,https://www.wishbunny.me/drop/1954,New Item
food,고메 제주 갈치 & 옥돔,"45,000",09.15 ~ 09.18,https://www.wishbunny.me/drop/1953,New Item
food,"버틀러 & 꽃님이네 옆집김 , 보리굴비","27,800",09.11 ~ 09.16,https://www.wishbunny.me/drop/1952,New Item
food,룰루맘 간식 모음전,"35,900",09.25 ~ 09.28,https://www.wishbunny.me/drop/1940,New Item
food,우랩,"43,500",09.22 ~ 09.24,https://www.wishbunny.me/drop/1938,New Item
food,라꽁비에트 버터,"35,000",09.19 ~ 09.22,https://www.wishbunny.me/drop/1937,New Item
food,비연담 닭곰탕 / 순살갈비탕,"42,400",09.18 ~ 09.21,https://www.wishbunny.me/drop/1936,New Item
food,룩트킨디 요거트,"18,200",09.15 ~ 09.17,https://www.wishbunny.me/drop/1935,New Item
food,룩트킨디 모음전,"37,900",09.11 ~ 09.14,https://www.wishbunny.me/drop/1934,New Item
food,둥이요리 아기김치/유아식품,"35,000",09.08 ~ 09.10,https://www.wishbunny.me/drop/1932,New Item
food,자연시간 찐비트,"24,600",09.04 ~ 09.07,https://www.wishbunny.me/drop/1931,New Item
food,프레벨롱 퓨레,"2,900",09.03 ~ 09.08,https://www.wishbunny.me/drop/1930,New Item
food,엑스트라버진 올리브오일,N/A,09.15 ~ 09.17,https://www.wishbunny.me/drop/1925,New Item
food,미소다 냉동 유아식,"4,800",09.25 ~ 09.27,https://www.wishbunny.me/drop/1908,New Item
food,별미당 송편키트,N/A,09.24 ~ 09.27,https://www.wishbunny.me/drop/1906,New Item
food,닭불고기,"15,900",09.22 ~ 09.27,https://www.wishbunny.me/drop/1905,New Item
food,라구소스,N/A,09.15 ~ 09.17,https://www.wishbunny.me/drop/1898,New Item
food,우랩소고기,"43,500",09.11 ~ 09.14,https://www.wishbunny.me/drop/1895,New Item
food,난각1번 계란,N/A,09.09 ~ 09.12,https://www.wishbunny.me/drop/1894,New Item
food,씨드밀 참기름,"22,500",09.08 ~ 09.10,https://www.wishbunny.me/drop/1893,New Item
food,마이키즈,N/A,09.02 ~ 09.07,https://www.wishbunny.me/drop/1888,New Item
food,크리티다 올리브유,"96,000",09.24 ~ 09.27,https://www.wishbunny.me/drop/1875,New Item
food,퍼시피카 튜나 참치,N/A,09.22 ~ 09.24,https://www.wishbunny.me/drop/1874,New Item
food,대성한우 & 미소다,"16,900",09.19 ~ 09.21,https://www.wishbunny.me/drop/1873,New Item
food,바맘 배도라지,"28,900",09.15 ~ 09.17,https://www.wishbunny.me/drop/1871,New Item
food,A2 우유,"28,900",09.04 ~ 09.07,https://www.wishbunny.me/drop/1867,New Item
food,아임주스,"34,000",09.11 ~ 09.14,https://www.wishbunny.me/drop/1855,New Item
food,포스티보나 올리브오일,"23,500",09.06 ~ 09.21,https://www.wishbunny.me/drop/1851,New Item
food,칩소 소고기칩,"75,000",09.05 ~ 09.07,https://www.wishbunny.me/drop/1850,New Item
food,이기적 떡갈비,"36,000",09.23 ~ 09.25,https://www.wishbunny.me/drop/1835,New Item
food,마이키즈,"28,900",09.08 ~ 09.14,https://www.wishbunny.me/drop/1826,New Item
food,김미떡,"22,500",09.01 ~ 09.07,https://www.wishbunny.me/drop/1825,New Item
food,오아시스 모음전,"11,800",09.15 ~ 09.17,https://www.wishbunny.me/drop/1822,New Item
food,모던구루 오트밀,"20,900",09.08 ~ 09.11,https://www.wishbunny.me/drop/1821,New Item
food,룩트 요거트,"18,200",09.04 ~ 09.07,https://www.wishbunny.me/drop/1820,New Item
food,우랩,"43,500",09.01 ~ 09.03,https://www.wishbunny.me/drop/1819,New Item
food,도멘아도니스 올리브오일,N/A,09.11 ~ 09.14,https://www.wishbunny.me/drop/1814,New Item
food,목초우 사골곰탕 & 진액,"36,000",09.09 ~ 09.14,https://www.wishbunny.me/drop/1813,New Item
food,산들사이 햄,N/A,09.02 ~ 09.05,https://www.wishbunny.me/drop/1811,New Item
food,스텐304 델키찜기,N/A,09.24 ~ 09.28,https://www.wishbunny.me/drop/1809,New Item
food,얼라맘마 아기김치,N/A,09.24 ~ 09.28,https://www.wishbunny.me/drop/1788,New Item
food,우아한김,"32,000",09.23 ~ 09.25,https://www.wishbunny.me/drop/1787,New Item
food,리오마레 올리브유참치,"37,000",09.22 ~ 09.24,https://www.wishbunny.me/drop/1786,New Item
food,킹현미유 선물세트,N/A,09.11 ~ 09.14,https://www.wishbunny.me/drop/1780,New Item
food,우리밀과자 골라담기,"2,200",09.04 ~ 09.07,https://www.wishbunny.me/drop/1776,New Item
food,베리네이처 함박&새우볼,N/A,09.03 ~ 09.07,https://www.wishbunny.me/drop/1775,New Item
food,파파렐라 올리브오일,"78,750",09.16 ~ 09.22,https://www.wishbunny.me/drop/1760,New Item
food,바로육수,"15,000",09.08 ~ 09.14,https://www.wishbunny.me/drop/1759,New Item
food,수입치즈 모음전,"10,980",09.03 ~ 09.07,https://www.wishbunny.me/drop/1758,New Item
food,고구마 꿀꺽,N/A,09.02 ~ 09.07,https://www.wishbunny.me/drop/1757,New Item
food,마카다프룻,N/A,09.02 ~ 09.07,https://www.wishbunny.me/drop/1756,New Item
food,명희홈쿡 갈비탕,"59,000",09.01 ~ 09.07,https://www.wishbunny.me/drop/1755,New Item
food,미사국물닭발,"38,000",09.03 ~ 09.07,https://www.wishbunny.me/drop/1747,New Item
food,"위드잇 카레 , 짜장","14,800",09.22 ~ 09.24,https://www.wishbunny.me/drop/1745,New Item
food,아린이네 생선가게,N/A,09.15 ~ 09.21,https://www.wishbunny.me/drop/1744,New Item
food,자리매김&김자반,"49,000",09.11 ~ 09.14,https://www.wishbunny.me/drop/1743,New Item
food,첨가물없는 치킨톡스,"24,800",09.08 ~ 09.10,https://www.wishbunny.me/drop/1742,New Item
food,아이 쌀돈가스,N/A,09.04 ~ 09.08,https://www.wishbunny.me/drop/1741,New Item
food,볏짚먹은 한우칩,"79,000",09.01 ~ 09.07,https://www.wishbunny.me/drop/1740,New Item
food,진맛김 선물세트,"19,500",09.24 ~ 09.26,https://www.wishbunny.me/drop/1725,New Item
food,한우&LA갈비 선물세트,"139,000",09.23 ~ 09.25,https://www.wishbunny.me/drop/1724,New Item
food,태국망고 선물세트,N/A,09.22 ~ 10.01,https://www.wishbunny.me/drop/1723,New Item
food,마카다프룻,N/A,09.15 ~ 09.17,https://www.wishbunny.me/drop/1721,New Item
food,생선파는언니,N/A,09.01 ~ 09.03,https://www.wishbunny.me/drop/1718,New Item
food,채담 카레,"16,800",09.27 ~ 09.30,https://www.wishbunny.me/drop/1715,New Item
food,투쁠 아이곰탕,N/A,09.25 ~ 09.28,https://www.wishbunny.me/drop/1713,New Item
food,얼라맘마,N/A,09.17 ~ 09.21,https://www.wishbunny.me/drop/1706,New Item
food,바맘 유산균 푸른주스,N/A,09.13 ~ 09.15,https://www.wishbunny.me/drop/1703,New Item
food,어린이김,"32,000",09.10 ~ 09.14,https://www.wishbunny.me/drop/1699,New Item
food,푸른들,N/A,09.08 ~ 09.11,https://www.wishbunny.me/drop/1697,New Item
food,담은수 & 담은수단,"6,500",09.07 ~ 09.11,https://www.wishbunny.me/drop/1696,New Item
food,쫀득 고구마,N/A,09.02 ~ 09.09,https://www.wishbunny.me/drop/1691,New Item
food,바맘 비엔나,"4,850",09.01 ~ 09.21,https://www.wishbunny.me/drop/1690,New Item
food,이랑온 육수,"21,800",09.16 ~ 09.18,https://www.wishbunny.me/drop/1680,New Item
food,디쿱 올리브오일,"34,300",09.09 ~ 09.15,https://www.wishbunny.me/drop/1679,New Item
food,"옆집 풍미시리즈 선물세트, 제주 돼지 제육볶음","19,900",09.26 ~ 10.03,https://www.wishbunny.me/drop/1676,New Item
food,횡성 한우 선물세트,"99,000",09.25 ~ 10.03,https://www.wishbunny.me/drop/1675,New Item
food,피넛버터앤코 땅콩버터,"36,900",09.01 ~ 09.05,https://www.wishbunny.me/drop/1638,New Item
food,억만김 추석선물 특집,"25,700",09.18 ~ 09.21,https://www.wishbunny.me/drop/1628,New Item
food,다비네스,"113,050",09.11 ~ 09.15,https://www.wishbunny.me/drop/1615,New Item
food,생과방 수제약과 선물세트,"58,900",09.23 ~ 09.23,https://www.wishbunny.me/drop/1606,New Item
food,올리브오일 & 발사믹 선물세트,"99,800",09.23 ~ 09.26,https://www.wishbunny.me/drop/1605,New Item
food,시니맘 떡갈비,"29,800",09.22 ~ 09.24,https://www.wishbunny.me/drop/1592,New Item
food,야채볼 / 소고기볼,"24,800",09.04 ~ 09.07,https://www.wishbunny.me/drop/1590,New Item
food,문쓰키친 한우불고기,"39,900",09.03 ~ 09.07,https://www.wishbunny.me/drop/1587,New Item
food,오로바일렌 프리미엄 올리브오일,N/A,09.17 ~ 09.21,https://www.wishbunny.me/drop/1583,New Item
food,그래놀라하우스 유리병 추석 에디션,"38,000",09.11 ~ 09.14,https://www.wishbunny.me/drop/1579,New Item
food,통미김,N/A,09.23 ~ 09.28,https://www.wishbunny.me/drop/1578,New Item
food,손정옥 언양불고기,N/A,09.21 ~ 09.28,https://www.wishbunny.me/drop/1577,New Item
food,맛의명태자 명란,"86,000",09.15 ~ 09.19,https://www.wishbunny.me/drop/1575,New Item
food,오일랄라 올리브오일,N/A,09.11 ~ 09.14,https://www.wishbunny.me/drop/1569,New Item
food,오가닉스 퓨레,"24,800",09.03 ~ 09.06,https://www.wishbunny.me/drop/1553,New Item
food,"향유 참기름, 들기름",N/A,08.25 ~ 08.27,https://www.wishbunny.me/drop/1535,New Item
food,룰루맘 간식,"35,900",08.21 ~ 08.23,https://www.wishbunny.me/drop/1534,New Item
food,아넬라퓨레,"34,500",08.20 ~ 08.21,https://www.wishbunny.me/drop/1533,New Item
food,미니닷츠 자일리톨 캔디,"19,900",08.25 ~ 08.28,https://www.wishbunny.me/drop/1530,New Item
food,프레벨롱,"2,900",08.21 ~ 08.24,https://www.wishbunny.me/drop/1529,New Item
food,담은수 채소육수,"3,500",09.15 ~ 09.18,https://www.wishbunny.me/drop/1528,New Item
food,"전혀 안매운 김치, 장, 소스","22,000",09.11 ~ 09.14,https://www.wishbunny.me/drop/1527,New Item
food,아린이네 생선가게,N/A,08.21 ~ 08.31,https://www.wishbunny.me/drop/1525,New Item
food,파스퇴르 우유,"16,400",08.25 ~ 08.28,https://www.wishbunny.me/drop/1523,New Item
food,이치비야 동결건조 과일칩,N/A,08.28 ~ 08.31,https://www.wishbunny.me/drop/1522,New Item
food,푸른들 후레이크 & 동결건조 국,"18,000",08.25 ~ 08.28,https://www.wishbunny.me/drop/1521,New Item
food,배나무실 유기농 쌀누룩,"27,000",09.15 ~ 09.21,https://www.wishbunny.me/drop/1518,New Item
food,바비야기 유기농 아기채수,"11,000",08.22 ~ 08.25,https://www.wishbunny.me/drop/1517,New Item
food,헤이그린스 목초육 & 간편식,"35,190",08.25 ~ 08.31,https://www.wishbunny.me/drop/1510,New Item
food,마이키즈,"28,900",08.21 ~ 08.26,https://www.wishbunny.me/drop/1500,New Item
food,쟌슨빌,"7,290",08.28 ~ 08.30,https://www.wishbunny.me/drop/1495,New Item
food,바맘 수산물,N/A,08.25 ~ 08.31,https://www.wishbunny.me/drop/1483,New Item
food,초정담 한우곰탕,N/A,08.21 ~ 08.30,https://www.wishbunny.me/drop/1482,New Item
food,미소다 한우뿌링&김스낵,N/A,08.14 ~ 08.17,https://www.wishbunny.me/drop/1478,New Item
food,우아한 김,"32,000",08.11 ~ 08.14,https://www.wishbunny.me/drop/1477,New Item
food,마이키즈,N/A,08.21 ~ 08.30,https://www.wishbunny.me/drop/1474,New Item
food,엘푸엘레 올리브오일,N/A,08.28 ~ 08.31,https://www.wishbunny.me/drop/1454,New Item
food,베르가못 쥬스,N/A,08.27 ~ 08.31,https://www.wishbunny.me/drop/1453,New Item
food,채담카레,"16,800",08.26 ~ 08.30,https://www.wishbunny.me/drop/1452,New Item
food,담은수,N/A,08.25 ~ 08.31,https://www.wishbunny.me/drop/1451,New Item
food,"완도물 감태,톳,밥다시마외","2,500",08.21 ~ 08.25,https://www.wishbunny.me/drop/1449,New Item
food,착즙남,"21,000",08.11 ~ 08.14,https://www.wishbunny.me/drop/1443,New Item
food,자연누리 훈제오리,N/A,08.21 ~ 08.24,https://www.wishbunny.me/drop/1422,New Item
food,무항생제 우리아이 아기곰탕,"24,900",08.18 ~ 08.21,https://www.wishbunny.me/drop/1421,New Item
food,바맘 닭불고기,"15,900",08.14 ~ 08.17,https://www.wishbunny.me/drop/1419,New Item
food,둥이요리 건조시리즈,"13,300",08.11 ~ 08.14,https://www.wishbunny.me/drop/1417,New Item
food,아넬라 퓨레,"30,900",08.10 ~ 08.13,https://www.wishbunny.me/drop/1416,New Item
food,프레벨롱,"2,900",08.24 ~ 08.24,https://www.wishbunny.me/drop/1406,New Item
food,무무칩,"74,000",08.21 ~ 08.25,https://www.wishbunny.me/drop/1404,New Item
food,루솔,N/A,08.17 ~ 08.19,https://www.wishbunny.me/drop/1401,New Item
food,우아한 김,"42,000",08.29 ~ 09.02,https://www.wishbunny.me/drop/1386,New Item
food,목초사골곰탕,"69,000",08.25 ~ 08.28,https://www.wishbunny.me/drop/1368,New Item
food,초정담 한우곰탕,"15,000",08.28 ~ 08.31,https://www.wishbunny.me/drop/1356,New Item
food,아우노슈가,N/A,08.25 ~ 08.31,https://www.wishbunny.me/drop/1353,New Item
food,라꽁버터,"35,000",08.21 ~ 08.30,https://www.wishbunny.me/drop/1351,New Item
food,"둥이요리 김치 , 소스류","22,000",08.20 ~ 08.25,https://www.wishbunny.me/drop/1349,New Item
food,쌀식빵,N/A,08.19 ~ 08.31,https://www.wishbunny.me/drop/1348,New Item
food,파스퇴르 우유,"16,400",08.17 ~ 08.22,https://www.wishbunny.me/drop/1346,New Item
food,델리씨 100% 굴농축액,N/A,08.14 ~ 08.17,https://www.wishbunny.me/drop/1344,New Item
food,리오마레 참치,"31,850",08.12 ~ 08.19,https://www.wishbunny.me/drop/1341,New Item
food,바맘 배도라지즙,"28,900",08.11 ~ 08.12,https://www.wishbunny.me/drop/1340,New Item
food,우랩 소고기,"43,000",08.11 ~ 08.13,https://www.wishbunny.me/drop/1339,New Item
food,요놈요놈 스푼,N/A,08.22 ~ 08.25,https://www.wishbunny.me/drop/1332,New Item
food,라이스칩,"15,000",08.08 ~ 08.11,https://www.wishbunny.me/drop/1317,New Item
food,우랩,"43,500",08.25 ~ 08.30,https://www.wishbunny.me/drop/1314,New Item
food,아린이네 생선가게,"28,900",08.18 ~ 08.25,https://www.wishbunny.me/drop/1311,New Item
food,룩트 킨디 요거트,"18,200",08.14 ~ 08.17,https://www.wishbunny.me/drop/1310,New Item
food,룩트 킨디 젤리/캔디/음료,"37,900",08.11 ~ 08.13,https://www.wishbunny.me/drop/1308,New Item
food,우아한 오가닉 김,"32,000",08.08 ~ 08.10,https://www.wishbunny.me/drop/1307,New Item
food,여수해적 전복죽&미역국,"32,900",08.11 ~ 08.14,https://www.wishbunny.me/drop/1301,New Item
food,두에르나스 올리브오일,"56,000",08.07 ~ 08.10,https://www.wishbunny.me/drop/1289,New Item
food,올바스오일,N/A,08.26 ~ 08.29,https://www.wishbunny.me/drop/1286,New Item
food,덴마크 아기치즈,N/A,08.19 ~ 08.21,https://www.wishbunny.me/drop/1282,New Item
food,룩트 요거트,"18,200",08.28 ~ 08.31,https://www.wishbunny.me/drop/1260,New Item
food,이치비야,N/A,08.21 ~ 08.25,https://www.wishbunny.me/drop/1255,New Item
food,무무칩,"74,000",08.14 ~ 08.17,https://www.wishbunny.me/drop/1251,New Item
food,미소다 전상품,"16,900",08.13 ~ 08.15,https://www.wishbunny.me/drop/1250,New Item
food,마야 항아리 장류,"21,000",08.28 ~ 08.31,https://www.wishbunny.me/drop/1245,New Item
food,베리네이처 함박 새우볼 무항생제 간편식,N/A,08.27 ~ 08.31,https://www.wishbunny.me/drop/1244,New Item
food,치밀 목초육 곰탕,"65,000",08.26 ~ 08.30,https://www.wishbunny.me/drop/1243,New Item
food,저속노화 완전 무설탕 무첨가 수작업 훈연 베이컨,N/A,08.22 ~ 08.25,https://www.wishbunny.me/drop/1241,New Item
food,산들사이돈가스,N/A,08.18 ~ 08.21,https://www.wishbunny.me/drop/1238,New Item
food,갈비탕 닭곰탕,"42,400",08.13 ~ 08.17,https://www.wishbunny.me/drop/1236,New Item
food,유쾌한 빵곳간,N/A,08.12 ~ 08.31,https://www.wishbunny.me/drop/1235,New Item
food,남천동 할배국밥,N/A,08.11 ~ 08.13,https://www.wishbunny.me/drop/1234,New Item
food,소바삭 프리미엄 비프칩,"164,900",08.08 ~ 08.11,https://www.wishbunny.me/drop/1233,New Item
food,룩트킨디 요거트,"18,200",08.21 ~ 08.23,https://www.wishbunny.me/drop/1232,New Item
food,룩트킨디 캔디/음료/젤리,"37,900",08.18 ~ 08.20,https://www.wishbunny.me/drop/1228,New Item
food,우랩 소고기,"51,200",08.15 ~ 08.18,https://www.wishbunny.me/drop/1227,New Item
food,이치비야 동결건조 과일칩 & 요거트 큐브,N/A,08.13 ~ 08.17,https://www.wishbunny.me/drop/1215,New Item
food,오가닉스 제주 찐 레드비트,N/A,08.25 ~ 08.28,https://www.wishbunny.me/drop/1209,New Item
food,마야항아리 기버터 • 굴소스 • 3분짜장,"18,360",08.11 ~ 08.17,https://www.wishbunny.me/drop/1207,New Item
food,찐티보리,N/A,08.13 ~ 08.17,https://www.wishbunny.me/drop/1200,New Item
food,라온킴은 두둥맘 14종 / 단독 생야채 10종,N/A,08.11 ~ 08.12,https://www.wishbunny.me/drop/1199,New Item
food,난각1번 유정란,N/A,08.28 ~ 08.31,https://www.wishbunny.me/drop/1196,New Item
food,자일리톨 팝,"11,000",08.21 ~ 08.31,https://www.wishbunny.me/drop/1195,New Item
food,다온 굴소스 참기름,"20,000",08.18 ~ 08.23,https://www.wishbunny.me/drop/1194,New Item
food,오케이놀라 우리밀,"12,700",08.07 ~ 08.10,https://www.wishbunny.me/drop/1192,New Item
food,라꽁비에뜨 버터,"35,000",08.28 ~ 09.02,https://www.wishbunny.me/drop/1191,New Item
food,룰루맘 원물 간식 모음전,"35,900",08.27 ~ 08.29,https://www.wishbunny.me/drop/1190,New Item
food,맘이수/맘이채/맘이코,"7,000",08.26 ~ 08.29,https://www.wishbunny.me/drop/1189,New Item
food,유쾌한 빵곳간,N/A,08.25 ~ 08.29,https://www.wishbunny.me/drop/1188,New Item
food,곡물 플레이,"17,900",08.20 ~ 08.24,https://www.wishbunny.me/drop/1185,New Item
food,새벽 햇살 계란 난각1번,N/A,08.22 ~ 08.25,https://www.wishbunny.me/drop/1183,New Item
food,베리쿡 아기반찬,"7,000",08.14 ~ 08.19,https://www.wishbunny.me/drop/1181,New Item
food,푸른들,"18,000",08.12 ~ 08.15,https://www.wishbunny.me/drop/1179,New Item
food,우아한김,"32,000",08.26 ~ 08.30,https://www.wishbunny.me/drop/1174,New Item
food,베베쿡 간식 모음전,"11,900",08.18 ~ 08.31,https://www.wishbunny.me/drop/1172,New Item
food,룰루맘 간식 모음전,"35,900",08.14 ~ 08.17,https://www.wishbunny.me/drop/1171,New Item
food,룩트 젤리 음료 캔디,"37,900",08.07 ~ 08.10,https://www.wishbunny.me/drop/1168,New Item
food,뉴오리진 A2 우유,"24,900",08.11 ~ 08.14,https://www.wishbunny.me/drop/1162,New Item
food,땡스소윤,"129,800",08.21 ~ 08.28,https://www.wishbunny.me/drop/1127,New Item
food,퀸즈베리 오가닉 블루베리,"52,200",08.25 ~ 08.29,https://www.wishbunny.me/drop/1120,New Item
food,우본,"24,800",08.22 ~ 08.26,https://www.wishbunny.me/drop/1091,New Item
food,"클룹 제로소다, 애사비소다","16,900",08.14 ~ 08.19,https://www.wishbunny.me/drop/1087,New Item
food,한끼통살,"99,600",08.14 ~ 08.19,https://www.wishbunny.me/drop/1086,New Item
food,시니맘 떡갈비,"29,800",08.11 ~ 08.16,https://www.wishbunny.me/drop/1078,New Item
food,레꼴드 차퍼 & 그라인더,"79,000",08.07 ~ 08.10,https://www.wishbunny.me/drop/1077,New Item
food,실버스타 316 스텐냄비+찜기,"74,900",08.25 ~ 08.29,https://www.wishbunny.me/drop/1076,New Item
food,엑스트라 버진 올리브오일,"49,500",08.19 ~ 08.21,https://www.wishbunny.me/drop/1070,New Item
food,서현이네 어린이 육수가루,N/A,08.28 ~ 08.31,https://www.wishbunny.me/drop/1059,New Item
food,오리고기육포,"7,700",08.26 ~ 08.31,https://www.wishbunny.me/drop/1057,New Item
food,서현이네 한우불고기,N/A,08.25 ~ 08.31,https://www.wishbunny.me/drop/1056,New Item
food,"서현이네 소고기 잡곡, 야채가루","19,800",08.21 ~ 08.30,https://www.wishbunny.me/drop/1054,New Item
food,마카다프룻 꿀꺽,N/A,08.21 ~ 08.30,https://www.wishbunny.me/drop/1052,New Item
food,서현이네 한돈떡갈비,"19,800",08.18 ~ 08.25,https://www.wishbunny.me/drop/1051,New Item
food,서현이네 짜장가루,"15,900",08.14 ~ 08.21,https://www.wishbunny.me/drop/1050,New Item
food,서현이네 함박스테이크,"24,800",08.11 ~ 08.17,https://www.wishbunny.me/drop/1047,New Item
food,자연누리 훈제오리,"34,900",08.07 ~ 08.18,https://www.wishbunny.me/drop/1046,New Item
food,서현이네 어린이햄,N/A,08.07 ~ 08.14,https://www.wishbunny.me/drop/1045,New Item
food,서현이네 치킨너겟,N/A,08.04 ~ 08.07,https://www.wishbunny.me/drop/1044,New Item
food,A2우유,"24,900",08.22 ~ 08.24,https://www.wishbunny.me/drop/1024,New Item
food,리오마레참치/반찬,N/A,08.20 ~ 08.25,https://www.wishbunny.me/drop/1022,New Item
food,소세지 첫런칭,"4,850",08.13 ~ 08.16,https://www.wishbunny.me/drop/1015,New Item
food,디디오랩 무선 접이식 선풍기,"149,000",08.12 ~ 08.17,https://www.wishbunny.me/drop/1014,New Item
food,바맘 배도라지즙,"28,900",08.07 ~ 08.18,https://www.wishbunny.me/drop/1009,New Item
food,룰루맘 간식 모음전,"35,900",08.18 ~ 08.20,https://www.wishbunny.me/drop/990,New Item
food,무항생제 생새우,N/A,08.19 ~ 08.24,https://www.wishbunny.me/drop/978,New Item
food,간장게장 / 새우장 / 순살게장,"47,600",08.20 ~ 08.24,https://www.wishbunny.me/drop/977,New Item
food,전복내장 영양죽,"32,900",08.21 ~ 08.24,https://www.wishbunny.me/drop/976,New Item
food,명희홈쿡 떡갈비,N/A,08.18 ~ 08.21,https://www.wishbunny.me/drop/975,New Item
food,유기농야채볼/소고기볼,"62,800",08.11 ~ 08.13,https://www.wishbunny.me/drop/974,New Item
food,작두콘차/호박현미차/여주바나바차/대추흑미차,"19,900",08.12 ~ 08.17,https://www.wishbunny.me/drop/973,New Item
food,명희홈쿡 바로육수,"15,000",08.11 ~ 08.14,https://www.wishbunny.me/drop/971,New Item
food,마이노멀,"24,600",08.07 ~ 08.10,https://www.wishbunny.me/drop/970,New Item
food,토종 손질 민물장어 특품,"38,900",08.05 ~ 08.10,https://www.wishbunny.me/drop/969,New Item
food,명희홈쿡 저염 한우 갈비탕,"35,400",08.04 ~ 08.07,https://www.wishbunny.me/drop/968,New Item
food,강미즈 멸치야채분말육수,N/A,08.28 ~ 08.31,https://www.wishbunny.me/drop/956,New Item
food,다온 소스 5종 & 배도라지고,"20,000",08.25 ~ 08.31,https://www.wishbunny.me/drop/955,New Item
food,우랩,"43,500",08.21 ~ 08.25,https://www.wishbunny.me/drop/954,New Item
food,착즙남 착즙 과채쥬스,N/A,08.06 ~ 08.13,https://www.wishbunny.me/drop/950,New Item
food,손정옥 언양불고기,N/A,08.25 ~ 08.30,https://www.wishbunny.me/drop/948,New Item
food,닌자에어그릴,"329,000",08.11 ~ 08.20,https://www.wishbunny.me/drop/944,New Item
food,까사스 올리브오일,"46,000",08.07 ~ 08.13,https://www.wishbunny.me/drop/943,New Item
food,피레이 워터,"235,000",08.08 ~ 08.12,https://www.wishbunny.me/drop/934,New Item
food,우아안 김,"32,000",08.18 ~ 08.21,https://www.wishbunny.me/drop/928,New Item
food,생선파는언니,N/A,08.07 ~ 08.07,https://www.wishbunny.me/drop/921,New Item
food,룩트 간식 모음전,"37,900",08.04 ~ 08.06,https://www.wishbunny.me/drop/920,New Item
food,우랩 소고기,N/A,07.31 ~ 08.03,https://www.wishbunny.me/drop/919,New Item
food,미소다 한우,"16,900",08.21 ~ 08.24,https://www.wishbunny.me/drop/903,New Item
food,푸른들 건조국,"18,000",08.15 ~ 08.18,https://www.wishbunny.me/drop/901,New Item
food,룰루맘 아기간식,"35,900",08.21 ~ 08.23,https://www.wishbunny.me/drop/897,New Item
food,즙 슐랭,"22,500",08.26 ~ 08.30,https://www.wishbunny.me/drop/889,New Item
food,베르가못 착즙 쥬스,N/A,08.07 ~ 08.12,https://www.wishbunny.me/drop/881,New Item
food,햄튼 베이비웍,"72,000",08.14 ~ 08.17,https://www.wishbunny.me/drop/874,New Item
food,맑은농장 어린이주스 4종,N/A,08.07 ~ 08.10,https://www.wishbunny.me/drop/871,New Item
food,다온 굴소스외 모음전,"20,000",08.03 ~ 08.09,https://www.wishbunny.me/drop/870,New Item
food,여수해적,"32,900",08.01 ~ 08.02,https://www.wishbunny.me/drop/861,New Item
food,레알 푸드 순살생선 모음,"25,500",08.01 ~ 08.10,https://www.wishbunny.me/drop/860,New Item
food,푸른들,"18,000",08.07 ~ 08.10,https://www.wishbunny.me/drop/844,New Item
food,우랩 부채살/ 채끝살,"51,200",08.29 ~ 09.01,https://www.wishbunny.me/drop/839,New Item
food,주니 입모아컵,"24,000",08.29 ~ 08.31,https://www.wishbunny.me/drop/838,New Item
food,앙투어솔레 구워먹는 치즈,N/A,08.28 ~ 08.30,https://www.wishbunny.me/drop/837,New Item
food,룰루맘 고구마 모음 / 신상 병아리콩,"35,900",08.25 ~ 08.27,https://www.wishbunny.me/drop/836,New Item
food,트루쿡 모음전,N/A,08.25 ~ 08.30,https://www.wishbunny.me/drop/835,New Item
food,물디 라구 소스,"27,700",08.22 ~ 08.25,https://www.wishbunny.me/drop/834,New Item
food,미소다 한입 규카츠 돈까스,"17,900",08.21 ~ 08.24,https://www.wishbunny.me/drop/833,New Item
food,우랩 소고기,"43,500",08.20 ~ 08.21,https://www.wishbunny.me/drop/832,New Item
food,착즙하는 남자 주스,"21,000",08.18 ~ 08.21,https://www.wishbunny.me/drop/831,New Item
food,실버스타 냄비도 되고 찜기되고 후라이팬도 되는,"129,000",08.18 ~ 08.20,https://www.wishbunny.me/drop/830,New Item
food,에림농연 딸기잼,"10,560",08.14 ~ 08.17,https://www.wishbunny.me/drop/829,New Item
food,초정담 사골 곰탕,"15,000",08.14 ~ 08.17,https://www.wishbunny.me/drop/828,New Item
food,끼리 크림치즈 간식 모음전,N/A,08.13 ~ 08.16,https://www.wishbunny.me/drop/827,New Item
food,파스퇴르 우유 3종,"16,400",08.12 ~ 08.16,https://www.wishbunny.me/drop/826,New Item
food,파이토블락,N/A,08.12 ~ 08.15,https://www.wishbunny.me/drop/825,New Item
food,룩트 킨디요거트,"18,200",08.11 ~ 08.13,https://www.wishbunny.me/drop/824,New Item
food,마이키즈,"28,900",08.07 ~ 08.16,https://www.wishbunny.me/drop/822,New Item
food,수지스유기농 소스 케찹 / 마요 / 머스타드,"7,790",08.06 ~ 08.10,https://www.wishbunny.me/drop/821,New Item
food,별미당 떡 모음전,N/A,08.05 ~ 08.08,https://www.wishbunny.me/drop/820,New Item
food,프레벨롱 퓨레/쥬스외 간식,"2,900",08.04 ~ 08.05,https://www.wishbunny.me/drop/819,New Item
food,이치비야 동결건조 과일칩,N/A,08.01 ~ 08.03,https://www.wishbunny.me/drop/818,New Item
food,레오나르디 발사믹 식초,"59,250",08.04 ~ 08.06,https://www.wishbunny.me/drop/755,New Item
food,압축 나무도마,"15,000",08.01 ~ 08.03,https://www.wishbunny.me/drop/754,New Item
food,이랑온 묵은지,"21,800",08.26 ~ 08.30,https://www.wishbunny.me/drop/729,New Item
food,이랑온 건강햄,"28,800",08.12 ~ 08.16,https://www.wishbunny.me/drop/728,New Item
food,무항생제 토종 민물장어,"38,800",08.05 ~ 08.10,https://www.wishbunny.me/drop/727,New Item
food,크리티다 올리브오일,"139,500",08.08 ~ 08.10,https://www.wishbunny.me/drop/726,New Item
food,메이플워터,N/A,08.01 ~ 08.08,https://www.wishbunny.me/drop/724,New Item
food,춘천 닭갈비,"29,900",08.04 ~ 08.08,https://www.wishbunny.me/drop/718,New Item
food,뼈 없는갈비탕,"29,900",08.01 ~ 08.07,https://www.wishbunny.me/drop/717,New Item
food,오로바일렌 유기농 올리브오일,N/A,08.06 ~ 08.10,https://www.wishbunny.me/drop/716,New Item
food,바이타믹스 독점 최대 혜택 단하루,"1,160,000",08.25 ~ 08.25,https://www.wishbunny.me/drop/715,New Item
food,프라우허 엄마 냄비,"88,000",08.12 ~ 08.14,https://www.wishbunny.me/drop/711,New Item
food,프레벨롱 퓨레,"2,900",07.21 ~ 07.23,https://www.wishbunny.me/drop/694,New Item
food,우아한김,"32,000",07.14 ~ 07.20,https://www.wishbunny.me/drop/685,New Item
food,초정담 사골곰탕,"15,000",07.31 ~ 08.03,https://www.wishbunny.me/drop/670,New Item
food,우잇 동결건조국,"32,700",07.04 ~ 07.06,https://www.wishbunny.me/drop/653,New Item
food,잼먹 이유식 모음전,"7,800",07.01 ~ 07.03,https://www.wishbunny.me/drop/650,New Item
food,설성목장,"15,000",07.25 ~ 07.29,https://www.wishbunny.me/drop/647,New Item
food,1번계란,N/A,07.23 ~ 07.27,https://www.wishbunny.me/drop/645,New Item
food,푸른들 모음전,"18,000",07.23 ~ 07.27,https://www.wishbunny.me/drop/644,New Item
food,닭불고기,"15,900",07.20 ~ 07.23,https://www.wishbunny.me/drop/639,New Item
food,치림프볼 갈비탕,"15,900",07.15 ~ 07.17,https://www.wishbunny.me/drop/634,New Item
food,수지스 유기농 소스,"7,790",07.11 ~ 07.15,https://www.wishbunny.me/drop/631,New Item
food,우랩한우,"43,500",07.10 ~ 07.13,https://www.wishbunny.me/drop/628,New Item
food,뭉그랑땡,"22,000",07.06 ~ 07.09,https://www.wishbunny.me/drop/626,New Item
food,마카다프롯,"26,900",07.28 ~ 07.31,https://www.wishbunny.me/drop/608,New Item
food,배도라지차 아이차,N/A,07.21 ~ 07.28,https://www.wishbunny.me/drop/607,New Item
food,얼라맘마 김치,"12,000",07.10 ~ 07.13,https://www.wishbunny.me/drop/605,New Item
food,태백산 명이나물,N/A,07.03 ~ 07.06,https://www.wishbunny.me/drop/603,New Item
food,진맛김 반장김,"29,800",07.01 ~ 07.03,https://www.wishbunny.me/drop/602,New Item
food,남천할배국밥,"69,000",07.28 ~ 07.31,https://www.wishbunny.me/drop/599,New Item
food,우랩 소고기,"43,500",07.24 ~ 07.31,https://www.wishbunny.me/drop/598,New Item
food,룰루맘 아기간식,"35,500",07.17 ~ 07.20,https://www.wishbunny.me/drop/595,New Item
food,룩트 킨디 요거트,"18,200",07.10 ~ 07.16,https://www.wishbunny.me/drop/593,New Item
food,"룩트킨디 젤리, 캔디, 유산균음료","37,900",07.07 ~ 07.09,https://www.wishbunny.me/drop/589,New Item
food,우랩,"43,500",07.21 ~ 07.31,https://www.wishbunny.me/drop/576,New Item
food,만능멸치야채 분말육수,N/A,07.24 ~ 07.31,https://www.wishbunny.me/drop/575,New Item
food,다온 배도라지고,"38,000",07.18 ~ 07.20,https://www.wishbunny.me/drop/573,New Item
food,푸른들,"18,000",07.07 ~ 07.10,https://www.wishbunny.me/drop/569,New Item
food,"허니비랩 호주 프리미엄 밀랍랩, 비건랩","35,900",07.03 ~ 07.06,https://www.wishbunny.me/drop/567,New Item
food,얼라맘마 김치 장류 모음전,N/A,07.30 ~ 08.03,https://www.wishbunny.me/drop/566,New Item
food,푸른들 모음전,"18,000",07.29 ~ 08.01,https://www.wishbunny.me/drop/565,New Item
food,링티아이,"36,900",07.15 ~ 07.19,https://www.wishbunny.me/drop/556,New Item
food,"설성목장 모음전 (국, 덮밥, 햄, 만두)","9,000",07.10 ~ 07.13,https://www.wishbunny.me/drop/554,New Item
food,오리쮸,"69,300",07.31 ~ 08.04,https://www.wishbunny.me/drop/547,New Item
food,크리티다 올리브유,"92,000",07.28 ~ 07.30,https://www.wishbunny.me/drop/546,New Item
food,"가루데이 (소고기, 닭고기, 사골, 잡곡)",N/A,07.21 ~ 07.24,https://www.wishbunny.me/drop/545,New Item
food,까망볼,N/A,07.24 ~ 07.28,https://www.wishbunny.me/drop/544,New Item
food,아이갈비국 하얀 아기소금,"27,000",07.14 ~ 07.16,https://www.wishbunny.me/drop/543,New Item
food,자리매김 프리미엄 즉석김 사과김자반,"49,000",07.01 ~ 07.02,https://www.wishbunny.me/drop/542,New Item
food,쌀돈까스,N/A,07.07 ~ 07.09,https://www.wishbunny.me/drop/537,New Item
food,담은수 총특집,"6,500",07.14 ~ 07.20,https://www.wishbunny.me/drop/533,New Item
food,크리티다 엑스트라버진 올리브유 올리브오일,"90,000",07.03 ~ 07.06,https://www.wishbunny.me/drop/527,New Item
food,생선모음 등푸른생선 흰살생선 순살대구구이,N/A,07.01 ~ 07.04,https://www.wishbunny.me/drop/525,New Item
food,룩트 까까,"37,900",07.28 ~ 07.30,https://www.wishbunny.me/drop/523,New Item
food,바맘 배도라지,"29,900",07.31 ~ 08.02,https://www.wishbunny.me/drop/522,New Item
food,우아한김,"32,000",07.28 ~ 07.31,https://www.wishbunny.me/drop/521,New Item
food,푸릉바당 어묵,N/A,07.25 ~ 07.28,https://www.wishbunny.me/drop/520,New Item
food,쭌미트 자연방목육,N/A,07.17 ~ 07.20,https://www.wishbunny.me/drop/518,New Item
food,밀언니 팬케이크 부침가루,N/A,07.08 ~ 07.10,https://www.wishbunny.me/drop/511,New Item
food,그린잇랩 들기름 참기름,N/A,07.07 ~ 07.10,https://www.wishbunny.me/drop/510,New Item
food,마야 기버터 굴소스,"61,200",07.04 ~ 07.07,https://www.wishbunny.me/drop/509,New Item
food,과일칩 주스,N/A,07.02 ~ 07.06,https://www.wishbunny.me/drop/508,New Item
food,착즙남,"19,000",07.07 ~ 07.10,https://www.wishbunny.me/drop/466,New Item
food,헬스앤뷰티 닭가슴살 등,"1,900",07.28 ~ 07.31,https://www.wishbunny.me/drop/462,New Item
food,페어리레시피 요정스프 2세대 단기 식단관리 한끼 대용 아침식사 실온보관 마녀스프,"31,800",07.23 ~ 07.27,https://www.wishbunny.me/drop/460,New Item
food,우리별 피자 10인치 화덕피자 8종,"10,900",07.16 ~ 07.20,https://www.wishbunny.me/drop/456,New Item
food,땡큐장,"11,000",07.14 ~ 07.17,https://www.wishbunny.me/drop/455,New Item
food,마더그레인 저당 파로 현미밥,"24,200",07.01 ~ 07.04,https://www.wishbunny.me/drop/448,New Item
food,룩트 킨디 젤리 자이리톨 캔디,"37,900",07.03 ~ 07.06,https://www.wishbunny.me/drop/409,New Item
food,자일리톨 덴티 큐브 ＆ 블룸캔디,"55,600",07.24 ~ 07.25,https://www.wishbunny.me/drop/402,New Item
food,동결건조국,"32,700",07.21 ~ 07.24,https://www.wishbunny.me/drop/401,New Item
food,목초육 무무칩,"74,000",07.17 ~ 07.20,https://www.wishbunny.me/drop/364,New Item
food,도멘아도니스 올리브오일,N/A,07.08 ~ 07.13,https://www.wishbunny.me/drop/360,New Item
food,시니맘 떡갈비,"29,800",07.14 ~ 07.20,https://www.wishbunny.me/drop/358,New Item
food,생선파는언니 고등어 임연수어 가자미,"20,900",07.07 ~ 07.13,https://www.wishbunny.me/drop/357,New Item
food,"시니맘 팝콘치킨, 돈까스",N/A,07.28 ~ 08.04,https://www.wishbunny.me/drop/356,New Item
food,슬림햄,N/A,07.23 ~ 07.28,https://www.wishbunny.me/drop/355,New Item
food,탄산수 메이커 탄산음료 제조기,"320,000",07.07 ~ 07.13,https://www.wishbunny.me/drop/349,New Item
food,베이비채수 만능해수,"24,000",07.01 ~ 07.03,https://www.wishbunny.me/drop/348,New Item
food,마야항아리 전통장,"21,500",07.31 ~ 08.04,https://www.wishbunny.me/drop/346,New Item
food,난각1란 유정란,N/A,07.14 ~ 07.31,https://www.wishbunny.me/drop/337,New Item
food,만토바,"26,900",07.28 ~ 07.30,https://www.wishbunny.me/drop/330,New Item
food,아임주스 모음전,"31,000",07.16 ~ 07.20,https://www.wishbunny.me/drop/323,New Item
food,푸른들 신상국,"18,000",07.04 ~ 07.07,https://www.wishbunny.me/drop/317,New Item
food,미소다 한우볼/한우/갈비탕,N/A,07.21 ~ 07.23,https://www.wishbunny.me/drop/311,New Item
food,"미소다 한우볼, 한우랑땡 갈비탕",N/A,07.11 ~ 07.13,https://www.wishbunny.me/drop/308,New Item
food,우리밀과자,"2,200",07.16 ~ 07.19,https://www.wishbunny.me/drop/307,New Item
food,하늘봄 동결건조국,"12,000",07.28 ~ 08.01,https://www.wishbunny.me/drop/303,New Item
food,바맘 배도라지즙,N/A,07.13 ~ 07.13,https://www.wishbunny.me/drop/301,New Item
food,도미솔 겉절이,"26,900",06.09 ~ 06.15,https://www.wishbunny.me/drop/293,New Item
food,"우아채, 우리 아이 채수",N/A,06.19 ~ 06.23,https://www.wishbunny.me/drop/292,New Item
food,하얀 아기 불고기 (한우 우둔살 100%),"24,800",06.12 ~ 06.16,https://www.wishbunny.me/drop/291,New Item
food,바맘 배도라지즙,"28,900",06.22 ~ 06.22,https://www.wishbunny.me/drop/286,New Item
food,순살 갈비탕,"23,600",06.10 ~ 06.12,https://www.wishbunny.me/drop/281,New Item
food,"소고기볼, 야채볼","29,800",06.09 ~ 06.12,https://www.wishbunny.me/drop/273,New Item
food,김민경찹쌀떡 소화가 잘되는 쑥 찹쌀떡(통팥/서리태/단호박/인절미/유자),"28,900",06.25 ~ 07.01,https://www.wishbunny.me/drop/272,New Item
food,경산 타이벡 신선/신비 복숭아,"17,500",06.16 ~ 06.22,https://www.wishbunny.me/drop/271,New Item
food,룩트 킨디 요거트,"18,200",06.30 ~ 07.02,https://www.wishbunny.me/drop/268,New Item
food,쁘띠 시카고 피자,"7,100",06.27 ~ 07.03,https://www.wishbunny.me/drop/266,New Item
food,미셀리 유기농 올리브유,N/A,06.20 ~ 06.21,https://www.wishbunny.me/drop/263,New Item
food,동추원 소갈비찜,"35,900",06.23 ~ 06.27,https://www.wishbunny.me/drop/260,New Item
food,뉴웰라 레몬더한 애사비,"27,000",06.20 ~ 06.26,https://www.wishbunny.me/drop/259,New Item
food,채담카레,"16,800",06.27 ~ 06.30,https://www.wishbunny.me/drop/253,New Item
food,경자국밥,"6,900",06.11 ~ 06.17,https://www.wishbunny.me/drop/249,New Item
food,비연담 곰탕,"16,900",06.13 ~ 06.15,https://www.wishbunny.me/drop/232,New Item
food,교동낙지,"24,900",06.18 ~ 06.24,https://www.wishbunny.me/drop/226,New Item
food,오마뎅 10차,"18,000",06.09 ~ 06.12,https://www.wishbunny.me/drop/220,New Item
food,"마야 기버터, 굴소스, 3분짜장","18,360",06.16 ~ 06.22,https://www.wishbunny.me/drop/205,New Item
food,자일로드림 자이리톨,"12,900",06.19 ~ 06.23,https://www.wishbunny.me/drop/204,New Item
food,유기농 1번란,"20,100",06.11 ~ 06.17,https://www.wishbunny.me/drop/203,New Item
food,동결건조국 3종,"32,700",06.09 ~ 06.13,https://www.wishbunny.me/drop/202,New Item
food,슈퍼세이브 곰보배추 시럽,"69,000",06.26 ~ 06.28,https://www.wishbunny.me/drop/201,New Item
food,"퓨레, 떡뻥","2,900",06.06 ~ 06.09,https://www.wishbunny.me/drop/191,New Item
food,무항생제 한우볼 한우랑땡,"21,900",06.03 ~ 06.05,https://www.wishbunny.me/drop/189,New Item
food,탁가온 이유식,"25,000",06.02 ~ 06.06,https://www.wishbunny.me/drop/188,New Item
food,소고기 듬뿍 미쁨곰탕,"36,000",06.16 ~ 06.20,https://www.wishbunny.me/drop/186,New Item
food,프레벨롱 4차,"2,900",06.19 ~ 06.22,https://www.wishbunny.me/drop/165,New Item
food,룩트킨디 젤리 음료 캔디,"37,900",06.12 ~ 06.15,https://www.wishbunny.me/drop/163,New Item
food,우랩 소고기 3차,"51,200",06.17 ~ 06.19,https://www.wishbunny.me/drop/162,New Item
food,플라하반 오트밀 3차,N/A,06.02 ~ 06.08,https://www.wishbunny.me/drop/155,New Item
food,자일리톨팝,"11,000",06.13 ~ 06.15,https://www.wishbunny.me/drop/150,New Item
food,푸른바당 어묵,N/A,06.18 ~ 06.21,https://www.wishbunny.me/drop/149,New Item
food,난각 1번 유정란,0,06.03 ~ 06.09,https://www.wishbunny.me/drop/147,New Item
food,엘더베리,"28,600",06.30 ~ 07.03,https://www.wishbunny.me/drop/146,New Item
food,볏짚먹은 한우칩 2차,"79,000",06.24 ~ 06.27,https://www.wishbunny.me/drop/143,New Item
food,한끼 전복죽,N/A,06.19 ~ 06.23,https://www.wishbunny.me/drop/136,New Item
food,파스퇴르 우유,"15,900",06.19 ~ 06.23,https://www.wishbunny.me/drop/135,New Item
food,야채톡 뿌링 육수 치림프 외,"10,900",06.16 ~ 06.18,https://www.wishbunny.me/drop/134,New Item
food,초당옥수수,"22,900",06.13 ~ 06.17,https://www.wishbunny.me/drop/131,New Item
food,초정담 사골 9차,"15,000",06.12 ~ 06.15,https://www.wishbunny.me/drop/130,New Item
food,둥이요리 모음전 2차,"22,000",06.11 ~ 06.15,https://www.wishbunny.me/drop/128,New Item
food,씨드밀 참기름 외. 차,"22,500",06.09 ~ 06.12,https://www.wishbunny.me/drop/126,New Item
food,우랩 한우 소고기 22차,"43,500",06.09 ~ 06.11,https://www.wishbunny.me/drop/125,New Item
food,설성목장 유아식 모음전,"30,000",06.05 ~ 06.08,https://www.wishbunny.me/drop/124,New Item
food,라꽁버터,"30,000",06.04 ~ 06.07,https://www.wishbunny.me/drop/122,New Item
food,밥스누 우아한 아기김,"32,000",06.26 ~ 06.29,https://www.wishbunny.me/drop/110,New Item
food,초정담 무항생제 한우 사골 곰탕,"15,000",06.23 ~ 06.26,https://www.wishbunny.me/drop/109,New Item
food,푸릉바당 어묵,"57,600",06.12 ~ 06.15,https://www.wishbunny.me/drop/104,New Item
food,저온압착 참기름 들기름,"20,500",06.07 ~ 06.10,https://www.wishbunny.me/drop/100,New Item
food,여수돌산 갓김치 갓물김치,N/A,05.30 ~ 06.01,https://www.wishbunny.me/drop/93,New Item
food,뼈없는 갈비탕,N/A,05.29 ~ 06.01,https://www.wishbunny.me/drop/92,New Item
food,미니큐브 저당 쌀식빵,"18,900",06.24 ~ 06.26,https://www.wishbunny.me/drop/88,New Item
food,우랩 소고기 22차,"43,000",06.23 ~ 06.25,https://www.wishbunny.me/drop/72,New Item
food,룩트 얼먹젤리 / 캔디 / 유산균음료,"37,900",06.19 ~ 06.22,https://www.wishbunny.me/drop/71,New Item
food,푸른들 후리가케 & 동결국 4차,"18,000",06.16 ~ 06.19,https://www.wishbunny.me/drop/70,New Item
food,룩트 킨디 요거트 15차,"18,200",06.16 ~ 06.18,https://www.wishbunny.me/drop/69,New Item
food,아임쥬스 2차,"29,500",06.02 ~ 06.04,https://www.wishbunny.me/drop/64,New Item
food,부로디 넛버터 2차,"38,900",06.02 ~ 06.05,https://www.wishbunny.me/drop/63,New Item
food,배도라지차 작두콩 옥수수차 아이차,"11,900",06.23 ~ 06.26,https://www.wishbunny.me/drop/60,New Item
food,A2 우유,"34,900",06.19 ~ 06.22,https://www.wishbunny.me/drop/59,New Item
food,배도라지차 작두콩 옥수수차 아이차,"11,900",06.16 ~ 06.19,https://www.wishbunny.me/drop/46,New Item
food,동결 건조국,"32,700",06.24 ~ 06.27,https://www.wishbunny.me/drop/43,New Item
food,담은수 시리즈 총집합,"6,500",06.12 ~ 06.15,https://www.wishbunny.me/drop/30,New Item
living,롤키친 지퍼백 230매 1만원대,N/A,02.12 ~ 02.14,https://www.wishbunny.me/drop/10169,New Item
living,빠이염 세탁안심티슈,N/A,02.26 ~ 02.28,https://www.wishbunny.me/drop/10168,New Item
living,JOONIE 텀블러,N/A,02.26 ~ 02.28,https://www.wishbunny.me/drop/10167,New Item
living,또띵 파우치,N/A,02.23 ~ 02.25,https://www.wishbunny.me/drop/10166,New Item
living,돌잡이&빅키즈 시리즈 5차,N/A,02.27 ~ 03.01,https://www.wishbunny.me/drop/10161,New Item
living,도노도노 범퍼침대,N/A,02.23 ~ 02.25,https://www.wishbunny.me/drop/10158,New Item
living,무드앤스 회전책장 모음전 2차,N/A,02.23 ~ 02.25,https://www.wishbunny.me/drop/10157,New Item
living,달금손 돌반지 보관함 3차,N/A,02.20 ~ 02.22,https://www.wishbunny.me/drop/10156,New Item
living,탁가온 실리콘 이유식기 모음전 3차,N/A,02.14 ~ 02.16,https://www.wishbunny.me/drop/10154,New Item
living,제나쏘잉 방수파우치 2차,N/A,02.11 ~ 02.13,https://www.wishbunny.me/drop/10153,New Item
living,나산가구 책장 & 교구장 & 코너장,N/A,02.09 ~ 02.11,https://www.wishbunny.me/drop/10150,New Item
living,이몽 기저귀패트& 기저귀 수납함,N/A,02.05 ~ 02.07,https://www.wishbunny.me/drop/10148,New Item
living,알집매트 뉴코코핸디매트,N/A,02.03 ~ 02.05,https://www.wishbunny.me/drop/10146,New Item
living,빠이염 이염방지 세탁안심티슈,"32,700",02.23 ~ 02.27,https://www.wishbunny.me/drop/10087,New Item
living,사파 CD / DVD 플레이어,"69,000",02.06 ~ 02.13,https://www.wishbunny.me/drop/10073,New Item
living,스텐팟 6L 대용량 스텐 가열식 가습기,"299,000",02.06 ~ 02.14,https://www.wishbunny.me/drop/10072,New Item
living,셀룰로오스 스펀지 (6팩/10팩),"23,100",02.10 ~ 02.13,https://www.wishbunny.me/drop/10065,New Item
living,폴쿠치나 스파츌라 4종,"13,800",02.09 ~ 02.12,https://www.wishbunny.me/drop/10056,
living,빠이염 세탁안심티슈 / 안심세제 / 빠잉볼,"51,800",02.09 ~ 02.13,https://www.wishbunny.me/drop/10051,
living,터블,"21,900",02.11 ~ 02.15,https://www.wishbunny.me/drop/10049,
living,후르츠팟 과일컵 샐러드 도시락통,"7,900",02.28 ~ 03.06,https://www.wishbunny.me/drop/10048,
living,아티잔 사각싱크볼,N/A,02.23 ~ 02.27,https://www.wishbunny.me/drop/10037,
living,미니밀대,"5,500",02.06 ~ 02.08,https://www.wishbunny.me/drop/10010,
living,칸 스탠드,"46,500",02.04 ~ 02.07,https://www.wishbunny.me/drop/9990,
living,한일 AI플러스 욕실온풍기,"159,000",02.07 ~ 02.13,https://www.wishbunny.me/drop/9983,
living,소창수건+행주,"37,800",02.23 ~ 02.25,https://www.wishbunny.me/drop/9974,
living,스팀청소기,"109,000",02.09 ~ 02.12,https://www.wishbunny.me/drop/9967,
living,빠이염 세탁안심티슈,"32,700",02.19 ~ 02.23,https://www.wishbunny.me/drop/9958,
living,터블 다목적 발포 세정제,"21,900",02.04 ~ 02.08,https://www.wishbunny.me/drop/9956,
living,플레이조이 정리함,N/A,02.26 ~ 02.27,https://www.wishbunny.me/drop/9955,
living,꼬메모이 독서대,N/A,02.09 ~ 02.12,https://www.wishbunny.me/drop/9949,
living,아크큐어,N/A,02.18 ~ 02.20,https://www.wishbunny.me/drop/9943,
living,낫비포티,N/A,02.16 ~ 02.18,https://www.wishbunny.me/drop/9942,
living,보풀제거기 보풀제로,"21,000",02.03 ~ 02.08,https://www.wishbunny.me/drop/9920,Date Update: 02.03 ~ 02.05 -> 02.03 ~ 02.08
living,자동회전롤팬,"94,000",02.04 ~ 02.11,https://www.wishbunny.me/drop/9919,
living,BAS 탈취제 전제품 모음전,"15,800",02.07 ~ 02.15,https://www.wishbunny.me/drop/9896,
living,붙이는 화이트보드,N/A,02.26 ~ 02.28,https://www.wishbunny.me/drop/9873,
living,아소부 신상 미니(키링) 텀블러,N/A,02.24 ~ 02.26,https://www.wishbunny.me/drop/9872,
living,매직행거 (new 컬러 출시),N/A,02.19 ~ 02.21,https://www.wishbunny.me/drop/9869,
living,샤토에르 슬라이딩선반,N/A,02.11 ~ 02.15,https://www.wishbunny.me/drop/9835,
living,미스터데코 빨래바구니,N/A,02.10 ~ 02.13,https://www.wishbunny.me/drop/9834,
living,매직행거,N/A,02.26 ~ 02.28,https://www.wishbunny.me/drop/9830,
living,주니 숟가락&포크 모음전,N/A,02.20 ~ 02.22,https://www.wishbunny.me/drop/9828,
living,5단계 수처리 연수기,N/A,03.02 ~ 03.04,https://www.wishbunny.me/drop/9822,
living,(뱅네프) 바디워시&향수비누,"10,900",02.02 ~ 02.07,https://www.wishbunny.me/drop/9816,
living,루솔 올리올리,N/A,02.26 ~ 02.28,https://www.wishbunny.me/drop/9812,
living,소중한습관,N/A,02.24 ~ 02.26,https://www.wishbunny.me/drop/9811,
living,방수파우치,N/A,02.04 ~ 02.06,https://www.wishbunny.me/drop/9800,
living,카시트 트레이,"36,000",02.02 ~ 02.04,https://www.wishbunny.me/drop/9797,
living,까르엠 모션소파,N/A,02.16 ~ 02.18,https://www.wishbunny.me/drop/9796,
living,"드디어 찾은 밥,국 소분용기","18,900",02.05 ~ 02.07,https://www.wishbunny.me/drop/9794,
living,바브레 유아변기 2차,"19,800",02.03 ~ 02.06,https://www.wishbunny.me/drop/9788,New Item
living,일본 마나용품,N/A,02.26 ~ 02.28,https://www.wishbunny.me/drop/9787,New Item
living,릴팡 수저세트,N/A,02.25 ~ 02.27,https://www.wishbunny.me/drop/9786,New Item
living,릴팡 어린이 텀블러,N/A,02.23 ~ 02.25,https://www.wishbunny.me/drop/9785,New Item
living,잭앤질 키즈치약&칫솔,N/A,02.20 ~ 02.22,https://www.wishbunny.me/drop/9784,New Item
living,에코폼 플랫매트,N/A,02.11 ~ 02.13,https://www.wishbunny.me/drop/9781,New Item
living,비앙스 회전책장,N/A,02.24 ~ 02.26,https://www.wishbunny.me/drop/9771,New Item
living,텀블러,N/A,02.09 ~ 02.11,https://www.wishbunny.me/drop/9769,New Item
living,2단 슬라이딩 독서대,"93,500",02.05 ~ 02.07,https://www.wishbunny.me/drop/9768,New Item
living,스탠드,"74,900",02.02 ~ 02.04,https://www.wishbunny.me/drop/9766,New Item
living,정글몬스터 칫솔&보습밤,"11,500",02.02 ~ 02.08,https://www.wishbunny.me/drop/9764,New Item
living,1만원대 유리반찬통세트,N/A,02.28 ~ 03.01,https://www.wishbunny.me/drop/9761,New Item
living,칼로리바이크,N/A,02.11 ~ 02.13,https://www.wishbunny.me/drop/9754,New Item
living,통티타늄 냄비,N/A,02.10 ~ 02.12,https://www.wishbunny.me/drop/9753,New Item
living,"보온병, 미니물티슈",N/A,02.09 ~ 02.11,https://www.wishbunny.me/drop/9752,New Item
living,"놈캐리어, 보바","179,000",02.06 ~ 02.08,https://www.wishbunny.me/drop/9751,New Item
living,드래곤 마스터,N/A,02.23 ~ 03.03,https://www.wishbunny.me/drop/9749,New Item
living,폴앤안나 앞치마,N/A,02.23 ~ 02.26,https://www.wishbunny.me/drop/9748,New Item
living,에코프랜 스텐 도마,N/A,02.20 ~ 02.26,https://www.wishbunny.me/drop/9747,New Item
living,버금 명태 & 복 자석,N/A,02.09 ~ 02.13,https://www.wishbunny.me/drop/9746,New Item
living,아이누오 두상베개,N/A,02.27 ~ 03.01,https://www.wishbunny.me/drop/9744,New Item
living,이지앤프리 이유식/ 유아식 보관용기,N/A,02.11 ~ 02.13,https://www.wishbunny.me/drop/9741,New Item
living,마이아 마이쿠커,N/A,02.06 ~ 02.08,https://www.wishbunny.me/drop/9740,New Item
living,피아니메종 양념병 2차,N/A,02.26 ~ 02.28,https://www.wishbunny.me/drop/9738,New Item
living,볼시리즈,N/A,02.23 ~ 02.25,https://www.wishbunny.me/drop/9737,New Item
living,NEW 베투키 대생배원/ 맥모도원,N/A,02.09 ~ 02.11,https://www.wishbunny.me/drop/9735,New Item
living,스텐락 2차,"19,550",02.03 ~ 02.05,https://www.wishbunny.me/drop/9733,New Item
living,라비킷 유아베개,N/A,02.13 ~ 02.15,https://www.wishbunny.me/drop/9722,New Item
living,조리도구 4종세트,"13,800",02.07 ~ 02.09,https://www.wishbunny.me/drop/9718,New Item
living,팥 찜질팩,N/A,02.10 ~ 02.12,https://www.wishbunny.me/drop/9710,New Item
living,"쿠퍼 요리조리 더블팬, 쿠킹툴 단품/세트(선택)","129,000",02.03 ~ 02.05,https://www.wishbunny.me/drop/9709,New Item
living,클린디 칫솔살균기,N/A,02.16 ~ 02.18,https://www.wishbunny.me/drop/9696,New Item
living,최초공개 100% 천연 탈취제,"21,900",02.03 ~ 02.05,https://www.wishbunny.me/drop/9684,New Item
living,도들 수저포크세트,"35,200",02.02 ~ 02.05,https://www.wishbunny.me/drop/9677,New Item
living,jvr 모노아이 트라이탄& 스텐텀블러,N/A,02.26 ~ 03.04,https://www.wishbunny.me/drop/9676,New Item
living,도스칫솔,N/A,02.19 ~ 02.22,https://www.wishbunny.me/drop/9672,New Item
living,햄튼 무쇠냄비 모음전전,N/A,02.12 ~ 02.15,https://www.wishbunny.me/drop/9671,New Item
living,빅키드 필통+문구 특집,N/A,02.23 ~ 02.25,https://www.wishbunny.me/drop/9662,New Item
living,주니컵 + 스푼 특집,N/A,02.23 ~ 02.25,https://www.wishbunny.me/drop/9661,New Item
living,플레이조이 정리함 특집,N/A,02.12 ~ 02.14,https://www.wishbunny.me/drop/9657,New Item
living,이지컷 네임테이프,N/A,02.11 ~ 02.13,https://www.wishbunny.me/drop/9655,New Item
living,매트싹싹 브러쉬,N/A,02.11 ~ 02.13,https://www.wishbunny.me/drop/9654,New Item
living,머즈 파일럿 캐리어,N/A,02.06 ~ 02.08,https://www.wishbunny.me/drop/9649,New Item
living,요미몬 디즈니 USB,"14,900",02.04 ~ 02.06,https://www.wishbunny.me/drop/9646,New Item
living,에디슨 젓가락 & 물컵 2차,N/A,02.27 ~ 03.01,https://www.wishbunny.me/drop/9643,New Item
living,투명 장난감 정리함,N/A,02.19 ~ 02.22,https://www.wishbunny.me/drop/9639,New Item
living,HOO 하이체어,"58,000",02.02 ~ 02.04,https://www.wishbunny.me/drop/9631,New Item
living,커트러리,N/A,02.23 ~ 02.25,https://www.wishbunny.me/drop/9623,New Item
living,안티더스트 사계절이불,N/A,02.19 ~ 02.22,https://www.wishbunny.me/drop/9622,New Item
living,주니컵 모음전 8차,N/A,02.20 ~ 02.22,https://www.wishbunny.me/drop/9612,New Item
living,주니 식기류 모음전,N/A,02.09 ~ 02.12,https://www.wishbunny.me/drop/9609,New Item
living,NEW 롤칠판,N/A,02.01 ~ 02.02,https://www.wishbunny.me/drop/9605,New Item
living,손연재 텀블러,"21,000",02.06 ~ 02.08,https://www.wishbunny.me/drop/9598,New Item
living,도파밍 매직행거,N/A,02.24 ~ 03.02,https://www.wishbunny.me/drop/9594,New Item
living,롤팬,N/A,02.09 ~ 02.19,https://www.wishbunny.me/drop/9589,New Item
living,텀블러,N/A,02.25 ~ 02.27,https://www.wishbunny.me/drop/9581,New Item
living,롤팬2차,"94,000",02.23 ~ 03.01,https://www.wishbunny.me/drop/9571,New Item
living,에바솔로 조리도구 4차,N/A,02.19 ~ 02.25,https://www.wishbunny.me/drop/9563,
living,코렐 압력밥솥 2차,N/A,02.05 ~ 02.10,https://www.wishbunny.me/drop/9561,
living,바이탈플랜트 롤팬,"94,000",02.03 ~ 02.09,https://www.wishbunny.me/drop/9560,
living,심플룸 북카트,N/A,02.19 ~ 02.21,https://www.wishbunny.me/drop/9558,
living,심플룸 슈벤치,N/A,02.10 ~ 02.12,https://www.wishbunny.me/drop/9556,
living,꼬메모이 제니 팔레트,N/A,02.09 ~ 02.11,https://www.wishbunny.me/drop/9541,
living,수플레 트롤리,N/A,02.04,https://www.wishbunny.me/drop/9535,
living,꼬메모이 제니 팔레트,N/A,02.09 ~ 02.11,https://www.wishbunny.me/drop/9526,
living,넘버블럭스 시계,N/A,02.25 ~ 02.27,https://www.wishbunny.me/drop/9513,
living,뉴오리진 A2 모음전,N/A,02.24 ~ 02.26,https://www.wishbunny.me/drop/9512,
living,[첫 런칭] 주니 신상컵,N/A,02.20 ~ 02.23,https://www.wishbunny.me/drop/9510,
living,주니 컵 모음전,"21,000",02.05 ~ 02.08,https://www.wishbunny.me/drop/9504,
living,실리팟베베,N/A,02.09 ~ 02.11,https://www.wishbunny.me/drop/9498,New Item
living,탁가온 네모&에코젠,"7,800",02.05 ~ 02.07,https://www.wishbunny.me/drop/9497,New Item
living,매일 쓰는 우리집 캠브로 트레이,N/A,02.23 ~ 02.26,https://www.wishbunny.me/drop/9495,New Item
living,리앤코칫솔,N/A,02.23 ~ 02.25,https://www.wishbunny.me/drop/9492,New Item
living,"전면책장 (모이듀, 모모누아지)",N/A,02.19 ~ 02.21,https://www.wishbunny.me/drop/9491,New Item
living,갓성비 책장,N/A,02.27 ~ 03.01,https://www.wishbunny.me/drop/9484,New Item
living,탁가온 실리콘 식기,"25,000",02.06 ~ 02.08,https://www.wishbunny.me/drop/9474,New Item
living,아소부 신상텀블러,N/A,02.20 ~ 02.23,https://www.wishbunny.me/drop/9465,New Item
living,프레이포잇,N/A,02.13 ~ 02.17,https://www.wishbunny.me/drop/9463,New Item
living,247팩,N/A,02.12 ~ 02.16,https://www.wishbunny.me/drop/9462,New Item
living,클레어 모듈 소파,"2,592,000",02.02 ~ 02.06,https://www.wishbunny.me/drop/9454,New Item
living,"자동연필깎기, 지우개 클리너",N/A,02.24 ~ 02.28,https://www.wishbunny.me/drop/9453,New Item
living,냉동용기,N/A,02.09 ~ 02.12,https://www.wishbunny.me/drop/9452,New Item
living,롤키친지퍼백 2종,"19,800",02.02 ~ 02.09,https://www.wishbunny.me/drop/9449,New Item
living,윗클세정티슈 (선물/일반),"8,200",02.01 ~ 02.10,https://www.wishbunny.me/drop/9429,New Item
living,탁가온 젓가락,N/A,02.27 ~ 03.01,https://www.wishbunny.me/drop/9428,New Item
living,글란츠 클리너,N/A,02.16 ~ 02.18,https://www.wishbunny.me/drop/9424,New Item
living,에버스텐,"89,000",02.04 ~ 02.06,https://www.wishbunny.me/drop/9422,New Item
living,타임타이머,N/A,02.09 ~ 02.13,https://www.wishbunny.me/drop/9413,New Item
living,무아스 디스펜서,N/A,02.23 ~ 02.26,https://www.wishbunny.me/drop/9406,New Item
living,키머즈 유아캐리어,N/A,02.09 ~ 02.13,https://www.wishbunny.me/drop/9403,New Item
living,몬테소리 한글/ 책상의자,N/A,02.24 ~ 02.26,https://www.wishbunny.me/drop/9397,New Item
living,위드그로우 책상/의자/스탠드조명/자동연필깎이/지우개청소기,N/A,02.19 ~ 02.21,https://www.wishbunny.me/drop/9396,New Item
living,바나린 트롤리,N/A,02.12 ~ 02.14,https://www.wishbunny.me/drop/9395,New Item
living,소중한습관 모음전,N/A,02.23 ~ 02.25,https://www.wishbunny.me/drop/9387,New Item
living,닥터노아 치약&칫솔,N/A,02.19 ~ 02.21,https://www.wishbunny.me/drop/9386,New Item
living,수건걸이,N/A,02.10 ~ 02.12,https://www.wishbunny.me/drop/9372,New Item
living,디어커스 휴지,N/A,02.09 ~ 02.11,https://www.wishbunny.me/drop/9371,New Item
living,시공매트,N/A,02.23 ~ 02.25,https://www.wishbunny.me/drop/9304,New Item
living,칸칸이 정리함,N/A,02.09 ~ 02.11,https://www.wishbunny.me/drop/9302,New Item
living,푸드캐쳐 캐치 2차,"62,400",02.05 ~ 02.08,https://www.wishbunny.me/drop/9297,New Item
living,초경량 휴대용 보온 이유식 포트 워머 파파앤고,"79,900",02.04 ~ 02.08,https://www.wishbunny.me/drop/9296,New Item
living,루넬 트트 백포켓+트레이커버 2차,"23,000",02.02 ~ 02.04,https://www.wishbunny.me/drop/9295,New Item
living,메디슨벨 리뉴패치,N/A,02.26 ~ 02.28,https://www.wishbunny.me/drop/9294,New Item
living,코알라에코,N/A,02.23 ~ 02.25,https://www.wishbunny.me/drop/9292,New Item
living,세라일론,"29,900",02.05 ~ 02.07,https://www.wishbunny.me/drop/9287,New Item
living,단독최초* 올스텐 빨래 건조대,"36,500",02.04 ~ 02.08,https://www.wishbunny.me/drop/9283,New Item
living,소핀 세탁조 클리너,"11,900",02.03 ~ 02.08,https://www.wishbunny.me/drop/9282,New Item
living,롤팬 4차 (신상 컬러 출시),N/A,02.27 ~ 03.02,https://www.wishbunny.me/drop/9281,New Item
living,테코타일 신상,N/A,02.20 ~ 02.26,https://www.wishbunny.me/drop/9278,New Item
living,마틸라 침구&패드,N/A,02.19 ~ 02.23,https://www.wishbunny.me/drop/9277,New Item
living,마이어홈 pick 채칼&탈수기,N/A,02.06 ~ 02.10,https://www.wishbunny.me/drop/9274,New Item
living,마와 옷걸이 4차,"97,900",02.02 ~ 02.06,https://www.wishbunny.me/drop/9272,New Item
living,블루마마,N/A,02.24 ~ 02.26,https://www.wishbunny.me/drop/9271,New Item
living,헬리오스,N/A,02.19 ~ 02.21,https://www.wishbunny.me/drop/9258,New Item
living,디어커스 까사림단독컬러,N/A,02.12 ~ 02.14,https://www.wishbunny.me/drop/9257,New Item
living,채칼,N/A,02.09 ~ 02.11,https://www.wishbunny.me/drop/9256,New Item
living,CJ x 나산가구 회전책장 & 트롤리,N/A,02.09 ~ 02.15,https://www.wishbunny.me/drop/9255,New Item
living,시공매트,N/A,02.23 ~ 02.25,https://www.wishbunny.me/drop/9230,New Item
living,칸칸이 정리함,N/A,02.09 ~ 02.11,https://www.wishbunny.me/drop/9228,New Item
living,브리오 북카트 한정수량,N/A,02.23 ~ 02.26,https://www.wishbunny.me/drop/9224,New Item
living,메디슨벨 리뉴패치,N/A,02.26 ~ 02.28,https://www.wishbunny.me/drop/9220,New Item
living,코알라에코,N/A,02.23 ~ 02.25,https://www.wishbunny.me/drop/9218,New Item
living,소핀 세탁조 클리너,"11,900",02.03 ~ 02.08,https://www.wishbunny.me/drop/9208,New Item
living,핑크스터프 모음전,N/A,02.26 ~ 03.01,https://www.wishbunny.me/drop/9206,New Item
living,마이어홈 Pick 인생 타올,N/A,02.23 ~ 02.28,https://www.wishbunny.me/drop/9205,New Item
living,블루마마,N/A,02.24 ~ 02.26,https://www.wishbunny.me/drop/9197,New Item
living,CJ x 나산가구 회전책장 & 트롤리,N/A,02.09 ~ 02.15,https://www.wishbunny.me/drop/9181,New Item
living,디디오랩 올스텐 스팀 에어프라이어 오븐형 마스터 PRO,"269,000",02.04 ~ 02.11,https://www.wishbunny.me/drop/9169,New Item
living,앵그리선반 스피드랙,N/A,02.02 ~ 02.08,https://www.wishbunny.me/drop/9165,New Item
living,곡물도감,N/A,02.26 ~ 02.25,https://www.wishbunny.me/drop/9149,
living,조브스 슬림맥스,N/A,02.19 ~ 02.25,https://www.wishbunny.me/drop/9148,
living,자페라노 피나,N/A,02.09 ~ 02.12,https://www.wishbunny.me/drop/9146,
living,벨레다,"20,000",02.05 ~ 02.08,https://www.wishbunny.me/drop/9145,
living,까꿍선반,N/A,02.23 ~ 02.25,https://www.wishbunny.me/drop/9143,
living,포:옹 해먹 2차/ 쿠션 옵션 추가,N/A,02.18 ~ 02.20,https://www.wishbunny.me/drop/9142,
living,아메리칸플로어 러그,N/A,02.09 ~ 02.12,https://www.wishbunny.me/drop/9141,
living,넛베리홈 x 래폴드 서랍장,"13,200",02.02 ~ 02.05,https://www.wishbunny.me/drop/9139,
living,"""회전책장"" 2차공구",N/A,03.05 ~ 03.07,https://www.wishbunny.me/drop/9138,New Item
living,음식물분쇄기 쾌존 2차!!,"1,280,000",02.04 ~ 02.06,https://www.wishbunny.me/drop/9137,
living,푸르름 강화 소창 수건 세트,N/A,02.09 ~ 02.11,https://www.wishbunny.me/drop/9136,
living,수혁맘특가 에디슨 스탠딩 드라이기,"219,000",01.30,https://www.wishbunny.me/drop/9116,New Item
living,수혁맘특가어린이행거,"27,900",01.30,https://www.wishbunny.me/drop/9113,New Item
living,하모니 조리도구,N/A,01.29,https://www.wishbunny.me/drop/9111,New Item
living,바첸 쿠커블웨어,N/A,01.30,https://www.wishbunny.me/drop/9110,New Item
living,시공매트 2026 첫 런칭 공구,N/A,02.09 ~ 02.11,https://www.wishbunny.me/drop/9085,New Item
living,"둘레란X SSG 에어짚 베개 , 배개커버 2종 /플립 유아용 매트리스",N/A,02.26 ~ 03.01,https://www.wishbunny.me/drop/9083,New Item
living,미카스튜디오 호텔드미카 낮잠이불,"117,000",02.06 ~ 02.08,https://www.wishbunny.me/drop/9076,New Item
living,타고가요 프리미엄,"198,000",02.06 ~ 02.08,https://www.wishbunny.me/drop/9075,New Item
living,아소부 신상텀블러,N/A,02.20 ~ 02.23,https://www.wishbunny.me/drop/9068,New Item
living,프레이포잇,N/A,02.13 ~ 02.17,https://www.wishbunny.me/drop/9066,New Item
living,247팩,N/A,02.12 ~ 02.16,https://www.wishbunny.me/drop/9065,New Item
living,런드리에그,N/A,02.26 ~ 02.28,https://www.wishbunny.me/drop/9057,New Item
living,폴쿠치나 냉동 소분용기,N/A,02.12 ~ 02.15,https://www.wishbunny.me/drop/9054,New Item
living,베베코지 카시트트레이& 유모차 방수라이너,N/A,02.09 ~ 02.11,https://www.wishbunny.me/drop/9053,New Item
living,바라짜 브레빌밤비노,"260,000",02.04 ~ 02.06,https://www.wishbunny.me/drop/9048,New Item
living,AMT 신세계 라이브,"449,100",02.02 ~ 02.04,https://www.wishbunny.me/drop/9046,New Item
living,리메스카 흉터스틱 2차,N/A,02.27 ~ 03.03,https://www.wishbunny.me/drop/9038,New Item
living,락앤락 리틀럽 시리즈 (아기 이유식 용품 모음),N/A,02.25 ~ 03.03,https://www.wishbunny.me/drop/9036,New Item
living,아오라 장난감 정리함 3차,N/A,02.24 ~ 02.27,https://www.wishbunny.me/drop/9035,New Item
living,바스 탈취제 및 전제품 2차,N/A,02.19 ~ 02.25,https://www.wishbunny.me/drop/9031,New Item
living,아가드 네일트리머 2.0 (단독 첫 공개),N/A,02.12 ~ 02.15,https://www.wishbunny.me/drop/9029,New Item
living,"아가드 부스터 의자 (리뉴얼, 단독 첫 공개)",N/A,02.09 ~ 02.11,https://www.wishbunny.me/drop/9027,New Item
living,프로살림 쪽쪽이 살균이 & 보틀워머,"27,800",02.07 ~ 02.11,https://www.wishbunny.me/drop/9026,New Item
living,고리수건 & 네임스티커,N/A,02.04 ~ 02.08,https://www.wishbunny.me/drop/9024,New Item
living,더홈스 튜브 홀더,N/A,02.03 ~ 02.13,https://www.wishbunny.me/drop/9008,New Item
living,하츠티오람미니,"118,000",01.26 ~ 01.30,https://www.wishbunny.me/drop/8992,New Item
living,어린이집 소창 고리수건 3겹,"7,500",02.12 ~ 02.14,https://www.wishbunny.me/drop/8976,New Item
living,바이탈플랜트 롤팬 NEW 오리지널 공구,"94,000",02.02 ~ 02.08,https://www.wishbunny.me/drop/8970,New Item
living,칼로볼 전자레인지 저당밥솥,"39,800",01.29 ~ 02.02,https://www.wishbunny.me/drop/8965,New Item
living,무타공선반,N/A,01.28 ~ 01.30,https://www.wishbunny.me/drop/8945,New Item
living,롤키친 슬라이딩/더블 스탠딩 지퍼백,"19,800",01.28 ~ 02.02,https://www.wishbunny.me/drop/8943,New Item
living,붙이는 소화기스티커 세라플러스,"19,600",01.27 ~ 01.30,https://www.wishbunny.me/drop/8926,New Item
living,자동회전 롤팬 NEW 오리지널,"94,000",02.23 ~ 03.02,https://www.wishbunny.me/drop/8893,New Item
living,롤팬,"94,000",01.26 ~ 01.31,https://www.wishbunny.me/drop/8892,New Item
living,고요아 가습기,"227,500",02.03 ~ 02.07,https://www.wishbunny.me/drop/8879,New Item
living,빠이염 안심티슈 안심세제 빠잉볼,N/A,01.26 ~ 01.28,https://www.wishbunny.me/drop/8878,New Item
living,두유제조기 (이유식 메이커),"129,000",01.29 ~ 02.01,https://www.wishbunny.me/drop/8856,New Item
living,터블 텀블러 발포 세정제 / 식기세척기 세제 / 주방세제,"6,900",02.04 ~ 02.08,https://www.wishbunny.me/drop/8834,New Item
living,탁가온 1.2.3 식기,N/A,03.07 ~ 03.12,https://www.wishbunny.me/drop/8825,New Item
living,에스파뇰라 스프레이오일 선물세트 2/3/4종,"17,800",02.01 ~ 02.06,https://www.wishbunny.me/drop/8817,New Item
living,블랙스완 에어프러이어,"85,900",01.19 ~ 01.25,https://www.wishbunny.me/drop/8810,New Item
living,닥터퓨리 데일리 수세미,"9,900",01.22 ~ 01.28,https://www.wishbunny.me/drop/8789,New Item
living,터블 이지클린 텀블러 발포 세정제,"21,900",01.28 ~ 02.02,https://www.wishbunny.me/drop/8787,New Item
living,트라이탄 밀폐용기,N/A,03.05 ~ 03.12,https://www.wishbunny.me/drop/8760,New Item
living,글라스 코팅큐 500ml 초극세사 타월 유리 코팅제 물때,N/A,01.19 ~ 01.23,https://www.wishbunny.me/drop/8757,New Item
living,부케 그릇 2인조 4인조,N/A,02.10 ~ 02.13,https://www.wishbunny.me/drop/8756,New Item
living,먼지없는 디어커스 뱀부500 화장지 키친타올,N/A,02.06 ~ 02.11,https://www.wishbunny.me/drop/8755,New Item
living,보풀제거기,N/A,01.30 ~ 02.02,https://www.wishbunny.me/drop/8754,New Item
living,워시테라피,"8,900",01.20 ~ 01.23,https://www.wishbunny.me/drop/8749,New Item
living,전동 무선 스퀴지,"59,000",01.27 ~ 01.30,https://www.wishbunny.me/drop/8743,New Item
living,코마사 베개커버,"38,800",01.20 ~ 01.27,https://www.wishbunny.me/drop/8740,New Item
living,울크 울트라클린 다목적 세정제,"17,500",01.19 ~ 01.26,https://www.wishbunny.me/drop/8732,New Item
living,압축 트레블 파우치,"33,300",01.18 ~ 01.25,https://www.wishbunny.me/drop/8721,New Item
living,국내생산 어린이집 자수고리수건 5종 세트,N/A,01.28 ~ 02.01,https://www.wishbunny.me/drop/8712,New Item
living,바이탈플랜트 롤팬 NEW 오리지널,"94,000",01.18 ~ 01.22,https://www.wishbunny.me/drop/8706,New Item
living,이너청소기,"169,000",01.19 ~ 01.21,https://www.wishbunny.me/drop/8705,New Item
living,스마일핫팩 어린이핫팩,"6,500",01.17 ~ 01.21,https://www.wishbunny.me/drop/8703,New Item
living,비트리 시즌2 냉동실 냉장고 정리 용기,N/A,01.26 ~ 01.29,https://www.wishbunny.me/drop/8700,New Item
living,주니 서랍잠금장치 6p(3세트),"23,700",01.21 ~ 01.25,https://www.wishbunny.me/drop/8698,New Item
living,주니 모서리보호대 2m(3개),"17,700",01.21 ~ 01.25,https://www.wishbunny.me/drop/8697,New Item
living,아이바큠 진공용기,"129,000",01.19 ~ 01.26,https://www.wishbunny.me/drop/8690,New Item
living,바스탈취제,"10,900",02.03 ~ 02.08,https://www.wishbunny.me/drop/8647,New Item
living,릴렉 PVC 투명매트 주방매트 180cm × 60cm,"39,000",01.27 ~ 01.31,https://www.wishbunny.me/drop/8637,New Item
living,무선 돌돌이,"119,000",01.15 ~ 01.18,https://www.wishbunny.me/drop/8636,New Item
living,일본 국민템 릴렉 PVC 투명매트 주방매트 180cm × 60cm,"39,000",02.04 ~ 02.10,https://www.wishbunny.me/drop/8625,New Item
living,퍼기 이중 스팀 촉촉 찜기,"29,900",02.05 ~ 02.10,https://www.wishbunny.me/drop/8621,New Item
living,니모카트리나 샤워기+고압버블세척기,"48,200",01.25 ~ 01.28,https://www.wishbunny.me/drop/8614,New Item
living,뽀송한 발매트,"15,900",02.01 ~ 02.09,https://www.wishbunny.me/drop/8598,New Item
living,어린이 안전인증 웜 스마일 핫팩,"6,500",01.30 ~ 02.07,https://www.wishbunny.me/drop/8590,New Item
living,한일 AI플러스 욕실히터 화장실 온풍기,"159,000",01.24 ~ 02.01,https://www.wishbunny.me/drop/8569,New Item
living,트리세제,"20,900",01.19 ~ 01.25,https://www.wishbunny.me/drop/8561,New Item
living,후 하이체어 라운드 (+ 방석 추가 가능),"63,000",01.19 ~ 01.21,https://www.wishbunny.me/drop/8553,New Item
living,"맘스보드 레브하우스, 무빙랙+자석교구, 멀티꽂이 등","70,900",01.12 ~ 01.14,https://www.wishbunny.me/drop/8551,New Item
living,코알라밤,N/A,01.30 ~ 02.04,https://www.wishbunny.me/drop/8548,New Item
living,고구려 방충망,N/A,01.28 ~ 02.03,https://www.wishbunny.me/drop/8547,New Item
living,주문제작 캡슐 네임 스탬프_째째홈,"6,700",01.27 ~ 02.01,https://www.wishbunny.me/drop/8543,New Item
living,연필깎이 & 지우개청소기,N/A,01.20 ~ 01.22,https://www.wishbunny.me/drop/8540,New Item
living,셀룰라 마사지기,"219,000",01.19 ~ 01.21,https://www.wishbunny.me/drop/8538,New Item
living,바풀 신상(무타공),"570,000",01.16 ~ 01.18,https://www.wishbunny.me/drop/8537,New Item
living,프레이포잇 얼룩제거제,"12,900",01.13 ~ 01.15,https://www.wishbunny.me/drop/8534,New Item
living,스텐도마,N/A,01.12 ~ 01.14,https://www.wishbunny.me/drop/8533,New Item
living,킨즈 웨건,N/A,01.09 ~ 01.11,https://www.wishbunny.me/drop/8532,New Item
living,국민필터 신발세탁망,N/A,01.07 ~ 01.09,https://www.wishbunny.me/drop/8529,New Item
living,AM텀블러,N/A,01.05 ~ 01.07,https://www.wishbunny.me/drop/8528,New Item
living,뽀송스 스퀴지,N/A,01.03 ~ 01.05,https://www.wishbunny.me/drop/8527,New Item
living,스토조 접이식 텀블러&도시락통,"18,480",01.29 ~ 02.01,https://www.wishbunny.me/drop/8526,New Item
living,아오라 우주빔 무드등,"64,900",01.20 ~ 01.25,https://www.wishbunny.me/drop/8522,New Item
living,도그독 퐁딩카트,N/A,01.15 ~ 01.19,https://www.wishbunny.me/drop/8521,New Item
living,클로비 스텐수세미,"18,900",01.13 ~ 01.16,https://www.wishbunny.me/drop/8520,New Item
living,NEW 베르만 캐리어,N/A,01.07 ~ 01.11,https://www.wishbunny.me/drop/8519,New Item
living,어린이집 등원 짝꿍아이템 특가🫶,"3,900",01.22 ~ 01.25,https://www.wishbunny.me/drop/8514,New Item
living,하루 아기샴푸,N/A,01.08 ~ 01.11,https://www.wishbunny.me/drop/8511,New Item
living,소중한 습관 위생아이템 3종,"18,900",01.29 ~ 02.01,https://www.wishbunny.me/drop/8510,New Item
living,싱크볼,"890,000",01.19 ~ 01.22,https://www.wishbunny.me/drop/8503,New Item
living,2in1 샤워기 + 고압세척건,"48,200",01.15 ~ 01.18,https://www.wishbunny.me/drop/8491,New Item
living,유누옷장x세인트리빙 탄소매트/토퍼 2차 카본매트,N/A,01.11 ~ 01.14,https://www.wishbunny.me/drop/8486,New Item
living,바스시리즈,N/A,01.19 ~ 01.25,https://www.wishbunny.me/drop/8449,New Item
living,올인원책장,"52,900",01.12 ~ 01.14,https://www.wishbunny.me/drop/8442,New Item
living,에어소파,"82,500",01.16 ~ 01.19,https://www.wishbunny.me/drop/8424,New Item
living,"쉬젤 러반 스테인레스스퀘어밧드 304 (소,중,대)","9,900",02.05 ~ 02.09,https://www.wishbunny.me/drop/8423,New Item
living,샤크 무선청소기 + 닌자초퍼 증정,"679,000",01.07 ~ 01.18,https://www.wishbunny.me/drop/8415,New Item
living,저당밥솥 칼로볼,"39,800",01.15 ~ 01.16,https://www.wishbunny.me/drop/8396,New Item
living,바움 무쇠팟 3종 SET,"109,000",01.09 ~ 01.13,https://www.wishbunny.me/drop/8390,New Item
living,다원몬테소리 영유아책상 (1인/2인),N/A,01.07 ~ 01.11,https://www.wishbunny.me/drop/8344,New Item
living,마루야마 행주 2차,N/A,01.26 ~ 01.26,https://www.wishbunny.me/drop/8341,New Item
living,아소부텀블러 모음전,N/A,01.27 ~ 01.29,https://www.wishbunny.me/drop/8330,New Item
living,보드리 방수매트,"29,900",01.26 ~ 01.28,https://www.wishbunny.me/drop/8329,New Item
living,주니컵 모음전,"21,000",01.16 ~ 01.18,https://www.wishbunny.me/drop/8326,New Item
living,터블 텀블러 세정제,"21,900",01.28 ~ 01.30,https://www.wishbunny.me/drop/8324,New Item
living,아클리브 보호필름,N/A,01.07 ~ 01.09,https://www.wishbunny.me/drop/8321,New Item
living,리라그루브 모음전,"38,900",01.05 ~ 01.07,https://www.wishbunny.me/drop/8320,New Item
living,엉클디 아기 책상,"165,400",01.05 ~ 01.07,https://www.wishbunny.me/drop/8319,New Item
living,꼬모 북쉘프 3단 3X4 10가지컬러 / 자작나무 HPL 책장 수납장,"378,000",01.16 ~ 01.18,https://www.wishbunny.me/drop/8316,New Item
living,화재방지 멀티탭&소화기패치,N/A,01.14 ~ 01.16,https://www.wishbunny.me/drop/8309,New Item
living,알집 매트 3차,"219,000",01.12 ~ 01.14,https://www.wishbunny.me/drop/8308,New Item
living,이불 압축파우치,"57,000",01.05 ~ 01.07,https://www.wishbunny.me/drop/8305,New Item
living,소리잡 층간소음매트,"239,000",01.26 ~ 01.28,https://www.wishbunny.me/drop/8303,New Item
living,"두잉썸 도로러그, 커튼",N/A,01.13 ~ 01.15,https://www.wishbunny.me/drop/8301,New Item
living,일루와 아기텐트,"46,900",01.05 ~ 01.07,https://www.wishbunny.me/drop/8298,New Item
living,베테랑대디 샤워핸들,N/A,01.02 ~ 01.04,https://www.wishbunny.me/drop/8297,New Item
living,글라쎄z 프로 한정수량 특가,N/A,01.14 ~ 01.16,https://www.wishbunny.me/drop/8295,New Item
living,바스틀리,N/A,01.08 ~ 01.10,https://www.wishbunny.me/drop/8292,New Item
living,새학기책상템 첫공구,"8,500",01.29 ~ 01.31,https://www.wishbunny.me/drop/8290,New Item
living,터블 3차,"33,900",01.22 ~ 01.24,https://www.wishbunny.me/drop/8287,New Item
living,튼튼이 웨이브킵 보관용기,"6,900",01.05 ~ 01.08,https://www.wishbunny.me/drop/8285,New Item
living,아크릴지류함 첫공구,"40,000",01.14 ~ 01.16,https://www.wishbunny.me/drop/8281,New Item
living,포켓텀블러 첫공구,N/A,01.07 ~ 01.09,https://www.wishbunny.me/drop/8277,New Item
living,써니클라우드 모달침구 (패드리뉴얼),N/A,01.20 ~ 01.22,https://www.wishbunny.me/drop/8257,New Item
living,모더니 침대프레임,"439,000",01.14 ~ 01.16,https://www.wishbunny.me/drop/8256,New Item
living,슬로우베드 토퍼,"375,000",01.13 ~ 01.15,https://www.wishbunny.me/drop/8255,New Item
living,나르샤 층간소음매트 & 주방매트,"22,500",01.06 ~ 01.08,https://www.wishbunny.me/drop/8254,New Item
living,지니어스뉴 톡캡스,"43,000",01.29 ~ 01.31,https://www.wishbunny.me/drop/8252,New Item
living,오가닉스 포리지2차,"12,500",01.28 ~ 01.31,https://www.wishbunny.me/drop/8251,New Item
living,주니컵,"24,000",01.12 ~ 01.14,https://www.wishbunny.me/drop/8221,New Item
living,요거쪽쪽,N/A,01.05 ~ 01.07,https://www.wishbunny.me/drop/8219,New Item
living,올트루 효소,"22,900",02.02 ~ 02.05,https://www.wishbunny.me/drop/8208,New Item
living,아미노맥스,"32,000",01.19 ~ 01.22,https://www.wishbunny.me/drop/8207,New Item
living,당고나투라 샤료,N/A,01.04 ~ 01.08,https://www.wishbunny.me/drop/8205,New Item
living,원자픽! 붕어빵 키트 3차,N/A,01.19 ~ 01.21,https://www.wishbunny.me/drop/8203,New Item
living,쿡원자x필리빗,"333,850",01.12 ~ 01.18,https://www.wishbunny.me/drop/8202,New Item
living,로버츠베리에,"59,900",01.09 ~ 01.12,https://www.wishbunny.me/drop/8196,New Item
living,티세르X테디베어 독점 라이선스 라인업,"29,500",01.07 ~ 01.12,https://www.wishbunny.me/drop/8195,New Item
living,원데이 수세미,"43,200",01.27 ~ 01.27,https://www.wishbunny.me/drop/8194,New Item
living,파이토블락,"26,000",01.21 ~ 01.21,https://www.wishbunny.me/drop/8193,New Item
living,바디럽 퓨어썸,"35,900",01.15 ~ 01.17,https://www.wishbunny.me/drop/8192,New Item
living,애쉬로렌,"18,000",01.13 ~ 01.15,https://www.wishbunny.me/drop/8191,New Item
living,쉬라즈 호텔수건,"36,500",01.09 ~ 01.10,https://www.wishbunny.me/drop/8190,New Item
living,써다 지웠다 한글/영어/숫자,"9,900",01.08 ~ 01.08,https://www.wishbunny.me/drop/8189,New Item
living,픽싯 소독티슈/탈취제,"19,900",01.05 ~ 01.05,https://www.wishbunny.me/drop/8188,New Item
living,헤이베이 핀그,N/A,01.04 ~ 01.08,https://www.wishbunny.me/drop/8184,New Item
living,아피도 쇼코딩로봇,N/A,01.03 ~ 01.06,https://www.wishbunny.me/drop/8183,New Item
living,카고앤하우스 모서데스크,N/A,01.02 ~ 01.07,https://www.wishbunny.me/drop/8182,New Item
living,티세르 패밀리침옷,N/A,01.02 ~ 01.07,https://www.wishbunny.me/drop/8181,New Item
living,바니에르 캡슐 세제 / 식기세척기 세제,"10,900",01.05 ~ 01.05,https://www.wishbunny.me/drop/8167,New Item
living,엘프엘레 햇 올리브오일,N/A,01.26 ~ 01.26,https://www.wishbunny.me/drop/8163,New Item
living,바이타믹스 블렌더 + 27종레시피카드 +키친크로스 증정,"1,160,000",01.15 ~ 01.17,https://www.wishbunny.me/drop/8161,New Item
living,EX 로힘 전동 모션 리클라이너 부클레 패브릭 모듈쇼파,"2,280,000",01.12 ~ 01.12,https://www.wishbunny.me/drop/8160,New Item
living,르엘라히터 2차,N/A,01.05 ~ 01.05,https://www.wishbunny.me/drop/8159,New Item
living,애브라페 3차,N/A,01.01 ~ 01.01,https://www.wishbunny.me/drop/8158,New Item
living,AM 조리도구,"3,900",01.07 ~ 01.09,https://www.wishbunny.me/drop/8147,New Item
living,노블팜스 1종 주방세제,"10,800",01.05 ~ 01.12,https://www.wishbunny.me/drop/8137,New Item
living,벽부착 약보관함,"5,500",01.07 ~ 01.14,https://www.wishbunny.me/drop/8094,New Item
living,고트만,"124,600",01.29 ~ 02.05,https://www.wishbunny.me/drop/8057,New Item
living,커브드,"24,000",01.26 ~ 02.01,https://www.wishbunny.me/drop/8056,New Item
living,세렌,"169,000",01.22 ~ 01.30,https://www.wishbunny.me/drop/8055,New Item
living,시티브리즈,"169,900",01.19 ~ 01.27,https://www.wishbunny.me/drop/8054,New Item
living,글리너,"29,900",01.14 ~ 01.16,https://www.wishbunny.me/drop/8053,New Item
living,카페마마스,"47,500",01.12 ~ 01.19,https://www.wishbunny.me/drop/8052,New Item
living,알텐바흐,"199,000",01.09 ~ 01.11,https://www.wishbunny.me/drop/8051,New Item
living,콤부사비,"75,600",01.07 ~ 01.14,https://www.wishbunny.me/drop/8050,New Item
living,닥터파베,"109,000",01.05 ~ 01.12,https://www.wishbunny.me/drop/8049,New Item
living,힐펠 휴젠뜨,"499,000",01.26 ~ 01.26,https://www.wishbunny.me/drop/8047,New Item
living,울스텐 세탁바구니,"129,900",01.22 ~ 01.22,https://www.wishbunny.me/drop/8046,New Item
living,송월 에센셜 수건,N/A,01.21 ~ 01.21,https://www.wishbunny.me/drop/8045,New Item
living,초퍼 & 그라인더 (NEW 컬러 포함),"79,000",01.19 ~ 01.19,https://www.wishbunny.me/drop/8044,New Item
living,리슬립,"45,900",01.14 ~ 01.14,https://www.wishbunny.me/drop/8043,New Item
living,모달100% 베딩,"128,000",01.13 ~ 01.15,https://www.wishbunny.me/drop/8042,New Item
living,김치냉장고,"359,000",01.12 ~ 01.12,https://www.wishbunny.me/drop/8041,New Item
living,크록스 풋케이스 (최초단독공구),"54,900",01.07 ~ 01.07,https://www.wishbunny.me/drop/8040,New Item
living,오토모 청소기,"39,800",01.05 ~ 01.05,https://www.wishbunny.me/drop/8039,New Item
living,핑크에디션,"79,000",01.06 ~ 01.06,https://www.wishbunny.me/drop/8031,New Item
living,도마,N/A,01.05 ~ 01.05,https://www.wishbunny.me/drop/8030,New Item
living,오비큠 프로/워터/에어홈 청소기,"239,000",01.27 ~ 01.26,https://www.wishbunny.me/drop/8029,New Item
living,씨밀렉스 서랍장/수납정리함 시리즈,"45,840",01.20 ~ 01.25,https://www.wishbunny.me/drop/8028,New Item
living,밧드야 풀스텐 빨래 바구니,"169,000",01.13 ~ 01.18,https://www.wishbunny.me/drop/8027,New Item
living,밀레마 더스터 360 양면흡착 먼지떨이,"11,500",01.06 ~ 01.11,https://www.wishbunny.me/drop/8025,New Item
living,프레이포잇 얼룩제거제,N/A,01.01 ~ 01.04,https://www.wishbunny.me/drop/8023,New Item
living,구다 시트세제 & 이염방지,N/A,01.01 ~ 01.04,https://www.wishbunny.me/drop/8022,New Item
living,어린이책상,"649,000",01.26 ~ 02.01,https://www.wishbunny.me/drop/8018,New Item
living,회전책장,"189,000",01.15 ~ 01.17,https://www.wishbunny.me/drop/8017,New Item
living,리틀벤 시계,"68,000",01.12 ~ 01.05,https://www.wishbunny.me/drop/8015,New Item
living,리라그로브 외,N/A,01.05 ~ 01.14,https://www.wishbunny.me/drop/8014,New Item
living,am 실리콘 투컬러 조리도구,"3,900",01.28 ~ 01.30,https://www.wishbunny.me/drop/8013,New Item
living,유로룩스 뉴 베에쿡 316ti 무연마 냄비,"68,000",01.21 ~ 01.23,https://www.wishbunny.me/drop/8012,New Item
living,쿠진아트 스팀 에어프라이어 오븐,"449,000",01.13 ~ 01.15,https://www.wishbunny.me/drop/8010,New Item
living,[투찬이네 X 햄튼] 투찬이네 PICK ! 햄튼 아이젠 시리즈,"146,000",01.07 ~ 01.09,https://www.wishbunny.me/drop/8007,New Item
living,라떼일 텀블러,N/A,01.01 ~ 01.02,https://www.wishbunny.me/drop/8005,New Item
living,수저세트,"10,800",01.19 ~ 01.19,https://www.wishbunny.me/drop/7992,New Item
living,쿡웨어 8차,N/A,01.12 ~ 01.12,https://www.wishbunny.me/drop/7991,New Item
living,칫솔살균기 4차,"29,500",01.09 ~ 01.10,https://www.wishbunny.me/drop/7990,New Item
living,생리대 2차,"9,600",01.20 ~ 01.23,https://www.wishbunny.me/drop/7988,New Item
living,니트 셋업,"269,000",01.12 ~ 01.14,https://www.wishbunny.me/drop/7986,New Item
living,와아릴리프 캡슐세제,N/A,01.02 ~ 01.02,https://www.wishbunny.me/drop/7979,New Item
living,탑타워 러닝타워,"109,000",01.15 ~ 01.16,https://www.wishbunny.me/drop/7960,New Item
living,퓨어폼 손소독제,N/A,01.04 ~ 01.04,https://www.wishbunny.me/drop/7953,New Item
living,베베코지 휴대용침대,"84,600",01.26 ~ 01.28,https://www.wishbunny.me/drop/7951,New Item
living,후르츠팟 & 스윗컬렉션 타월 기프트세트,N/A,01.29 ~ 01.31,https://www.wishbunny.me/drop/7945,New Item
living,다이어리 폰케이스,"23,500",01.23 ~ 01.31,https://www.wishbunny.me/drop/7943,New Item
living,지퍼백 2차,N/A,01.19 ~ 01.30,https://www.wishbunny.me/drop/7941,New Item
living,코코밤,"9,900",01.15 ~ 01.18,https://www.wishbunny.me/drop/7940,New Item
living,보드리방수패드 2차,"29,900",01.08 ~ 01.10,https://www.wishbunny.me/drop/7937,New Item
living,나리몽 이유식포트,"89,000",01.14 ~ 01.16,https://www.wishbunny.me/drop/7930,New Item
living,하나코 도마,N/A,01.21 ~ 01.23,https://www.wishbunny.me/drop/7921,New Item
living,티리난지 프라이팬,"72,000",01.20 ~ 01.22,https://www.wishbunny.me/drop/7881,New Item
living,탁가온 에코젠 유아식기,"7,800",01.26 ~ 01.30,https://www.wishbunny.me/drop/7875,New Item
living,쉐프윈 스마트 쿠커 외,"57,900",01.14 ~ 01.18,https://www.wishbunny.me/drop/7874,New Item
living,HOO 모던하이체어,"99,000",01.07 ~ 01.09,https://www.wishbunny.me/drop/7855,New Item
living,코에르 욕실화 & 규조토,"18,900",01.08 ~ 01.11,https://www.wishbunny.me/drop/7822,New Item
living,버틀러 물티슈,"52,800",01.05 ~ 01.08,https://www.wishbunny.me/drop/7821,New Item
living,꼬메모이 모이듀 회전책장,N/A,01.29 ~ 02.01,https://www.wishbunny.me/drop/7818,New Item
living,코알라밤,N/A,01.12 ~ 01.14,https://www.wishbunny.me/drop/7802,New Item
living,노리터보드,"162,900",01.09 ~ 01.11,https://www.wishbunny.me/drop/7801,New Item
living,스토조 텀블러,"18,480",01.15 ~ 01.18,https://www.wishbunny.me/drop/7790,New Item
living,슐터,"49,800",01.12 ~ 01.15,https://www.wishbunny.me/drop/7786,New Item
living,엠리빙,"29,900",01.12 ~ 01.15,https://www.wishbunny.me/drop/7779,New Item
living,제니튼 가글,N/A,01.05 ~ 01.08,https://www.wishbunny.me/drop/7777,New Item
living,필리빗 그릇세트,"491,400",01.27 ~ 02.02,https://www.wishbunny.me/drop/7776,New Item
living,amt 316Ti 통5중 스텐 베스트 모음전,"89,000",01.14 ~ 01.18,https://www.wishbunny.me/drop/7775,New Item
living,트리쳐도마 2차,"168,000",01.12 ~ 01.18,https://www.wishbunny.me/drop/7774,New Item
living,[ 햇살테이블 X 햄튼 ] 햇살테이블 PICK!! 햄튼 아이젠 무쇠 가마솥 세트 O/P/E/N !!,"134,000",01.06 ~ 01.11,https://www.wishbunny.me/drop/7773,New Item
living,코렐 압력밥솥,N/A,01.01 ~ 01.04,https://www.wishbunny.me/drop/7772,New Item
living,웜리 물티슈,"19,900",01.12 ~ 01.14,https://www.wishbunny.me/drop/7738,New Item
living,머픽 촉각매트,"77,400",01.05 ~ 01.07,https://www.wishbunny.me/drop/7737,New Item
living,에코폼 매트,"51,840",01.15 ~ 01.17,https://www.wishbunny.me/drop/7708,New Item
living,비오맘,"67,000",01.05 ~ 01.07,https://www.wishbunny.me/drop/7703,New Item
living,노르잇 자동연필깎이,"31,900",01.19 ~ 01.21,https://www.wishbunny.me/drop/7697,New Item
living,주니물컵 모음전,"21,000",01.12 ~ 01.14,https://www.wishbunny.me/drop/7694,New Item
living,소중한습관 모음전,"24,800",01.08 ~ 01.11,https://www.wishbunny.me/drop/7693,New Item
living,리템정리템,"34,800",01.29 ~ 01.31,https://www.wishbunny.me/drop/7688,New Item
living,"이사벨라 커튼, 블라인드","103,200",01.15 ~ 01.17,https://www.wishbunny.me/drop/7684,New Item
living,하로월드_헨리침대,"990,000",01.08 ~ 01.10,https://www.wishbunny.me/drop/7682,New Item
living,(2차) 베베리얼 방수라이너,"44,000",01.29 ~ 01.31,https://www.wishbunny.me/drop/7680,New Item
living,스토조 접이식 텀블러,N/A,01.22 ~ 01.24,https://www.wishbunny.me/drop/7678,New Item
living,[서누서나네X러빗] 하트 식기 시리즈,"21,000",01.19 ~ 01.21,https://www.wishbunny.me/drop/7677,New Item
living,뉴코코맘 수플레 트롤리,"79,900",01.12 ~ 01.14,https://www.wishbunny.me/drop/7674,New Item
living,주니컵,"24,000",01.05 ~ 01.05,https://www.wishbunny.me/drop/7672,New Item
living,아오라 장난감 정리함,N/A,01.02 ~ 01.04,https://www.wishbunny.me/drop/7671,New Item
living,NEW 구름이불,N/A,01.12 ~ 01.14,https://www.wishbunny.me/drop/7666,New Item
living,알집아기 쇼파의자 2차,"85,000",01.30 ~ 02.01,https://www.wishbunny.me/drop/7663,New Item
living,아이누오 두상베개 4차,"47,900",01.29 ~ 01.31,https://www.wishbunny.me/drop/7662,New Item
living,브라운 물티슈 2차,"17,900",01.26 ~ 01.28,https://www.wishbunny.me/drop/7659,New Item
living,러빗 이유식기 도구,"21,000",01.14 ~ 01.16,https://www.wishbunny.me/drop/7649,New Item
living,심플룸 아기 행거 2종,"57,600",01.09 ~ 01.11,https://www.wishbunny.me/drop/7645,New Item
living,버들 젖병세척기,"298,000",01.08 ~ 01.10,https://www.wishbunny.me/drop/7643,New Item
living,프랭클린 세탁세제&주방세제 모음전,"19,900",01.07 ~ 01.09,https://www.wishbunny.me/drop/7642,New Item
living,제나쏘잉 준비물 파우치 *최초&단독공구*,N/A,01.05 ~ 01.07,https://www.wishbunny.me/drop/7640,New Item
living,데일리맘 밤부 고리수건,N/A,01.02 ~ 01.04,https://www.wishbunny.me/drop/7638,New Item
living,실리콘 쭙 약병 2차,N/A,01.02 ~ 01.04,https://www.wishbunny.me/drop/7637,New Item
living,네바 커트러리,N/A,01.15 ~ 01.17,https://www.wishbunny.me/drop/7635,New Item
living,바스 탈취제,"15,800",01.12 ~ 01.14,https://www.wishbunny.me/drop/7613,New Item
living,자동회전롤팬 아이지글,"89,900",12.31 ~ 02.28,https://www.wishbunny.me/drop/7588,New Item
living,아이스 푸드 블럭 세트,"11,200",01.02 ~ 01.05,https://www.wishbunny.me/drop/7581,New Item
living,빠이염 이염방지 세탁안심티슈,"32,700",01.02 ~ 01.05,https://www.wishbunny.me/drop/7579,New Item
living,티비보호기,"112,700",01.15 ~ 01.18,https://www.wishbunny.me/drop/7577,New Item
living,루엔 회전책장,N/A,01.13 ~ 01.16,https://www.wishbunny.me/drop/7566,New Item
living,멜포니 뱀부타올,"22,900",12.29 ~ 01.02,https://www.wishbunny.me/drop/7552,New Item
living,존앤질스 프로폴리스 마누카,"99,800",01.19 ~ 01.21,https://www.wishbunny.me/drop/7519,New Item
living,고트만 트라이탄 밀폐용기,"140,250",01.20 ~ 01.22,https://www.wishbunny.me/drop/7510,New Item
living,쉐프원 드림핸즈 + 파티웍,N/A,01.10 ~ 01.16,https://www.wishbunny.me/drop/7509,New Item
living,래디어스 칫솔 2차,"66,405",01.26 ~ 01.28,https://www.wishbunny.me/drop/7495,New Item
living,아이누오 두상베개,"47,900",01.24 ~ 01.26,https://www.wishbunny.me/drop/7494,New Item
living,산들맘 픽 낮잠이불,"124,000",01.23 ~ 01.25,https://www.wishbunny.me/drop/7493,New Item
living,프롬유 샤워핸들 산들맘 단독 혜택 3차,"39,800",01.21 ~ 01.23,https://www.wishbunny.me/drop/7492,New Item
living,심플룸 슈벤치 신발장 의자,"42,900",01.12 ~ 01.15,https://www.wishbunny.me/drop/7488,New Item
living,엄마랑 아기랑 소독제 2차,N/A,01.09 ~ 01.11,https://www.wishbunny.me/drop/7487,New Item
living,소미에르 말총베개,"359,100",01.26 ~ 01.28,https://www.wishbunny.me/drop/7481,New Item
living,"NEW 유아 파자마, 베딩","122,400",01.08 ~ 01.10,https://www.wishbunny.me/drop/7476,New Item
living,롤스보일 엑스칼리버 코팅팬,"52,700",01.02 ~ 01.06,https://www.wishbunny.me/drop/7457,New Item
living,아르코스 칼 & 커트러리 & 도마,"35,000",01.02 ~ 01.06,https://www.wishbunny.me/drop/7456,New Item
living,3차) 자동연필깎이/ 지우개청소기,"32,900",01.30 ~ 02.01,https://www.wishbunny.me/drop/7455,New Item
living,1차) 토리 다목적 세정제,"29,500",01.16 ~ 01.21,https://www.wishbunny.me/drop/7448,New Item
living,베베누보 낮잠이불,"124,000",01.29 ~ 02.02,https://www.wishbunny.me/drop/7441,New Item
living,터블 2차,"21,900",01.20 ~ 01.23,https://www.wishbunny.me/drop/7437,New Item
living,일루와 아기텐트,"46,900",01.14 ~ 01.17,https://www.wishbunny.me/drop/7435,New Item
living,츄아맘 제작! 2차 위즈 플레이 테이블,N/A,01.28 ~ 01.30,https://www.wishbunny.me/drop/7429,New Item
living,일루와 텐트,"46,900",01.20 ~ 01.23,https://www.wishbunny.me/drop/7424,New Item
living,페블 세탁세제,N/A,01.14 ~ 01.17,https://www.wishbunny.me/drop/7420,New Item
living,셀프시공매트 2차,"21,600",01.12 ~ 01.18,https://www.wishbunny.me/drop/7419,New Item
living,엄마랑 아기랑 소독제,N/A,01.06 ~ 01.08,https://www.wishbunny.me/drop/7416,New Item
living,카본매트,"148,000",01.22 ~ 01.25,https://www.wishbunny.me/drop/7410,New Item
living,데코아르 멜로우 비비드 휴대용 믹서 텀블러 (본품+빨대),"19,900",01.08 ~ 01.11,https://www.wishbunny.me/drop/7390,New Item
living,보바 보조배터리,"24,900",01.05 ~ 01.07,https://www.wishbunny.me/drop/7388,New Item
living,"클로브덴 치약, 칫솔, 가글, 스프레이/ 키즈치약, 구강유산균","41,000",01.29 ~ 02.04,https://www.wishbunny.me/drop/7387,New Item
living,카이 프리미엄 주방칼,"249,000",01.26 ~ 02.01,https://www.wishbunny.me/drop/7386,New Item
living,광주요,"45,000",01.19 ~ 01.25,https://www.wishbunny.me/drop/7383,New Item
living,"글로썸 향균, 샬균 , 탈취 에어클리너","12,100",01.16 ~ 01.21,https://www.wishbunny.me/drop/7382,New Item
living,"워터팜 샤워기 필터, 슬로운 샤워호스","45,900",01.02 ~ 01.11,https://www.wishbunny.me/drop/7377,New Item
living,와우컵,"15,900",01.20 ~ 01.23,https://www.wishbunny.me/drop/7372,New Item
living,클린디 칫솔살균기,N/A,01.12 ~ 01.15,https://www.wishbunny.me/drop/7366,New Item
living,도아맘 2차 × 스탠다드엔 미니 클리너,N/A,01.08 ~ 01.11,https://www.wishbunny.me/drop/7361,New Item
living,소중한 습관 2차,"14,900",01.05 ~ 01.08,https://www.wishbunny.me/drop/7359,New Item
living,마크라이트 네임스티커,"21,500",01.01 ~ 01.04,https://www.wishbunny.me/drop/7358,New Item
living,UV & 의류 네임스티커 올인원 세트,"21,500",01.30 ~ 02.01,https://www.wishbunny.me/drop/7357,New Item
living,미니자석큐브,"18,000",01.26 ~ 01.28,https://www.wishbunny.me/drop/7355,New Item
living,닥터노아 칫솔,"18,280",01.22 ~ 01.25,https://www.wishbunny.me/drop/7354,New Item
living,냉장고 자석보드,"11,700",01.08 ~ 01.11,https://www.wishbunny.me/drop/7350,New Item
living,주니텀블러,"21,000",01.01 ~ 01.04,https://www.wishbunny.me/drop/7348,New Item
living,다마스커스 칼 세트 & VG10 가위 3종,"58,000",01.28 ~ 01.30,https://www.wishbunny.me/drop/7332,New Item
living,우드 압축 도마 & 조리툴,"17,000",01.21 ~ 01.25,https://www.wishbunny.me/drop/7331,New Item
living,에어컷 탈취제 & 편백 스프레이,"24,500",01.14 ~ 01.18,https://www.wishbunny.me/drop/7330,New Item
living,김그릇 & 가리비 접시,N/A,01.07 ~ 01.11,https://www.wishbunny.me/drop/7329,New Item
living,에코업 음식물 처리기,"1,250,000",01.21 ~ 01.23,https://www.wishbunny.me/drop/7302,New Item
living,심플룸 교구장,"46,500",01.15 ~ 01.17,https://www.wishbunny.me/drop/7299,New Item
living,아티잔 싱크볼,N/A,01.05 ~ 01.07,https://www.wishbunny.me/drop/7291,New Item
living,블룸 세척솔,N/A,01.02 ~ 01.05,https://www.wishbunny.me/drop/7289,New Item
living,Hoo 의자,"58,000",01.20 ~ 01.23,https://www.wishbunny.me/drop/7276,New Item
living,뉴코코맘 행거 & 옷걸이,"39,900",01.23 ~ 01.26,https://www.wishbunny.me/drop/7266,New Item
living,아가드 목욕 용품 모음,"39,500",01.12 ~ 01.15,https://www.wishbunny.me/drop/7258,New Item
living,뉴코코맘 장난감 정리함,"4,900",01.09 ~ 01.12,https://www.wishbunny.me/drop/7256,New Item
living,워시테라피 캡슐세제(100개입),"8,900",01.25 ~ 01.28,https://www.wishbunny.me/drop/7218,New Item
living,책상정리템 (리템/시스맥스),N/A,02.08 ~ 02.15,https://www.wishbunny.me/drop/7213,New Item
living,빠이염 세탁안심티슈,"32,700",01.18 ~ 01.18,https://www.wishbunny.me/drop/7211,New Item
living,스팀다리미,"65,900",12.29 ~ 12.31,https://www.wishbunny.me/drop/7182,New Item
living,아클리브 향균필름,"46,500",01.26 ~ 01.30,https://www.wishbunny.me/drop/7177,New Item
living,멜포니 뱀부타월 100% 16종 디자인,"22,900",01.14 ~ 01.17,https://www.wishbunny.me/drop/7174,New Item
living,침구청소기,"89,000",01.12 ~ 01.15,https://www.wishbunny.me/drop/7173,New Item
living,호텔인홈 더트래블 핫팩,"19,440",01.22 ~ 01.25,https://www.wishbunny.me/drop/7146,New Item
living,슈가파우더 샤워타월 6P× 2팩 세트 (부드러운 스크럽),"25,900",12.29 ~ 12.31,https://www.wishbunny.me/drop/7097,New Item
living,웜스마일핫팩,N/A,12.24 ~ 12.27,https://www.wishbunny.me/drop/7096,New Item
living,우주빔,"63,900",12.29 ~ 01.01,https://www.wishbunny.me/drop/7094,New Item
living,클릭탭 멀티콘센트,"42,000",01.19 ~ 01.23,https://www.wishbunny.me/drop/7086,New Item
living,스티커 콘센트 소화기 패치,"21,000",01.19 ~ 01.23,https://www.wishbunny.me/drop/7083,New Item
living,매직필,"41,900",01.12 ~ 01.15,https://www.wishbunny.me/drop/7069,New Item
living,"필웰 전면책장, 교구장","49,900",01.12 ~ 01.15,https://www.wishbunny.me/drop/7068,New Item
living,롤팬,"94,000",01.02 ~ 01.11,https://www.wishbunny.me/drop/7062,New Item
living,그립샷 스팀청소기,"109,000",01.01 ~ 01.04,https://www.wishbunny.me/drop/7061,New Item
living,유누옷장×코즈코즈 두부토퍼/두부베개,"39,800",01.13 ~ 01.19,https://www.wishbunny.me/drop/7032,New Item
living,니모 카트리나 2 in 1 필터샤워기 고압세척건,"48,200",12.26 ~ 12.29,https://www.wishbunny.me/drop/7021,New Item
living,메디로 롤러마사지기,"119,000",01.19 ~ 01.21,https://www.wishbunny.me/drop/7018,New Item
living,보풀제거기 2차,"28,900",01.26 ~ 01.28,https://www.wishbunny.me/drop/6977,New Item
living,롤팬,"94,000",01.19 ~ 01.26,https://www.wishbunny.me/drop/6976,New Item
living,타월톡톡 국내생산수건 시크라인수건&무지호텔수건,"39,900",02.01 ~ 02.06,https://www.wishbunny.me/drop/6959,New Item
living,비트리 냉동용기 냉장용기,"31,900",01.11 ~ 01.15,https://www.wishbunny.me/drop/6952,New Item
living,자동회전 롤팬,"94,000",02.23 ~ 03.02,https://www.wishbunny.me/drop/6937,New Item
living,롤키친지퍼백,"19,800",01.03 ~ 01.12,https://www.wishbunny.me/drop/6929,New Item
living,빠이염,"32,700",12.22 ~ 12.28,https://www.wishbunny.me/drop/6917,New Item
living,터블 발포 세정제,"21,900",12.26 ~ 12.29,https://www.wishbunny.me/drop/6908,New Item
living,국내생산수건 크리스마스에디션수건 190g 홀리데이수건 200g 10장,"39,900",12.19 ~ 12.23,https://www.wishbunny.me/drop/6871,New Item
living,국내생산수건 시크라인수건 190g 호텔수건 200g 10장,"39,900",12.19 ~ 12.23,https://www.wishbunny.me/drop/6870,New Item
living,동구밭 퍼퓸바 3종 디퓨저 셀러브레이트오브제 윈터빌리지 포레스트빌리지,"24,000",12.18 ~ 12.22,https://www.wishbunny.me/drop/6869,New Item
living,태주산업 붙이는소화기 스티커소화기 클릭탭,"16,900",12.12 ~ 12.17,https://www.wishbunny.me/drop/6865,New Item
living,터블 발포세정제,N/A,12.17 ~ 12.21,https://www.wishbunny.me/drop/6852,New Item
living,해열시트밴드,"5,900",12.18 ~ 12.20,https://www.wishbunny.me/drop/6845,New Item
living,모드 클리너,"27,000",12.23 ~ 01.01,https://www.wishbunny.me/drop/6825,New Item
living,핫팩,N/A,12.12 ~ 12.15,https://www.wishbunny.me/drop/6794,New Item
living,닥터노아 칫솔치약,"18,870",12.25 ~ 12.28,https://www.wishbunny.me/drop/6780,New Item
living,르크루제 기획전,"168,300",12.12 ~ 01.01,https://www.wishbunny.me/drop/6774,New Item
living,프리파라 밀폐용기,"149,900",12.09 ~ 01.01,https://www.wishbunny.me/drop/6773,New Item
living,플레이조이 정리함,"19,800",12.29 ~ 01.01,https://www.wishbunny.me/drop/6772,New Item
living,플로레떼 캡슐세제,"28,900",12.29 ~ 01.02,https://www.wishbunny.me/drop/6757,New Item
living,디즈니 붙이는 핫팩,N/A,12.17 ~ 01.01,https://www.wishbunny.me/drop/6752,New Item
living,폴쿠치나 실리콘 소분용기,"11,200",12.18 ~ 12.21,https://www.wishbunny.me/drop/6732,New Item
living,매트 싹싹 클리너,"21,900",12.17 ~ 12.20,https://www.wishbunny.me/drop/6731,New Item
living,닥터노아 칫솔,"18,280",12.12 ~ 12.14,https://www.wishbunny.me/drop/6715,New Item
living,모멘티 시계,N/A,12.12 ~ 12.14,https://www.wishbunny.me/drop/6701,New Item
living,포르티 휴지통,"39,900",12.10 ~ 12.14,https://www.wishbunny.me/drop/6697,New Item
living,클라 캡슐세제,"38,500",12.16 ~ 12.31,https://www.wishbunny.me/drop/6686,New Item
living,수퍼 이뮨 젤리,"4,700",12.08 ~ 12.31,https://www.wishbunny.me/drop/6677,New Item
living,바스 탈취제,"10,900",12.07 ~ 12.24,https://www.wishbunny.me/drop/6671,New Item
living,해누리 텐셀면 모달 차렵이불&키즈이불,"79,000",12.08 ~ 12.11,https://www.wishbunny.me/drop/6655,New Item
living,가연맘X올챌린지 4겹 두루마리 휴지&휴대용 포켓 물티슈,"9,800",12.12 ~ 12.16,https://www.wishbunny.me/drop/6627,New Item
living,가연맘X어뜌 콩딱쿠션&자석 잠금 장치,"15,300",12.05 ~ 12.07,https://www.wishbunny.me/drop/6626,New Item
living,가연맘X플러스에어 바디드라이기2,"129,000",12.01 ~ 12.02,https://www.wishbunny.me/drop/6625,New Item
living,클라 마스크,N/A,12.02 ~ 12.07,https://www.wishbunny.me/drop/6621,New Item
living,스팀라떼 PRO,"449,000",12.22 ~ 12.28,https://www.wishbunny.me/drop/6616,New Item
living,스크럽대디,"38,900",12.11 ~ 12.17,https://www.wishbunny.me/drop/6613,New Item
living,트리워터볼,"24,900",12.04 ~ 12.07,https://www.wishbunny.me/drop/6602,New Item
living,플레이조이 스토리지박스,N/A,12.01 ~ 12.04,https://www.wishbunny.me/drop/6575,New Item
living,스텐컵 폴리머컵,"9,500",12.29 ~ 01.02,https://www.wishbunny.me/drop/6574,New Item
living,프랭클린,"8,900",12.08 ~ 12.10,https://www.wishbunny.me/drop/6569,New Item
living,터블,"21,900",12.12 ~ 12.14,https://www.wishbunny.me/drop/6542,New Item
living,소중한 습관,"59,900",12.01 ~ 12.10,https://www.wishbunny.me/drop/6534,New Item
living,엄마랑 아기랑 소독제,N/A,12.26 ~ 12.29,https://www.wishbunny.me/drop/6510,New Item
living,닥터노아 칫솔,"18,870",12.15 ~ 12.17,https://www.wishbunny.me/drop/6506,New Item
living,주니 와우컵& 빨대컵,"21,000",12.05 ~ 12.07,https://www.wishbunny.me/drop/6502,New Item
living,장난감정리함,"12,000",12.17 ~ 12.20,https://www.wishbunny.me/drop/6489,New Item
living,글로썸 탈취제,N/A,12.03 ~ 12.10,https://www.wishbunny.me/drop/6476,New Item
living,엄마랑 아기랑 소독제,N/A,12.18 ~ 12.21,https://www.wishbunny.me/drop/6465,New Item
living,뉴코코맘 트롤리,"79,900",12.22 ~ 12.22,https://www.wishbunny.me/drop/6461,New Item
living,소중한습관,"59,900",12.19 ~ 12.22,https://www.wishbunny.me/drop/6458,New Item
living,디어커스 물막이,"22,900",12.09 ~ 12.11,https://www.wishbunny.me/drop/6435,New Item
living,라비베베 스크린 안전문,"48,900",12.15 ~ 12.17,https://www.wishbunny.me/drop/6422,New Item
living,라비킷 세제 기획전,"11,500",12.11 ~ 12.14,https://www.wishbunny.me/drop/6420,New Item
living,닥터노아,"21,500",12.05 ~ 12.14,https://www.wishbunny.me/drop/6396,New Item
living,디어커스 대나무휴지,"19,800",12.16 ~ 12.20,https://www.wishbunny.me/drop/6387,New Item
living,프랭클린 주방세제,"16,900",12.10 ~ 12.14,https://www.wishbunny.me/drop/6386,New Item
living,실리만 멀티 냄비 세트,"69,000",12.15 ~ 12.21,https://www.wishbunny.me/drop/6384,New Item
living,품절대란 텀블러,N/A,12.18 ~ 12.21,https://www.wishbunny.me/drop/6382,New Item
living,틈새공략! 신박한 밀대!,"11,800",12.01 ~ 12.02,https://www.wishbunny.me/drop/6379,New Item
living,AM 칵테일 텀블러,"16,900",12.17 ~ 12.21,https://www.wishbunny.me/drop/6378,New Item
living,인생 세제 런드리에그,"43,200",12.10 ~ 12.17,https://www.wishbunny.me/drop/6377,New Item
living,"퀄리티 좋은 3,000원대 호텔 수건",N/A,12.03 ~ 12.07,https://www.wishbunny.me/drop/6376,New Item
living,디어커스 대나무 화장지 모음전,"19,800",12.01 ~ 12.05,https://www.wishbunny.me/drop/6375,New Item
living,스텐 빨래 바구니,"139,000",12.10 ~ 12.14,https://www.wishbunny.me/drop/6374,New Item
living,쉐프원,"429,000",12.16 ~ 12.20,https://www.wishbunny.me/drop/6372,New Item
living,바스 탈취제,N/A,12.02 ~ 12.07,https://www.wishbunny.me/drop/6370,New Item
living,포렌 침구,"158,000",12.22 ~ 12.28,https://www.wishbunny.me/drop/6369,New Item
living,AM 텀블러,N/A,12.15 ~ 12.21,https://www.wishbunny.me/drop/6367,New Item
living,케틀세프팟,"11,800",12.01 ~ 12.04,https://www.wishbunny.me/drop/6363,New Item
living,"보이러 전기요, 전기담요","59,900",12.08 ~ 12.12,https://www.wishbunny.me/drop/6361,New Item
living,포렌 이불,"158,000",12.16 ~ 12.19,https://www.wishbunny.me/drop/6358,New Item
living,브랜든 블랙프라이데이,"71,000",12.08 ~ 12.12,https://www.wishbunny.me/drop/6357,New Item
living,모달이불,"156,000",12.03 ~ 12.14,https://www.wishbunny.me/drop/6347,New Item
living,[CLA X 부끄] 클라 라이프케어 캡슐세제 생활용품,"38,500",01.08 ~ 01.11,https://www.wishbunny.me/drop/6344,New Item
living,클린디,"29,500",12.18 ~ 12.21,https://www.wishbunny.me/drop/6342,New Item
living,워머,"76,000",12.14 ~ 12.17,https://www.wishbunny.me/drop/6340,New Item
living,배터리,"18,500",12.16 ~ 12.23,https://www.wishbunny.me/drop/6339,New Item
living,오이코스 앞치마세트 크리스마스 에디션,"25,900",12.05 ~ 12.10,https://www.wishbunny.me/drop/6336,New Item
living,셀룰라,"219,000",12.04 ~ 12.07,https://www.wishbunny.me/drop/6335,New Item
living,쾌존 음식물 처리기,"1,280,000",12.01 ~ 12.05,https://www.wishbunny.me/drop/6332,New Item
living,핫팩,"6,500",12.04 ~ 12.07,https://www.wishbunny.me/drop/6327,New Item
living,워시테라피 세탁세제,N/A,12.08 ~ 12.10,https://www.wishbunny.me/drop/6320,New Item
living,스르륵 가구패드,"9,900",12.08 ~ 12.11,https://www.wishbunny.me/drop/6315,New Item
living,프레이포잇 세탁폼,"12,900",12.15 ~ 12.17,https://www.wishbunny.me/drop/6311,New Item
living,놋향 유기그릇 & 수저,"21,900",12.01 ~ 12.05,https://www.wishbunny.me/drop/6304,New Item
living,쏘송스 전동 스퀴지,"69,800",12.22 ~ 01.01,https://www.wishbunny.me/drop/6303,New Item
living,바스 탈취제,"15,800",12.17 ~ 12.19,https://www.wishbunny.me/drop/6302,New Item
living,AMT 기획전,N/A,12.15 ~ 12.17,https://www.wishbunny.me/drop/6301,New Item
living,멀티폼 세정제,"108,000",12.04 ~ 12.07,https://www.wishbunny.me/drop/6298,New Item
living,유즈베러띵 푸쉬앤 슬라이스,N/A,12.02 ~ 12.04,https://www.wishbunny.me/drop/6293,New Item
living,라카루트 독일 고불소 치약,"44,500",12.01 ~ 12.10,https://www.wishbunny.me/drop/6283,New Item
living,하이하트 링크팝 + 수납함,"23,800",12.15 ~ 12.18,https://www.wishbunny.me/drop/6270,New Item
living,부엉이 클릭탭 + 스티커 소화기,N/A,12.01 ~ 12.04,https://www.wishbunny.me/drop/6269,New Item
living,소증한습관,"14,900",12.08 ~ 12.12,https://www.wishbunny.me/drop/6248,New Item
living,플레이조이 칸칸이 보관함,N/A,12.22 ~ 01.01,https://www.wishbunny.me/drop/6239,New Item
living,주니 실리콘 미니 텀블러,N/A,12.05 ~ 12.07,https://www.wishbunny.me/drop/6232,New Item
living,소중한 습관,"18,900",12.01 ~ 12.10,https://www.wishbunny.me/drop/6227,New Item
living,프리미엄 테이블웨어 지노리,"113,600",12.15 ~ 12.17,https://www.wishbunny.me/drop/6223,New Item
living,터블,N/A,12.29 ~ 12.31,https://www.wishbunny.me/drop/6208,New Item
living,롤팬,"89,900",12.26 ~ 12.31,https://www.wishbunny.me/drop/6207,New Item
living,주니 입모아컵 & 2 IN 1 텀블러,"24,000",12.29 ~ 01.02,https://www.wishbunny.me/drop/6195,New Item
living,스마일 핫팩,N/A,12.24 ~ 01.01,https://www.wishbunny.me/drop/6193,New Item
living,"퍼기 모음전 (식판,찜기,조리도구,이유식기보관함)","32,900",12.18 ~ 12.21,https://www.wishbunny.me/drop/6161,New Item
living,아이바큠 진공용기,N/A,12.11 ~ 12.14,https://www.wishbunny.me/drop/6158,New Item
living,창신리빙 스카이락,N/A,12.11 ~ 12.10,https://www.wishbunny.me/drop/6157,New Item
living,"에디슨 모음전 ( 큐브,흡착볼,식판 )",N/A,12.05 ~ 12.07,https://www.wishbunny.me/drop/6154,New Item
living,AM 텀블러,"16,900",12.02 ~ 12.10,https://www.wishbunny.me/drop/6144,New Item
living,마마포레스트,"45,900",01.28 ~ 01.30,https://www.wishbunny.me/drop/6143,New Item
living,오르페아,"35,900",12.09 ~ 12.14,https://www.wishbunny.me/drop/6140,New Item
living,이너시아 생리대,N/A,12.05 ~ 12.07,https://www.wishbunny.me/drop/6139,New Item
living,쿠퍼 오벌(타원) 냄비,"321,900",12.09 ~ 12.12,https://www.wishbunny.me/drop/6137,New Item
living,브랜드A 청소포,N/A,12.29 ~ 01.04,https://www.wishbunny.me/drop/6135,New Item
living,KOYU 홈웨어,"83,000",12.18 ~ 12.24,https://www.wishbunny.me/drop/6133,New Item
living,르앤미 테이블 매트,N/A,12.10 ~ 12.14,https://www.wishbunny.me/drop/6130,New Item
living,바이라 샴푸,N/A,12.01 ~ 12.07,https://www.wishbunny.me/drop/6128,New Item
living,프라우허 케틀앤보틀 주전자,"79,000",12.16 ~ 12.18,https://www.wishbunny.me/drop/6127,New Item
living,"한나 생리팬디, 팥찜질팩","45,900",12.09 ~ 12.11,https://www.wishbunny.me/drop/6126,New Item
living,플레인팟 세탁& 주방세제,"111,900",12.09 ~ 12.12,https://www.wishbunny.me/drop/6125,New Item
living,노브레이너 비욘드 페이퍼,N/A,12.02 ~ 12.05,https://www.wishbunny.me/drop/6124,New Item
living,"켈렌 디퓨저, 사쉐","30,400",12.01 ~ 12.04,https://www.wishbunny.me/drop/6123,New Item
living,소핀 세탁조 세제,"11,900",01.26 ~ 01.29,https://www.wishbunny.me/drop/6122,New Item
living,모달올인원매트리스커버+모달침구,"152,500",12.11 ~ 12.14,https://www.wishbunny.me/drop/6119,New Item
living,뽀송스 스퀴지,"69,800",12.05 ~ 12.08,https://www.wishbunny.me/drop/6117,New Item
living,퓨리톡스 세정티슈,"12,000",12.01 ~ 12.04,https://www.wishbunny.me/drop/6116,New Item
living,센타스타 사계절 마지막 앵콜,"219,000",12.08 ~ 12.14,https://www.wishbunny.me/drop/6115,New Item
living,알텐바흐 저압 냄비,"179,000",12.24 ~ 12.26,https://www.wishbunny.me/drop/6112,New Item
living,프리미엄 주방세제 프리샤 & 키친클리너,N/A,12.04 ~ 12.11,https://www.wishbunny.me/drop/6109,New Item
living,바스캐디 칫솔거치대 & 칫솔,"16,900",12.16 ~ 12.22,https://www.wishbunny.me/drop/6107,New Item
living,바스 탈취제,N/A,12.11 ~ 12.14,https://www.wishbunny.me/drop/6102,New Item
living,타월톡톡,N/A,12.22 ~ 12.29,https://www.wishbunny.me/drop/6100,New Item
living,이너시아 생리대,"43,900",12.11 ~ 12.14,https://www.wishbunny.me/drop/6095,New Item
living,세탁세제 + 런드리피니셔,"14,400",12.01 ~ 12.02,https://www.wishbunny.me/drop/6094,New Item
living,저압냄비,N/A,12.10 ~ 12.12,https://www.wishbunny.me/drop/6093,New Item
living,만능 물티슈 윗클,N/A,12.01 ~ 12.04,https://www.wishbunny.me/drop/6092,New Item
living,슬로우베드 토퍼 매트리스,"199,000",01.26 ~ 01.31,https://www.wishbunny.me/drop/6091,New Item
living,이지드롭 단독 향 출시,"19,900",12.22 ~ 01.01,https://www.wishbunny.me/drop/6086,New Item
living,송월타월,N/A,12.10 ~ 01.01,https://www.wishbunny.me/drop/6085,New Item
living,리슬립,"45,900",12.04 ~ 12.07,https://www.wishbunny.me/drop/6084,New Item
living,욕실 딥 클리너 세트,"24,900",12.08 ~ 12.10,https://www.wishbunny.me/drop/6080,New Item
living,해리터 테이블 매트,"56,000",12.08 ~ 12.11,https://www.wishbunny.me/drop/6076,New Item
living,휴대용 세라믹 가위&집게,N/A,12.04 ~ 12.07,https://www.wishbunny.me/drop/6067,New Item
living,래디어스 칫솔,"69,900",11.28 ~ 12.02,https://www.wishbunny.me/drop/6052,New Item
living,화장실 미끄럼방지 롤러페인트,"24,900",11.27 ~ 11.30,https://www.wishbunny.me/drop/6044,New Item
living,"루시아이 곰돌이 회전트리, 벽트리","29,900",12.01 ~ 12.04,https://www.wishbunny.me/drop/6014,New Item
living,벤하임 욕실히터,"54,900",11.21 ~ 11.30,https://www.wishbunny.me/drop/6013,New Item
living,바스 탈취제,"10,900",11.21 ~ 11.30,https://www.wishbunny.me/drop/6011,New Item
living,스텐팟 가습기,"299,000",11.25 ~ 11.30,https://www.wishbunny.me/drop/6003,New Item
living,스토조 접이식 도시락,"18,480",12.04 ~ 12.07,https://www.wishbunny.me/drop/5992,New Item
living,스토조 접이식 텀블러,"18,480",12.04 ~ 12.07,https://www.wishbunny.me/drop/5991,New Item
living,자동회전 롤팬 NEW 오리지널,"94,000",11.22 ~ 11.30,https://www.wishbunny.me/drop/5982,New Item
living,롤키친지퍼백 2종,"18,900",12.08 ~ 12.15,https://www.wishbunny.me/drop/5978,New Item
living,독일더마 캡슐세제,"25,900",12.01 ~ 12.07,https://www.wishbunny.me/drop/5976,New Item
living,롤팬 NEW 오리지널 3차,"94,000",12.15 ~ 12.22,https://www.wishbunny.me/drop/5975,New Item
living,튼튼이 이유식&유아식 보관용기 2차,"12,900",12.15 ~ 12.18,https://www.wishbunny.me/drop/5933,New Item
living,브릭글로,"7,300",11.19 ~ 11.22,https://www.wishbunny.me/drop/5916,New Item
living,자체제작 앞치마,N/A,11.11 ~ 11.14,https://www.wishbunny.me/drop/5908,New Item
living,오베 소창수건 & 행주,"37,800",12.19 ~ 12.21,https://www.wishbunny.me/drop/5907,New Item
living,노르웨이숲 탈취제,"28,800",12.09 ~ 12.12,https://www.wishbunny.me/drop/5906,New Item
living,이지탭 밀대걸레,"36,900",11.25 ~ 11.28,https://www.wishbunny.me/drop/5905,New Item
living,하츠 티오람 미니 환풍기,"118,000",11.24 ~ 11.27,https://www.wishbunny.me/drop/5904,New Item
living,닥터피엘 변기 세정제,"51,800",11.17 ~ 11.23,https://www.wishbunny.me/drop/5902,New Item
living,네오플렘 진공 반찬통,"8,900",11.12 ~ 11.17,https://www.wishbunny.me/drop/5901,New Item
living,네이쳐리빙 어깨뿔 방지 옷걸이,"8,900",11.10 ~ 11.13,https://www.wishbunny.me/drop/5900,New Item
living,우디 스텐유유도마 X 아르코네 네오플램도마,"89,000",12.16 ~ 12.21,https://www.wishbunny.me/drop/5899,New Item
living,햄튼,"72,000",12.29 ~ 01.04,https://www.wishbunny.me/drop/5898,New Item
living,루메나 X 무신사 음식물처리기,"299,000",11.17 ~ 11.23,https://www.wishbunny.me/drop/5897,New Item
living,마켓컬리 X 유유댁 기획전,N/A,11.11 ~ 11.15,https://www.wishbunny.me/drop/5896,New Item
living,CJ live 캐나다 리치우드 도마,"435,000",11.25 ~ 11.26,https://www.wishbunny.me/drop/5894,New Item
living,CAMBRO 캠트레이,"85,000",11.14 ~ 11.17,https://www.wishbunny.me/drop/5893,New Item
living,마켓컬리 X 포렌 침구 기획전,"98,000",11.06 ~ 11.12,https://www.wishbunny.me/drop/5892,New Item
living,알텐바흐 디펜더스S,"56,000",11.11 ~ 11.16,https://www.wishbunny.me/drop/5890,New Item
living,페이우,"387,800",11.13 ~ 11.18,https://www.wishbunny.me/drop/5885,New Item
living,"켈렌 디퓨져 , 사쉐","28,020",12.01 ~ 12.04,https://www.wishbunny.me/drop/5882,New Item
living,제작 슬리퍼,N/A,11.24 ~ 11.26,https://www.wishbunny.me/drop/5881,New Item
living,엠부띠끄 논슬립 옷걸이,N/A,11.20 ~ 11.21,https://www.wishbunny.me/drop/5880,New Item
living,신제품 출시 플레종 수납함,"35,500",11.15 ~ 11.19,https://www.wishbunny.me/drop/5879,New Item
living,모달 100수 구름이불 첫 출시,"156,000",11.09 ~ 11.16,https://www.wishbunny.me/drop/5878,New Item
living,그릭케이크 유청 분리기,"28,900",11.26 ~ 12.08,https://www.wishbunny.me/drop/5870,New Item
living,터블,"21,900",11.21 ~ 11.23,https://www.wishbunny.me/drop/5858,New Item
living,퓨어닷 샤워필터기 & 물티슈,"24,900",11.10 ~ 11.12,https://www.wishbunny.me/drop/5855,New Item
living,롤키친 스텐딩 지퍼백,"19,800",11.03 ~ 11.07,https://www.wishbunny.me/drop/5817,New Item
living,소중한 습관 모음전,"24,800",11.27 ~ 11.30,https://www.wishbunny.me/drop/5814,New Item
living,브르카 탈모 예방샴푸 모음전,"22,800",11.25 ~ 11.28,https://www.wishbunny.me/drop/5812,New Item
living,주니컵 모음전,"21,000",11.14 ~ 11.17,https://www.wishbunny.me/drop/5805,New Item
living,탁가온 실리콘 이유식기 모음전,"25,000",11.08 ~ 11.10,https://www.wishbunny.me/drop/5800,New Item
living,엄마랑 아기랑,N/A,11.06 ~ 11.11,https://www.wishbunny.me/drop/5798,New Item
living,푸쉬앤 슬라이스,N/A,11.26 ~ 11.29,https://www.wishbunny.me/drop/5784,New Item
living,주니컵 특집,"21,000",11.20 ~ 11.23,https://www.wishbunny.me/drop/5781,New Item
living,고로고로,"27,900",11.18 ~ 11.22,https://www.wishbunny.me/drop/5779,New Item
living,플레이조이 핫팩 & 방한템,N/A,11.17 ~ 11.20,https://www.wishbunny.me/drop/5777,New Item
living,스토피아 식기건조대,"52,900",11.11 ~ 11.17,https://www.wishbunny.me/drop/5773,New Item
living,핑크스터프 클리너,"34,900",11.06 ~ 11.09,https://www.wishbunny.me/drop/5770,New Item
living,매직캔 애니블리,N/A,11.05 ~ 11.07,https://www.wishbunny.me/drop/5769,New Item
living,코에르 욕실매트,N/A,11.03 ~ 11.09,https://www.wishbunny.me/drop/5767,New Item
living,곡물도자기,"25,000",11.06 ~ 11.09,https://www.wishbunny.me/drop/5758,New Item
living,터블 다목적 세정제,"21,900",11.22 ~ 11.23,https://www.wishbunny.me/drop/5754,New Item
living,글라쎼Z 리뉴얼,N/A,11.26 ~ 11.30,https://www.wishbunny.me/drop/5742,New Item
living,카인드랩 국자,"17,800",11.17 ~ 11.23,https://www.wishbunny.me/drop/5739,New Item
living,샤토에르 수납장,N/A,11.13 ~ 11.18,https://www.wishbunny.me/drop/5738,New Item
living,에디슨 모음전,N/A,11.26 ~ 11.30,https://www.wishbunny.me/drop/5735,New Item
living,홈캠스탠드 거치대,"28,900",11.14 ~ 11.18,https://www.wishbunny.me/drop/5725,New Item
living,소중한습관,"24,800",11.13 ~ 11.16,https://www.wishbunny.me/drop/5724,New Item
living,헬리오스 보온 주전자,N/A,12.02 ~ 12.07,https://www.wishbunny.me/drop/5699,New Item
living,브랜든 최저가 빅세일,"71,000",11.24 ~ 11.30,https://www.wishbunny.me/drop/5698,New Item
living,땡스소윤 블랙프라이데이,"129,900",11.18 ~ 11.23,https://www.wishbunny.me/drop/5697,New Item
living,클라 특집,N/A,11.10 ~ 11.16,https://www.wishbunny.me/drop/5696,New Item
living,밀레식기세척기,N/A,11.10 ~ 11.14,https://www.wishbunny.me/drop/5695,New Item
living,비타크래프트 단독,N/A,11.05 ~ 11.12,https://www.wishbunny.me/drop/5694,New Item
living,은곡도마 향균 통원목 단풍도마/플레이트,"199,000",11.25 ~ 11.27,https://www.wishbunny.me/drop/5692,New Item
living,디어커스 비누소파,"20,900",11.18 ~ 11.20,https://www.wishbunny.me/drop/5691,New Item
living,톤28 비누바 4종,"28,000",11.18 ~ 11.20,https://www.wishbunny.me/drop/5690,New Item
living,프라우허 컵라면 도자기 그릇,N/A,11.11 ~ 11.13,https://www.wishbunny.me/drop/5689,New Item
living,원터치텐트/미니웨건,N/A,11.08 ~ 11.12,https://www.wishbunny.me/drop/5601,New Item
living,호텔 수건 특가!,"34,900",11.06 ~ 11.09,https://www.wishbunny.me/drop/5600,New Item
living,주니스푼포크,"8,900",11.03 ~ 11.06,https://www.wishbunny.me/drop/5598,New Item
living,참바디 보풀제거기,"21,000",11.26 ~ 12.08,https://www.wishbunny.me/drop/5555,New Item
living,알텐바흐 후라이팬,"49,000",11.03 ~ 11.09,https://www.wishbunny.me/drop/5535,New Item
living,페블 캡슐 세제,N/A,11.19 ~ 11.21,https://www.wishbunny.me/drop/5530,New Item
living,BAS 탈취제,"15,800",11.13 ~ 11.18,https://www.wishbunny.me/drop/5528,New Item
living,MCRN 폰 스트랩,N/A,11.04 ~ 11.09,https://www.wishbunny.me/drop/5504,New Item
living,라비베베 안전문,"48,900",11.27 ~ 11.30,https://www.wishbunny.me/drop/5470,New Item
living,포르티 휴지통,"43,900",11.12 ~ 11.15,https://www.wishbunny.me/drop/5456,New Item
living,코에르 발매트,"18,800",11.11 ~ 11.14,https://www.wishbunny.me/drop/5455,New Item
living,천연 해면,"39,900",11.11 ~ 11.16,https://www.wishbunny.me/drop/5454,New Item
living,터블 세제,N/A,11.10 ~ 11.13,https://www.wishbunny.me/drop/5453,New Item
living,런드리에그 2차,"43,200",11.24 ~ 11.28,https://www.wishbunny.me/drop/5445,New Item
living,무아스 자동 디스펜서 신상추가,"29,600",11.26 ~ 11.30,https://www.wishbunny.me/drop/5442,New Item
living,밀레마더스터 & 퓨리톡스,"11,500",11.18 ~ 11.23,https://www.wishbunny.me/drop/5441,New Item
living,미세스롤 테이프클리너,N/A,11.13 ~ 11.16,https://www.wishbunny.me/drop/5440,New Item
living,피퍼스탠다드 세제 3종,N/A,11.06 ~ 11.09,https://www.wishbunny.me/drop/5439,New Item
living,써니 클라우드 모달 침구,"117,000",11.25 ~ 11.30,https://www.wishbunny.me/drop/5438,New Item
living,엔에프락 현대홈쇼핑 기획전,N/A,11.12 ~ 11.16,https://www.wishbunny.me/drop/5437,New Item
living,앙드레 빨래건조대,"79,900",11.04 ~ 11.07,https://www.wishbunny.me/drop/5436,New Item
living,뉴코코맘 뚜껑 트롤리,"69,900",11.26 ~ 11.30,https://www.wishbunny.me/drop/5417,New Item
living,디어커스 오발레,"33,800",12.16 ~ 12.21,https://www.wishbunny.me/drop/5407,New Item
living,장난감 정리함,"12,000",11.03 ~ 11.06,https://www.wishbunny.me/drop/5387,New Item
living,비비엔다 모달 침구류,"69,900",11.13 ~ 11.16,https://www.wishbunny.me/drop/5373,New Item
living,하루 샴푸,"20,300",11.11 ~ 11.12,https://www.wishbunny.me/drop/5372,New Item
living,래디어스 칫솔,"69,657",11.09 ~ 11.12,https://www.wishbunny.me/drop/5371,New Item
living,주니 미니컵 실리콘 버전,"8,900",11.20 ~ 12.01,https://www.wishbunny.me/drop/5366,New Item
living,순식간 클린펜,"18,800",11.11 ~ 11.14,https://www.wishbunny.me/drop/5353,New Item
living,닥터노아 칫솔 지약,"18,280",11.24 ~ 11.27,https://www.wishbunny.me/drop/5325,New Item
living,미니 클리너,N/A,11.06 ~ 11.09,https://www.wishbunny.me/drop/5319,New Item
living,포르티 휴지통,"39,900",11.28 ~ 12.01,https://www.wishbunny.me/drop/5317,New Item
living,탁가온 에코젠,"7,800",11.26 ~ 12.08,https://www.wishbunny.me/drop/5315,New Item
living,주니미니텀블러,"8,900",11.21 ~ 11.24,https://www.wishbunny.me/drop/5313,New Item
living,주니컵 모음전,"21,000",11.07 ~ 11.10,https://www.wishbunny.me/drop/5305,New Item
living,주니 스텐 수저세트,"8,900",11.26 ~ 11.28,https://www.wishbunny.me/drop/5301,New Item
living,미니핫팩,N/A,11.05 ~ 11.08,https://www.wishbunny.me/drop/5293,New Item
living,디어커스 욕실화,"15,900",11.03 ~ 11.06,https://www.wishbunny.me/drop/5292,New Item
living,인텍스 휴대용 침대 (NEW컬러),N/A,11.06 ~ 11.09,https://www.wishbunny.me/drop/5279,New Item
living,온앤오프 버디폰 플레이 이어스 플러스,"56,900",11.10 ~ 11.13,https://www.wishbunny.me/drop/5271,New Item
living,비비무 키즈 마스크,"7,000",11.25 ~ 11.30,https://www.wishbunny.me/drop/5263,New Item
living,플레이조이 트래블백,N/A,11.19 ~ 11.21,https://www.wishbunny.me/drop/5261,New Item
living,CLA 클라 세탁 세제 ( 아기용 & 성인용 ),"25,900",11.18 ~ 11.21,https://www.wishbunny.me/drop/5245,New Item
living,바스 탈취제 & 전제품,"9,900",11.17 ~ 11.19,https://www.wishbunny.me/drop/5244,New Item
living,닥터노아 칫솔 & 치약,"18,280",11.03 ~ 11.06,https://www.wishbunny.me/drop/5235,New Item
living,버티탭 멀티탭,"36,800",11.17 ~ 11.20,https://www.wishbunny.me/drop/5227,New Item
living,주니 이유식 식기,"15,900",11.14 ~ 11.18,https://www.wishbunny.me/drop/5226,New Item
living,노르딕슬립 사게절 침구,"87,000",11.10 ~ 11.12,https://www.wishbunny.me/drop/5223,New Item
living,유아 신발 정리&건조대 (3컬러),N/A,11.13 ~ 11.16,https://www.wishbunny.me/drop/5214,New Item
living,실리콘 트레이닝컵 (150ml/200ml),N/A,11.11 ~ 11.14,https://www.wishbunny.me/drop/5212,New Item
living,튼튼이 이유식&유아식 보관용기,"12,900",11.03 ~ 11.06,https://www.wishbunny.me/drop/5208,New Item
living,네오플렘 베베 이유식 세트,"49,000",11.07 ~ 11.13,https://www.wishbunny.me/drop/5198,New Item
living,프리미엄 세제 붐치키,"36,800",11.06 ~ 11.09,https://www.wishbunny.me/drop/5193,New Item
living,아이바큠 진공용기,N/A,11.17 ~ 11.19,https://www.wishbunny.me/drop/5191,New Item
living,팅벨 sos,"39,800",11.24 ~ 11.26,https://www.wishbunny.me/drop/5185,New Item
living,터블,"21,900",11.17 ~ 11.21,https://www.wishbunny.me/drop/5140,New Item
living,니가드키즈/베베루트 발받침,N/A,11.08 ~ 11.10,https://www.wishbunny.me/drop/5137,New Item
living,탁가온,"7,800",11.22 ~ 12.01,https://www.wishbunny.me/drop/5131,New Item
living,드림팜 조리도구,N/A,11.10 ~ 11.12,https://www.wishbunny.me/drop/5125,New Item
living,차코랩 텀블러,"32,800",11.19 ~ 11.21,https://www.wishbunny.me/drop/5114,New Item
living,원형행거 트롤리,"39,900",11.13 ~ 11.16,https://www.wishbunny.me/drop/5108,New Item
living,아오라 장난감 정리함,"12,000",11.10 ~ 11.13,https://www.wishbunny.me/drop/5086,New Item
living,주니 흡착식판 & 수저포크 세트,"15,900",11.06 ~ 11.09,https://www.wishbunny.me/drop/5085,New Item
living,에디슨 실리콘 트레이닝 컵,N/A,11.03 ~ 11.05,https://www.wishbunny.me/drop/5083,New Item
living,스마일 미니 핫팩 모음,N/A,11.28 ~ 12.01,https://www.wishbunny.me/drop/5081,New Item
living,킨토 텀블러 4종,"27,800",11.27 ~ 11.30,https://www.wishbunny.me/drop/5080,New Item
living,클린디/ 트윈디 칫솔살균기,"29,500",11.26 ~ 12.08,https://www.wishbunny.me/drop/5079,New Item
living,데코아르 멀티탭/케이블/어댑터 외,N/A,11.14 ~ 11.18,https://www.wishbunny.me/drop/5070,New Item
living,잘잘리오 안전 테이프 디스펜서,"6,950",11.10 ~ 11.12,https://www.wishbunny.me/drop/5066,New Item
living,도무스 접이식 폴딩포트,N/A,11.04 ~ 11.07,https://www.wishbunny.me/drop/5062,New Item
living,티비보호기,"84,600",11.07 ~ 11.09,https://www.wishbunny.me/drop/5031,New Item
living,에디슨 식기 모음전,N/A,11.06 ~ 11.09,https://www.wishbunny.me/drop/5030,New Item
living,피토페시아 샴푸 & 트리트먼트 & 두피토닉,"22,000",11.24 ~ 11.26,https://www.wishbunny.me/drop/5026,New Item
living,몽클로스,"231,000",11.24 ~ 11.28,https://www.wishbunny.me/drop/5011,New Item
living,페넬로페 침구,"252,000",11.03 ~ 11.07,https://www.wishbunny.me/drop/5001,New Item
living,세이플리 자연유래 세제,"51,100",11.10 ~ 11.14,https://www.wishbunny.me/drop/4995,New Item
living,라비킷 유아세제,"23,900",11.25 ~ 11.30,https://www.wishbunny.me/drop/4982,New Item
living,코티슈 런칭,"6,200",11.22 ~ 11.26,https://www.wishbunny.me/drop/4980,New Item
living,탁가온 에코젠,"7,800",11.08 ~ 11.09,https://www.wishbunny.me/drop/4968,New Item
living,타월/윗클 클리너,N/A,11.07 ~ 11.09,https://www.wishbunny.me/drop/4967,New Item
living,빨래바구니,"35,000",11.06 ~ 11.09,https://www.wishbunny.me/drop/4966,New Item
living,바스탈취제,"15,800",11.05 ~ 11.09,https://www.wishbunny.me/drop/4965,New Item
living,비트리,"59,800",11.27 ~ 11.30,https://www.wishbunny.me/drop/4944,New Item
living,미니 텀블러 시즌2,"8,900",11.03 ~ 11.06,https://www.wishbunny.me/drop/4927,New Item
living,또띵파우치,"59,400",11.20 ~ 11.23,https://www.wishbunny.me/drop/4911,New Item
living,엄마랑 아기랑 소독제,N/A,11.05 ~ 11.07,https://www.wishbunny.me/drop/4898,New Item
living,탁가온 실리콘 식기,"19,000",11.19 ~ 11.21,https://www.wishbunny.me/drop/4891,New Item
living,원스윗 기저귀 정리함,N/A,11.07 ~ 11.09,https://www.wishbunny.me/drop/4885,New Item
living,햄튼 베이비웍,N/A,11.24 ~ 11.26,https://www.wishbunny.me/drop/4881,New Item
living,브랜든 역대할인,N/A,11.10 ~ 11.12,https://www.wishbunny.me/drop/4863,New Item
living,AZH 샴푸,"79,000",11.05 ~ 11.09,https://www.wishbunny.me/drop/4862,New Item
living,새틴버드,N/A,11.04 ~ 11.07,https://www.wishbunny.me/drop/4861,New Item
living,타니 바이 미네타니,N/A,11.25 ~ 11.22,https://www.wishbunny.me/drop/4846,New Item
living,TRX2 헤어 리바이탈라이징 로션,"75,000",11.11 ~ 11.14,https://www.wishbunny.me/drop/4837,New Item
living,피토페시아 플러스 샴푸 & 트리트먼트,"22,000",11.11 ~ 11.14,https://www.wishbunny.me/drop/4836,New Item
living,이너시아 생리대 & 여성청결제,"41,500",11.04 ~ 11.07,https://www.wishbunny.me/drop/4831,New Item
living,버금 굿럭피쉬,"25,600",11.29 ~ 11.30,https://www.wishbunny.me/drop/4819,New Item
living,신경옥 작가님 그릇,N/A,11.28 ~ 12.03,https://www.wishbunny.me/drop/4818,New Item
living,인생 보풀 제거기,"21,000",11.21 ~ 11.23,https://www.wishbunny.me/drop/4815,New Item
living,모달100% 생크림,"156,000",11.20 ~ 11.23,https://www.wishbunny.me/drop/4814,New Item
living,엔데이지홈 룸슈즈,"38,500",11.19 ~ 11.22,https://www.wishbunny.me/drop/4813,New Item
living,CJ X 지누스 매트리스,N/A,11.12 ~ 11.20,https://www.wishbunny.me/drop/4808,New Item
living,드부이에 쵸크팬,"224,000",11.26 ~ 12.01,https://www.wishbunny.me/drop/4805,New Item
living,베이비 마더구스,"69,900",11.17 ~ 11.19,https://www.wishbunny.me/drop/4791,New Item
living,스토조 컵,"18,480",11.10 ~ 11.12,https://www.wishbunny.me/drop/4786,New Item
living,26년 커스텀달력,N/A,11.06 ~ 11.08,https://www.wishbunny.me/drop/4783,New Item
living,코알라에코,"93,400",11.19 ~ 11.26,https://www.wishbunny.me/drop/4772,New Item
living,오드리선,"105,000",11.14 ~ 11.23,https://www.wishbunny.me/drop/4770,New Item
living,글로벌 나이프,"499,000",11.03 ~ 11.10,https://www.wishbunny.me/drop/4764,New Item
living,2026 시그니처 다이어리 얼리버드,"19,000",11.01 ~ 11.30,https://www.wishbunny.me/drop/4763,New Item
living,BrandA 수세미,"39,800",11.10 ~ 11.13,https://www.wishbunny.me/drop/4760,New Item
living,네오플램 피카 리뉴얼 제품,N/A,11.18 ~ 11.21,https://www.wishbunny.me/drop/4756,New Item
living,플라팜 정리함,"4,900",12.11 ~ 12.14,https://www.wishbunny.me/drop/4736,New Item
living,쉬젤 1만원대 조리도구,N/A,12.01 ~ 12.05,https://www.wishbunny.me/drop/4731,New Item
living,엄마랑 아기랑 소독제,N/A,11.26 ~ 11.30,https://www.wishbunny.me/drop/4727,New Item
living,티비 보호기,"84,600",11.12 ~ 11.16,https://www.wishbunny.me/drop/4715,New Item
living,포르티 휴지통,"39,900",11.12 ~ 11.16,https://www.wishbunny.me/drop/4714,New Item
living,도스칫솔 기획전,"18,900",11.17 ~ 11.19,https://www.wishbunny.me/drop/4678,New Item
living,1만원대 초특가 교구 정리함,"59,400",11.13 ~ 11.16,https://www.wishbunny.me/drop/4676,New Item
living,탄소매트,N/A,11.14 ~ 11.20,https://www.wishbunny.me/drop/4636,New Item
living,타파웨어 워터치 X 29cm,N/A,11.10 ~ 11.13,https://www.wishbunny.me/drop/4635,New Item
living,하모니 조리도구,"44,750",11.03 ~ 11.06,https://www.wishbunny.me/drop/4634,New Item
living,워시테라피 캡슐세제 100개입,"8,900",11.02 ~ 11.17,https://www.wishbunny.me/drop/4628,New Item
living,JBJ 올스텐 세탁바구니,"129,900",11.02 ~ 11.09,https://www.wishbunny.me/drop/4624,New Item
living,웜 스마을 핫팩 4종,"9,500",11.28 ~ 11.30,https://www.wishbunny.me/drop/4613,New Item
living,타월톡톡 시크라인 호텔수건,"39,900",11.27 ~ 11.30,https://www.wishbunny.me/drop/4612,New Item
living,프레이포잇 세탁폼 얼룩제거제,"12,900",11.21 ~ 11.23,https://www.wishbunny.me/drop/4609,New Item
living,클라 유아 캡슐세제,"28,900",11.17 ~ 11.19,https://www.wishbunny.me/drop/4606,New Item
living,스토조 접이식 텀블러,"18,480",11.14 ~ 11.16,https://www.wishbunny.me/drop/4605,New Item
living,까로 캠프라이트 미니웨건,"199,000",11.05 ~ 11.07,https://www.wishbunny.me/drop/4599,New Item
living,비트리 냉동용기,"31,900",11.18 ~ 11.25,https://www.wishbunny.me/drop/4570,New Item
living,바스 탈취제 모음전,"9,900",11.06 ~ 11.16,https://www.wishbunny.me/drop/4567,New Item
living,참바디 보풀제거기,"21,000",10.30 ~ 11.03,https://www.wishbunny.me/drop/4558,New Item
living,칼로볼 저당밥솥,"39,800",10.27 ~ 10.31,https://www.wishbunny.me/drop/4525,New Item
living,빠이염 이염방지 세탁안심티슈,"32,700",11.24 ~ 11.27,https://www.wishbunny.me/drop/4523,New Item
living,자동회전 롤팬 NEW 오리지널,"94,000",12.12 ~ 12.26,https://www.wishbunny.me/drop/4522,New Item
living,울크 울트라클린 다목적세정제,"17,500",11.10 ~ 11.16,https://www.wishbunny.me/drop/4515,New Item
living,초이세 후르츠팟 런치팟,"7,900",11.03 ~ 11.07,https://www.wishbunny.me/drop/4514,New Item
living,롤키친지퍼백 2종,"18,900",11.01 ~ 11.10,https://www.wishbunny.me/drop/4513,New Item
living,롤슬라이스 안전채칼,"30,900",11.01 ~ 11.10,https://www.wishbunny.me/drop/4512,New Item
living,자동회전 롤팬 NEW 오리지널,"94,000",10.28 ~ 11.04,https://www.wishbunny.me/drop/4511,New Item
living,참바디 보풀제로 보풀제거기,"21,000",10.20 ~ 10.26,https://www.wishbunny.me/drop/4505,New Item
living,빠이염 이염방지 세탁안심티슈,"32,700",10.20 ~ 10.26,https://www.wishbunny.me/drop/4504,New Item
living,안티슬립 미끄럼 방지제,"21,900",11.03 ~ 11.07,https://www.wishbunny.me/drop/4488,New Item
living,오사닛캔디,"17,900",11.24 ~ 11.27,https://www.wishbunny.me/drop/4482,New Item
living,베베누보 신상 카본 온열매트,"48,900",11.20 ~ 11.23,https://www.wishbunny.me/drop/4481,New Item
living,치폴로 미아방지,"45,000",11.15 ~ 11.18,https://www.wishbunny.me/drop/4478,New Item
living,스텐팟 가습기 2026 신상,"299,000",11.13 ~ 11.16,https://www.wishbunny.me/drop/4477,New Item
living,자동회전롤팬,"94,000",11.06 ~ 11.09,https://www.wishbunny.me/drop/4475,New Item
living,아크미 자기주도 이유식 매트,"44,900",11.03 ~ 11.05,https://www.wishbunny.me/drop/4474,New Item
living,러빗 이유식기 골라담기,"21,000",11.01 ~ 11.04,https://www.wishbunny.me/drop/4473,New Item
living,펀앤파인 키링 얼룩제거제,"9,900",10.27 ~ 10.30,https://www.wishbunny.me/drop/4471,New Item
living,홈스탠드 홈캠스탠드,"28,900",10.27 ~ 10.29,https://www.wishbunny.me/drop/4452,New Item
living,아이야 매트,N/A,10.20 ~ 10.30,https://www.wishbunny.me/drop/4429,New Item
living,JBJ 올스텐 세탁바구니,"75,900",11.10 ~ 11.14,https://www.wishbunny.me/drop/4421,New Item
living,힙톡 무타공 자동형 도어스토퍼,"25,000",11.04 ~ 11.08,https://www.wishbunny.me/drop/4420,New Item
living,프레이포잇 세탁폼 얼룩제거제,"12,900",10.27 ~ 10.30,https://www.wishbunny.me/drop/4419,New Item
living,오이코스 빌랭킷 극세사 담요,"11,900",10.20 ~ 10.24,https://www.wishbunny.me/drop/4418,New Item
living,자리아 비건 구스 이불,"210,000",10.23 ~ 10.26,https://www.wishbunny.me/drop/4414,New Item
living,피퍼스탠다드 모음전,N/A,10.17 ~ 10.19,https://www.wishbunny.me/drop/4410,New Item
living,스키니락 밀폐용기,"29,800",10.17 ~ 10.17,https://www.wishbunny.me/drop/4408,New Item
living,폴리보이 세정제 시리즈,"6,700",10.17 ~ 10.18,https://www.wishbunny.me/drop/4407,New Item
living,일본 주걱,N/A,10.27 ~ 10.31,https://www.wishbunny.me/drop/4401,New Item
living,트리쳐도마 x 바퀜 밀폐용기,N/A,10.24 ~ 10.31,https://www.wishbunny.me/drop/4400,New Item
living,독일 클라 욕실& 주방세제,"29,500",10.20 ~ 10.23,https://www.wishbunny.me/drop/4399,New Item
living,엔에프락 밀폐용기,"39,400",10.17 ~ 10.22,https://www.wishbunny.me/drop/4397,New Item
living,노르딕슬립 이불,N/A,10.23 ~ 10.26,https://www.wishbunny.me/drop/4395,New Item
living,"쉐프원 드림핸즈 316 통 5중 스텐팬,냄비","279,000",12.10 ~ 12.14,https://www.wishbunny.me/drop/4394,New Item
living,클라 유기농 천연 세제,"50,900",10.28 ~ 11.01,https://www.wishbunny.me/drop/4391,New Item
living,해면,N/A,11.04 ~ 11.07,https://www.wishbunny.me/drop/4353,New Item
living,곡물도자기식판,"22,000",10.23 ~ 10.26,https://www.wishbunny.me/drop/4349,New Item
living,스텐팟 가습기,"299,000",10.16 ~ 10.20,https://www.wishbunny.me/drop/4342,New Item
living,jbj 세탁바구니 2단 3단,"129,900",10.15 ~ 10.19,https://www.wishbunny.me/drop/4325,New Item
living,바스 탈취제 모음전,"10,900",10.15 ~ 10.24,https://www.wishbunny.me/drop/4323,New Item
living,고로고로 테이프클리너,"27,900",10.15 ~ 10.19,https://www.wishbunny.me/drop/4310,New Item
living,소소린 우드 테이프 클리너 돌돌이,"14,500",10.15 ~ 10.15,https://www.wishbunny.me/drop/4308,New Item
living,크렛 욕실세정제 1+1,N/A,11.10 ~ 11.13,https://www.wishbunny.me/drop/4307,New Item
living,포르티 냄새차단 휴지통,"43,900",10.16 ~ 10.19,https://www.wishbunny.me/drop/4304,New Item
living,맘앤리틀 젖병클리너,"20,900",10.15 ~ 10.19,https://www.wishbunny.me/drop/4298,New Item
living,로라스타 잇지플러스,"1,490,000",10.27 ~ 10.30,https://www.wishbunny.me/drop/4296,New Item
living,루씨에어 실링팬,N/A,10.20 ~ 10.26,https://www.wishbunny.me/drop/4295,New Item
living,리틀버브 수면등,"42,000",10.27 ~ 10.31,https://www.wishbunny.me/drop/4293,New Item
living,우리집 물지킴이 피레이 워터,"235,000",10.22 ~ 10.26,https://www.wishbunny.me/drop/4288,New Item
living,플러퓨스 울 드라이어볼,N/A,10.15 ~ 10.16,https://www.wishbunny.me/drop/4287,New Item
living,AMT X CJ온스타일,N/A,10.20 ~ 10.26,https://www.wishbunny.me/drop/4283,New Item
living,미니미 압력밥솥,"79,000",10.16 ~ 10.19,https://www.wishbunny.me/drop/4282,New Item
living,바퀜 트리쳐 도마,N/A,10.21 ~ 10.26,https://www.wishbunny.me/drop/4280,New Item
living,헤리터 글라스 & 테이블 매트,"56,000",10.15 ~ 10.17,https://www.wishbunny.me/drop/4279,New Item
living,포렌 사계절 이불,"98,000",10.23 ~ 10.28,https://www.wishbunny.me/drop/4275,New Item
living,땡스소윤,"129,900",10.21 ~ 10.26,https://www.wishbunny.me/drop/4274,New Item
living,깔린느 커트러리,"21,000",10.27 ~ 10.30,https://www.wishbunny.me/drop/4269,New Item
living,카인드랩 뒤집개 & 국자 & 케틀팟,"17,800",10.15 ~ 10.20,https://www.wishbunny.me/drop/4265,New Item
living,쉬젤 조리도구,N/A,10.29 ~ 11.01,https://www.wishbunny.me/drop/4259,New Item
living,알텐바흐 저압냄비,N/A,10.20 ~ 10.23,https://www.wishbunny.me/drop/4258,New Item
living,푸르름 소창수건,"54,900",10.16 ~ 10.19,https://www.wishbunny.me/drop/4257,New Item
living,스폰텍스,"23,100",10.16 ~ 10.19,https://www.wishbunny.me/drop/4256,New Item
living,에어컷 탈취제,"30,500",10.16 ~ 10.19,https://www.wishbunny.me/drop/4250,New Item
living,컨템포 편백오일 스프레이,N/A,10.28 ~ 11.01,https://www.wishbunny.me/drop/4249,New Item
living,오리지니크 모음전,N/A,10.21 ~ 10.26,https://www.wishbunny.me/drop/4248,New Item
living,120수 올인원 매트리스 커버,"129,000",10.16 ~ 10.19,https://www.wishbunny.me/drop/4245,New Item
living,팜이톡 냉장고 탈취제,"13,900",10.28 ~ 10.31,https://www.wishbunny.me/drop/4244,New Item
living,에코버 세탁세제,"17,900",10.16 ~ 10.17,https://www.wishbunny.me/drop/4243,New Item
living,국민냉동용기 땡스소윤,"134,000",11.04 ~ 11.07,https://www.wishbunny.me/drop/4242,New Item
living,블룸 향균 워싱 소파 패드 토퍼,"14,900",10.15 ~ 10.17,https://www.wishbunny.me/drop/4236,New Item
living,고메팟 스텐냄비 & 스텐팬 316ti,"105,000",10.14 ~ 10.17,https://www.wishbunny.me/drop/4231,New Item
living,스웰 잇츠,N/A,10.16 ~ 10.19,https://www.wishbunny.me/drop/4225,New Item
living,독일 티포트 헬리오스,N/A,10.15 ~ 10.17,https://www.wishbunny.me/drop/4222,New Item
living,소중한 습관 물티슈,"14,900",10.23 ~ 10.26,https://www.wishbunny.me/drop/4213,New Item
living,주니 텀블러,"21,000",10.17 ~ 10.19,https://www.wishbunny.me/drop/4212,New Item
living,쉬젤 조리도구,N/A,10.20 ~ 10.23,https://www.wishbunny.me/drop/4207,New Item
living,빠이염 안전 세탁시트,"32,700",10.23 ~ 10.26,https://www.wishbunny.me/drop/4196,New Item
living,킨토 빨대컵 텀블러 골라담기,"27,800",10.28 ~ 10.31,https://www.wishbunny.me/drop/4194,New Item
living,디어커스 처마형 싱크대 물막이,"22,900",10.28 ~ 10.31,https://www.wishbunny.me/drop/4189,New Item
living,스토피아 식기건조대,"52,900",10.28 ~ 10.31,https://www.wishbunny.me/drop/4188,New Item
living,프로메이드 휴지통,"43,900",10.27 ~ 10.30,https://www.wishbunny.me/drop/4187,New Item
living,페블 세탁세제,N/A,10.22 ~ 10.26,https://www.wishbunny.me/drop/4183,New Item
living,래디어스칫솔,"69,657",10.17 ~ 10.20,https://www.wishbunny.me/drop/4179,New Item
living,제니튼 치약,N/A,10.21 ~ 10.23,https://www.wishbunny.me/drop/4174,New Item
living,쿠퍼 G 오발 1971 RNFLVOS,"1,040,400",10.15 ~ 10.19,https://www.wishbunny.me/drop/4172,New Item
living,클라 캡슐세제,"38,500",10.13 ~ 10.22,https://www.wishbunny.me/drop/4165,New Item
living,하나코 반달 도마,N/A,11.13 ~ 11.16,https://www.wishbunny.me/drop/4162,New Item
living,타월톡톡 수건,N/A,11.03 ~ 11.09,https://www.wishbunny.me/drop/4160,New Item
living,까사무띠 그릇세트,N/A,10.20 ~ 10.25,https://www.wishbunny.me/drop/4157,New Item
living,컬리 X 스텐락,"20,700",10.27 ~ 10.31,https://www.wishbunny.me/drop/4154,New Item
living,뱀부 화장지,"19,800",10.23 ~ 10.26,https://www.wishbunny.me/drop/4153,New Item
living,JBJ세탁바구니 올스텐 304 이동식 빅사이즈 2단,"75,900",11.26 ~ 11.30,https://www.wishbunny.me/drop/4134,New Item
living,JBJ세탁바구니 올스텐 304 이동식 청담 3단,"129,900",11.26 ~ 11.30,https://www.wishbunny.me/drop/4133,New Item
living,타월톡톡 국내생산 시크라인 호텔수건 40수 코마사 200g,"39,900",10.21 ~ 10.24,https://www.wishbunny.me/drop/4128,New Item
living,톨레란 베개,"159,000",10.23 ~ 10.26,https://www.wishbunny.me/drop/4111,New Item
living,글로썸 향균 탈취 살균 에어 클리너,"51,500",10.20 ~ 10.22,https://www.wishbunny.me/drop/4110,New Item
living,셀리온 AI 탄소 온열매트,"309,000",10.17 ~ 10.19,https://www.wishbunny.me/drop/4109,New Item
living,이틀반짝 맥시스,N/A,10.13 ~ 10.16,https://www.wishbunny.me/drop/4103,New Item
living,칼로볼,"39,800",10.10 ~ 10.12,https://www.wishbunny.me/drop/4102,New Item
living,인생 고무장갑,"16,900",10.10 ~ 10.12,https://www.wishbunny.me/drop/4101,New Item
living,슬로우베드 토퍼,"375,000",10.23 ~ 10.26,https://www.wishbunny.me/drop/4098,New Item
living,주니 미니컵 신상,"8,900",10.30 ~ 11.02,https://www.wishbunny.me/drop/4092,New Item
living,국민필터 신발 세탁망,"19,500",10.13 ~ 10.19,https://www.wishbunny.me/drop/4081,New Item
living,주방세제 / 식세기 세제,N/A,10.22 ~ 10.26,https://www.wishbunny.me/drop/4055,New Item
living,울트라웜 차렵이불,"96,800",10.13 ~ 10.19,https://www.wishbunny.me/drop/4052,New Item
living,소중한 습관,"24,800",10.30 ~ 11.02,https://www.wishbunny.me/drop/4051,New Item
living,소중한 습관,"59,900",10.27 ~ 10.29,https://www.wishbunny.me/drop/4013,New Item
living,참바디 보풀 제거기,N/A,10.29 ~ 11.02,https://www.wishbunny.me/drop/4005,New Item
living,플라팜 트롤리,"69,900",10.20 ~ 10.23,https://www.wishbunny.me/drop/4001,New Item
living,룬드런던 후르츠팟,"89,900",10.27 ~ 10.30,https://www.wishbunny.me/drop/3983,New Item
living,코에르 오가닉타월,"15,800",10.23 ~ 10.26,https://www.wishbunny.me/drop/3982,New Item
living,달금손 돌반지 보관합,"16,800",10.09 ~ 10.13,https://www.wishbunny.me/drop/3960,New Item
living,주니 컵 모음전,"21,000",10.14 ~ 10.16,https://www.wishbunny.me/drop/3953,New Item
living,에디슨 식판 모음전,N/A,10.15 ~ 10.19,https://www.wishbunny.me/drop/3951,New Item
living,비비엔다 신상 모달 침구,"36,900",10.31 ~ 11.02,https://www.wishbunny.me/drop/3948,New Item
living,비비엔다 순면 방수패드,N/A,10.23 ~ 10.26,https://www.wishbunny.me/drop/3946,New Item
living,에디슨 식기 모음전,"5,500",10.16 ~ 10.19,https://www.wishbunny.me/drop/3944,New Item
living,주니컵 모음전,"21,000",10.24 ~ 10.26,https://www.wishbunny.me/drop/3939,New Item
living,모어화이트 방수스프레이,"13,900",10.15 ~ 10.19,https://www.wishbunny.me/drop/3936,New Item
living,탁가온 실리콘 식판,"19,000",10.13 ~ 10.16,https://www.wishbunny.me/drop/3933,New Item
living,제니튼 가글,N/A,10.16 ~ 10.19,https://www.wishbunny.me/drop/3919,New Item
living,버틀러 세제,"22,400",10.28 ~ 10.31,https://www.wishbunny.me/drop/3916,New Item
living,햇님달님 칫솔,"42,000",10.17 ~ 10.19,https://www.wishbunny.me/drop/3913,New Item
living,빠이염 세탁안심티슈,"32,700",10.22 ~ 10.26,https://www.wishbunny.me/drop/3900,New Item
living,소중한습관 모음전,"59,900",10.16 ~ 10.19,https://www.wishbunny.me/drop/3893,New Item
living,끌리젠 보풀제거기,"27,900",10.15 ~ 10.17,https://www.wishbunny.me/drop/3883,New Item
living,트윙고 텀블러,N/A,10.26 ~ 10.30,https://www.wishbunny.me/drop/3866,New Item
living,어뜌 케어백 시즌2,"14,000",10.20 ~ 10.22,https://www.wishbunny.me/drop/3862,New Item
living,폴키퍼 미끄럼 방지제,"21,900",10.13 ~ 10.16,https://www.wishbunny.me/drop/3859,New Item
living,폼포나치 셀프코팅제,"51,000",10.20 ~ 10.26,https://www.wishbunny.me/drop/3856,New Item
living,토리 얼룩 지우개,"29,500",10.20 ~ 10.26,https://www.wishbunny.me/drop/3855,New Item
living,러반 밧드,N/A,10.13 ~ 10.16,https://www.wishbunny.me/drop/3851,New Item
living,바퀜,N/A,10.09 ~ 10.15,https://www.wishbunny.me/drop/3840,New Item
living,지켜락,N/A,10.15 ~ 10.19,https://www.wishbunny.me/drop/3821,New Item
living,더홈스 미니스파츌라,"6,900",10.16 ~ 10.19,https://www.wishbunny.me/drop/3805,New Item
living,실리만 이지웨이,N/A,10.28 ~ 10.31,https://www.wishbunny.me/drop/3800,New Item
living,미피 믹싱볼,"29,900",10.21 ~ 10.26,https://www.wishbunny.me/drop/3797,New Item
living,엄마랑 아기랑,N/A,10.29 ~ 11.02,https://www.wishbunny.me/drop/3784,New Item
living,킨도,"27,800",10.24 ~ 10.26,https://www.wishbunny.me/drop/3779,New Item
living,콩닥 도어쿠션,"15,300",10.14 ~ 10.20,https://www.wishbunny.me/drop/3772,New Item
living,소중한 습관,"14,900",10.13 ~ 10.17,https://www.wishbunny.me/drop/3771,New Item
living,엄마랑 아기랑 살균소독제,N/A,10.27 ~ 10.30,https://www.wishbunny.me/drop/3765,New Item
living,아오라 정리함,"12,000",10.14 ~ 10.17,https://www.wishbunny.me/drop/3758,New Item
living,에버스텐 믹싱볼,N/A,10.22 ~ 10.24,https://www.wishbunny.me/drop/3754,New Item
living,퍼기 초퍼,"31,900",10.15 ~ 10.17,https://www.wishbunny.me/drop/3751,New Item
living,푸쉬락,N/A,10.13 ~ 10.15,https://www.wishbunny.me/drop/3750,New Item
living,봄달 블랭킷,N/A,10.11 ~ 10.15,https://www.wishbunny.me/drop/3742,New Item
living,모슈 푸드자,"60,900",10.23 ~ 10.26,https://www.wishbunny.me/drop/3740,New Item
living,보자보자 TV보호기,"84,600",10.19 ~ 10.26,https://www.wishbunny.me/drop/3738,New Item
living,플레이조이,N/A,10.27 ~ 10.29,https://www.wishbunny.me/drop/3733,New Item
living,또비앙또 보냉백,"25,900",10.23 ~ 10.26,https://www.wishbunny.me/drop/3732,New Item
living,봄달 블랭킷,N/A,10.14 ~ 10.17,https://www.wishbunny.me/drop/3727,New Item
living,비트리 신상,"59,800",10.11 ~ 10.14,https://www.wishbunny.me/drop/3711,New Item
living,샤토에르 가방걸이,"52,900",10.15 ~ 10.19,https://www.wishbunny.me/drop/3686,New Item
living,집탑 실리콘 지퍼백,N/A,10.13 ~ 10.16,https://www.wishbunny.me/drop/3684,New Item
living,퍼기 6중 칼날 만능 초퍼,"31,900",10.27 ~ 10.30,https://www.wishbunny.me/drop/3682,New Item
living,퍼기 이중스팀 촉촉찜기,"29,900",10.27 ~ 10.30,https://www.wishbunny.me/drop/3681,New Item
living,쉬젤 조리도구,"13,800",10.20 ~ 10.23,https://www.wishbunny.me/drop/3679,New Item
living,윗클세정티슈,"8,200",10.21 ~ 10.26,https://www.wishbunny.me/drop/3662,New Item
living,셀리온 인공지능 양모 카본 탄소매트,"309,000",10.31 ~ 11.04,https://www.wishbunny.me/drop/3658,New Item
living,moon 브랜드데이,"250,000",10.17 ~ 10.21,https://www.wishbunny.me/drop/3651,New Item
living,덴클 올인원 & 플러스 케어 칫솔,"36,800",10.02 ~ 10.11,https://www.wishbunny.me/drop/3645,New Item
living,"이메텍 전기요, 담요","99,800",10.29 ~ 11.02,https://www.wishbunny.me/drop/3643,New Item
living,페블 세탁세제,"40,000",10.14 ~ 10.17,https://www.wishbunny.me/drop/3640,New Item
living,CJ X 생크림 모달이불,N/A,10.13 ~ 10.17,https://www.wishbunny.me/drop/3639,New Item
living,JBJ 세탁바구니,"239,000",10.11 ~ 10.16,https://www.wishbunny.me/drop/3638,New Item
living,송월 x 앳센셜 수건,N/A,10.10 ~ 10.13,https://www.wishbunny.me/drop/3637,New Item
living,아티잔 사각싱크볼,N/A,10.02 ~ 10.05,https://www.wishbunny.me/drop/3635,New Item
living,엔데이지홈 매트리스 커버,"147,500",10.01 ~ 10.02,https://www.wishbunny.me/drop/3634,New Item
living,알텐바흐,"27,000",10.22 ~ 10.29,https://www.wishbunny.me/drop/3630,New Item
living,프렌치 럭셔리,"247,900",10.16 ~ 10.23,https://www.wishbunny.me/drop/3627,New Item
living,닥터스,"278,000",10.10 ~ 10.17,https://www.wishbunny.me/drop/3624,New Item
living,윙플라 최초 런칭 특가,"379,000",10.14 ~ 10.17,https://www.wishbunny.me/drop/3616,New Item
living,블루블루 생리대,"11,700",10.02 ~ 10.11,https://www.wishbunny.me/drop/3615,New Item
living,스토조 텀블러,"18,480",10.27 ~ 10.31,https://www.wishbunny.me/drop/3609,New Item
living,페블 캡슐세제,"15,000",10.02 ~ 10.12,https://www.wishbunny.me/drop/3594,New Item
living,모슈 텀블러 테이블팟 진공머그,"27,300",10.21 ~ 10.25,https://www.wishbunny.me/drop/3590,New Item
living,캠트레이 사각 원형 트레이,N/A,10.17 ~ 10.22,https://www.wishbunny.me/drop/3589,New Item
living,씨밀렉스 서랍장 수납정리함,"45,840",10.14 ~ 10.20,https://www.wishbunny.me/drop/3588,New Item
living,또비앙또 보냉파우치,"25,900",10.02 ~ 10.03,https://www.wishbunny.me/drop/3563,New Item
living,플레이조이 회전정리함,N/A,10.13 ~ 10.16,https://www.wishbunny.me/drop/3554,New Item
living,BAS 탈취제 모음,"15,800",10.01 ~ 10.12,https://www.wishbunny.me/drop/3543,New Item
living,레벤호프 / 에바솔로 조리도구,"29,000",10.22 ~ 10.26,https://www.wishbunny.me/drop/3540,New Item
living,에피큐리언 도마,"159,000",10.20 ~ 10.23,https://www.wishbunny.me/drop/3539,New Item
living,탁가온 에코젠 유아식기,"7,200",10.13 ~ 10.17,https://www.wishbunny.me/drop/3538,New Item
living,아오라 우주빔,"64,900",10.15 ~ 10.18,https://www.wishbunny.me/drop/3528,New Item
living,터블 발포 세정제,N/A,10.13 ~ 10.15,https://www.wishbunny.me/drop/3526,New Item
living,BAS 탈취제 모음,"15,800",10.31 ~ 11.04,https://www.wishbunny.me/drop/3525,New Item
living,도그독 폴딩 카트,N/A,10.27 ~ 10.31,https://www.wishbunny.me/drop/3521,New Item
living,페블 세탁세제,"15,000",10.06 ~ 10.12,https://www.wishbunny.me/drop/3512,New Item
living,JBJ 빨래바구니,"129,000",10.06 ~ 10.12,https://www.wishbunny.me/drop/3511,New Item
living,대구1988 FW 신상,"16,000",10.29 ~ 11.02,https://www.wishbunny.me/drop/3509,New Item
living,왓아릴리프 캡슐세제,"29,900",10.20 ~ 10.22,https://www.wishbunny.me/drop/3508,New Item
living,주니 빨대세척솔 신상,"7,900",10.31 ~ 11.02,https://www.wishbunny.me/drop/3506,New Item
living,이메텍 전기요,N/A,10.23 ~ 10.26,https://www.wishbunny.me/drop/3496,New Item
living,주니텀블러 리뉴얼,N/A,10.05 ~ 10.07,https://www.wishbunny.me/drop/3483,New Item
living,하이하트 정리함,"14,850",10.27 ~ 10.30,https://www.wishbunny.me/drop/3475,New Item
living,터블 발포 세정제,"21,900",10.16 ~ 10.19,https://www.wishbunny.me/drop/3451,New Item
living,코에르 미끄럼방지 매트,"18,800",10.16 ~ 10.19,https://www.wishbunny.me/drop/3443,New Item
living,모달 100% 침구 & 매트리스 커버,"152,500",11.04 ~ 11.09,https://www.wishbunny.me/drop/3439,New Item
living,자동패킹 스마트 센서 휴지통,"86,900",11.03 ~ 11.07,https://www.wishbunny.me/drop/3438,New Item
living,코드리빙 4WAY 확장형 주방 선반,"35,000",10.13 ~ 10.17,https://www.wishbunny.me/drop/3434,New Item
living,데펜소 KIM시리즈 김치통 & SAM시리즈,"72,000",10.28 ~ 10.31,https://www.wishbunny.me/drop/3433,New Item
living,콤마씨 파우더 차렵이불 & 메쉬패드,"135,600",10.21 ~ 10.23,https://www.wishbunny.me/drop/3432,New Item
living,추석맞이 보드레마켓,N/A,10.03 ~ 10.12,https://www.wishbunny.me/drop/3420,New Item
living,무아스 무타공 욕실 디스펜서,"25,900",10.09 ~ 10.12,https://www.wishbunny.me/drop/3418,New Item
living,오인스 제작수건,"44,900",10.20 ~ 10.23,https://www.wishbunny.me/drop/3415,New Item
living,독일 보이러 전기요,"75,000",10.05 ~ 10.08,https://www.wishbunny.me/drop/3413,New Item
living,청소개구리 더스터,"25,900",10.24 ~ 10.26,https://www.wishbunny.me/drop/3411,New Item
living,사브르 커트러리,"42,200",10.20 ~ 10.23,https://www.wishbunny.me/drop/3410,New Item
living,바퀜 진공밀폐용기,"219,800",10.13 ~ 10.19,https://www.wishbunny.me/drop/3408,New Item
living,프레이포잇,N/A,11.18 ~ 11.23,https://www.wishbunny.me/drop/3406,New Item
living,라떼크림 꿀잠베개,"54,900",10.02 ~ 10.15,https://www.wishbunny.me/drop/3390,New Item
living,LANETTETE NEW 액티바이타믹스 & NEW 워터믹스,"15,900",10.23 ~ 10.25,https://www.wishbunny.me/drop/3377,New Item
living,LANETTETE NEW 카본매트,N/A,10.20 ~ 10.22,https://www.wishbunny.me/drop/3376,New Item
living,소미에르 말총베게,"299,000",10.16 ~ 10.18,https://www.wishbunny.me/drop/3375,New Item
living,우브에 런드리 기획전,"34,320",10.13 ~ 10.15,https://www.wishbunny.me/drop/3374,New Item
living,로이첸 아이지글 롤팬,"89,900",10.20 ~ 10.26,https://www.wishbunny.me/drop/3340,New Item
living,"MF매직하우스 유아행거 3,4단","24,200",10.14 ~ 10.16,https://www.wishbunny.me/drop/3315,New Item
living,또비앙 미니보냉백,"25,900",10.10 ~ 10.12,https://www.wishbunny.me/drop/3314,New Item
living,점착식 청소포,"21,500",10.27 ~ 11.03,https://www.wishbunny.me/drop/3304,New Item
living,"디어커스 뱀부 화장지, 물막이,바디타월,누볼라","19,800",10.20 ~ 10.26,https://www.wishbunny.me/drop/3303,New Item
living,푸쉬락 밀폐용기,N/A,10.28 ~ 10.31,https://www.wishbunny.me/drop/3288,New Item
living,쁘띠엘르 차렵 이불,"17,900",10.16 ~ 10.19,https://www.wishbunny.me/drop/3281,New Item
living,어뜌 안전문,"131,000",10.14 ~ 10.18,https://www.wishbunny.me/drop/3277,New Item
living,프로메이드 국민 휴지통,"39,900",10.10 ~ 10.16,https://www.wishbunny.me/drop/3264,New Item
living,디어커스 처마형 물막이,"22,900",09.29 ~ 10.05,https://www.wishbunny.me/drop/3263,New Item
living,플레이조이 칸칸이 소품 정리함,"19,800",10.17 ~ 10.19,https://www.wishbunny.me/drop/3240,New Item
living,아이앤어스 독일 더마 캡슐 세제,"35,900",10.01 ~ 10.10,https://www.wishbunny.me/drop/3234,New Item
living,클라세정제 (욕실/주방),"18,900",12.22 ~ 12.26,https://www.wishbunny.me/drop/3232,New Item
living,지니옷걸이,N/A,10.20 ~ 10.24,https://www.wishbunny.me/drop/3231,New Item
living,가성비 수건 / 신상포함,N/A,10.21 ~ 10.26,https://www.wishbunny.me/drop/3222,New Item
living,1만원대 예쁜 욕실 발매트 & 앞치마,N/A,10.14 ~ 10.17,https://www.wishbunny.me/drop/3220,New Item
living,스빙 오토 슬라이서,"179,000",10.14 ~ 10.19,https://www.wishbunny.me/drop/3217,New Item
living,KUPER 구리 압력 밥솥,N/A,10.21 ~ 10.26,https://www.wishbunny.me/drop/3215,New Item
living,주니 식기 모음전,"15,000",10.16 ~ 10.19,https://www.wishbunny.me/drop/3211,New Item
living,주니컵 모음전,"21,000",10.04 ~ 10.08,https://www.wishbunny.me/drop/3207,New Item
living,코마존 스낵컵,N/A,10.13 ~ 10.15,https://www.wishbunny.me/drop/3201,New Item
living,런드리에그,"43,200",10.27 ~ 10.30,https://www.wishbunny.me/drop/3197,New Item
living,이지클린 텀블러 발포 세정제,"21,900",10.20 ~ 10.23,https://www.wishbunny.me/drop/3195,New Item
living,원로브 캡슐세제,"47,500",10.20 ~ 10.22,https://www.wishbunny.me/drop/3190,New Item
living,트리쳐 티크 도마,"157,000",10.01 ~ 10.05,https://www.wishbunny.me/drop/3187,New Item
living,센타스타 사계절 이불,"219,000",10.17 ~ 10.22,https://www.wishbunny.me/drop/3176,New Item
living,소렉스 독일 천연 브러쉬 & 트레이,N/A,10.13 ~ 10.16,https://www.wishbunny.me/drop/3175,New Item
living,바이에트 페블,N/A,10.15 ~ 10.18,https://www.wishbunny.me/drop/3173,New Item
living,노르딕 슬립 사계절 이불,"87,000",10.09 ~ 10.12,https://www.wishbunny.me/drop/3172,New Item
living,에코버 식세기 세제,"31,900",12.02 ~ 12.10,https://www.wishbunny.me/drop/3171,New Item
living,힘펠 휴젠뜨 신상런칭,"339,000",10.16 ~ 10.19,https://www.wishbunny.me/drop/3167,New Item
living,리포좀 글루타치온,"190,000",10.16 ~ 10.19,https://www.wishbunny.me/drop/3159,New Item
living,버미큘라 오븐팟,N/A,12.17 ~ 12.19,https://www.wishbunny.me/drop/3147,New Item
living,에피큐리언 빅블럭/포켓블럭,N/A,11.26 ~ 11.28,https://www.wishbunny.me/drop/3146,New Item
living,에바솔로 & 그린툴,N/A,10.14 ~ 10.17,https://www.wishbunny.me/drop/3142,New Item
living,마틸라 규조토 발매트,N/A,10.13 ~ 10.17,https://www.wishbunny.me/drop/3141,New Item
living,리뗀클로르 이유식기 보관함,"26,800",10.27 ~ 10.30,https://www.wishbunny.me/drop/3138,New Item
living,미피 계량컵 / 믹싱볼,"29,900",10.24 ~ 10.27,https://www.wishbunny.me/drop/3137,New Item
living,퍼기 이유식기 모음,"6,200",10.23 ~ 10.27,https://www.wishbunny.me/drop/3136,New Item
living,어뜌 도어쿠션,"15,300",10.10 ~ 10.12,https://www.wishbunny.me/drop/3119,New Item
living,아오라 우주빔,"64,900",10.23 ~ 10.26,https://www.wishbunny.me/drop/3110,New Item
living,소중한 습관,"59,900",10.16 ~ 10.19,https://www.wishbunny.me/drop/3107,New Item
living,소창수건 & 행주,N/A,10.15 ~ 10.17,https://www.wishbunny.me/drop/3099,New Item
living,NEW 알텐바흐 티타늄마스터 후라이팬,N/A,10.01 ~ 10.07,https://www.wishbunny.me/drop/3093,New Item
living,칼로볼,"39,800",09.29 ~ 10.01,https://www.wishbunny.me/drop/3092,New Item
living,초음파 크리스탈 무드등,N/A,10.14 ~ 10.17,https://www.wishbunny.me/drop/2737,New Item
living,스텐팟 가습기,N/A,10.13 ~ 10.15,https://www.wishbunny.me/drop/2729,New Item
living,BAS틸취제,"15,800",09.26 ~ 09.28,https://www.wishbunny.me/drop/2671,New Item
living,핑크 스터프 모음전,N/A,09.24 ~ 09.28,https://www.wishbunny.me/drop/2662,New Item
living,JBJ 식기건조대,"86,900",10.14 ~ 10.20,https://www.wishbunny.me/drop/2649,New Item
living,무드앤스 회전책장,"188,000",09.18 ~ 09.21,https://www.wishbunny.me/drop/2637,New Item
living,놋향 유아 커트러리 세트,N/A,09.21 ~ 09.24,https://www.wishbunny.me/drop/2625,New Item
living,리빙디노 안티슬립젤,"21,900",09.13 ~ 09.15,https://www.wishbunny.me/drop/2621,New Item
living,클리너 티슈,"10,600",09.25 ~ 09.29,https://www.wishbunny.me/drop/2609,New Item
living,알러지케어 이불세트,"29,900",09.24 ~ 09.28,https://www.wishbunny.me/drop/2608,New Item
living,글리너 보풀제거기,"29,900",09.22 ~ 09.24,https://www.wishbunny.me/drop/2607,New Item
living,푸쉬락,N/A,09.23 ~ 09.28,https://www.wishbunny.me/drop/2589,New Item
living,데일리라이크 도시락,"12,900",09.18 ~ 09.21,https://www.wishbunny.me/drop/2586,New Item
living,케틀찜팟,N/A,09.16 ~ 09.21,https://www.wishbunny.me/drop/2585,New Item
living,레벤호프 스텐용기,N/A,09.12 ~ 09.16,https://www.wishbunny.me/drop/2583,New Item
living,레벤호프 스파츌러,"19,000",09.09 ~ 09.15,https://www.wishbunny.me/drop/2582,New Item
living,땡스소윤,"83,000",09.08 ~ 09.11,https://www.wishbunny.me/drop/2581,New Item
living,스탠다드145 대나무휴지,"15,450",09.25 ~ 09.28,https://www.wishbunny.me/drop/2577,New Item
living,롤키친 지퍼백 (슬라이딩/스탠딩),N/A,09.22 ~ 09.29,https://www.wishbunny.me/drop/2576,New Item
living,주니컵 모음전,"21,000",09.24 ~ 09.25,https://www.wishbunny.me/drop/2516,New Item
living,탁가온 물컵 1+1,N/A,09.17 ~ 09.18,https://www.wishbunny.me/drop/2512,New Item
living,보드리 방수패드,N/A,09.01 ~ 09.04,https://www.wishbunny.me/drop/2505,New Item
living,소중한 습관,"24,800",09.18 ~ 09.21,https://www.wishbunny.me/drop/2500,New Item
living,주니 식기류,"15,800",09.05 ~ 09.08,https://www.wishbunny.me/drop/2494,New Item
living,칵테일 텀블러,"16,900",09.02 ~ 09.07,https://www.wishbunny.me/drop/2470,New Item
living,보드리 방수패드,N/A,09.16 ~ 09.21,https://www.wishbunny.me/drop/2453,New Item
living,매직캔 쓰레기통,"66,900",09.02 ~ 09.07,https://www.wishbunny.me/drop/2440,New Item
living,플로레떼 캡슐세제,"57,800",09.29 ~ 10.02,https://www.wishbunny.me/drop/2439,New Item
living,어뜌 콩딱 도어쿠션,"15,300",09.11 ~ 09.14,https://www.wishbunny.me/drop/2434,New Item
living,BAS 탈취제,N/A,09.01 ~ 09.07,https://www.wishbunny.me/drop/2431,New Item
living,메모리폼 경추베개 무무베개,N/A,09.11 ~ 09.14,https://www.wishbunny.me/drop/2425,New Item
living,비트리,"31,900",09.16 ~ 09.19,https://www.wishbunny.me/drop/2414,New Item
living,소중해 시리즈,"22,880",09.09 ~ 09.15,https://www.wishbunny.me/drop/2397,New Item
living,포르티 휴지통,"39,900",09.04 ~ 09.06,https://www.wishbunny.me/drop/2377,New Item
living,아이누오 두상베개,"47,900",09.29 ~ 10.08,https://www.wishbunny.me/drop/2373,New Item
living,봄달 블랭킷,N/A,09.22 ~ 09.24,https://www.wishbunny.me/drop/2369,New Item
living,휴대용 젖병솔 맘앤리틀,"20,900",09.15 ~ 09.18,https://www.wishbunny.me/drop/2366,New Item
living,터블 발포 세정제,"21,900",09.12 ~ 09.14,https://www.wishbunny.me/drop/2364,New Item
living,소중한 습관 물티슈,"24,800",09.08 ~ 09.10,https://www.wishbunny.me/drop/2361,New Item
living,엄마랑 아기랑 소독제,N/A,09.01 ~ 09.07,https://www.wishbunny.me/drop/2357,New Item
living,포르티 휴지통,"43,900",09.15 ~ 09.18,https://www.wishbunny.me/drop/2348,New Item
living,윗클 선물세트,"14,900",09.22 ~ 09.24,https://www.wishbunny.me/drop/2339,New Item
living,자동 회전 롤팬,"94,000",09.12 ~ 09.16,https://www.wishbunny.me/drop/2333,New Item
living,플레이조이 칸칸이 보관함,"19,800",09.15 ~ 09.17,https://www.wishbunny.me/drop/2305,New Item
living,또비앙또 보냉파우치,N/A,09.04 ~ 09.05,https://www.wishbunny.me/drop/2292,New Item
living,엄마랑 아기랑 소독제,N/A,09.18 ~ 09.21,https://www.wishbunny.me/drop/2286,New Item
living,자연동화 곡물식판,N/A,09.08 ~ 09.11,https://www.wishbunny.me/drop/2271,New Item
living,엘제이 메이드,"14,500",09.05 ~ 09.07,https://www.wishbunny.me/drop/2270,New Item
living,탁가온 에코젠 투명컵,N/A,09.15 ~ 09.17,https://www.wishbunny.me/drop/2265,New Item
living,"탁가온 1,2,3 실리콘 유아식기","19,000",09.09 ~ 09.14,https://www.wishbunny.me/drop/2264,New Item
living,아이바나리 마스크,N/A,09.04 ~ 09.07,https://www.wishbunny.me/drop/2254,New Item
living,두리변기,"39,900",09.15 ~ 09.17,https://www.wishbunny.me/drop/2246,New Item
living,주니 컵 모음전,"21,000",09.10 ~ 09.12,https://www.wishbunny.me/drop/2243,New Item
living,소중한 습관 모음전,"24,800",09.04 ~ 09.10,https://www.wishbunny.me/drop/2241,New Item
living,투투 커트러리,"149,400",09.18 ~ 09.21,https://www.wishbunny.me/drop/2238,New Item
living,보자보자 티비보호기,"84,600",09.25 ~ 09.28,https://www.wishbunny.me/drop/2224,New Item
living,아크미 자기주도 이유식 매트,"37,900",09.23 ~ 09.25,https://www.wishbunny.me/drop/2222,New Item
living,모슈 푸드자,"31,500",09.12 ~ 09.16,https://www.wishbunny.me/drop/2217,New Item
living,효도 효자손,"11,500",09.05 ~ 09.07,https://www.wishbunny.me/drop/2212,New Item
living,미니웨어,"8,900",09.04 ~ 09.08,https://www.wishbunny.me/drop/2211,New Item
living,낮잠이불 네임택,"7,220",09.03 ~ 09.07,https://www.wishbunny.me/drop/2210,New Item
living,닥터노아 칫솔 치약,"18,280",09.11 ~ 09.14,https://www.wishbunny.me/drop/2202,New Item
living,"주니 입모아컵 , 2 IN 1 컵","21,000",09.26 ~ 09.28,https://www.wishbunny.me/drop/2200,New Item
living,주니스푼 외 모음전,"15,900",09.18 ~ 09.21,https://www.wishbunny.me/drop/2185,New Item
living,도스 칫솔 치약,"13,900",09.17 ~ 09.17,https://www.wishbunny.me/drop/2160,New Item
living,아이다움 마스크,N/A,09.11 ~ 09.12,https://www.wishbunny.me/drop/2158,New Item
living,킨더랜드 3초 빨대컵,"20,900",09.01 ~ 09.07,https://www.wishbunny.me/drop/2155,New Item
living,봄달 블랭킷,N/A,09.11 ~ 09.14,https://www.wishbunny.me/drop/2136,New Item
living,스테니 스텐 프라이팬,"67,800",09.04 ~ 09.07,https://www.wishbunny.me/drop/2122,New Item
living,탁가온,"19,000",09.22 ~ 09.26,https://www.wishbunny.me/drop/2109,New Item
living,탁가온,"27,600",09.19 ~ 09.21,https://www.wishbunny.me/drop/2095,New Item
living,탁가온 신상 에코젠 컵,N/A,09.08 ~ 09.10,https://www.wishbunny.me/drop/2090,New Item
living,클린디 칫솔살균기,"28,500",09.26 ~ 09.28,https://www.wishbunny.me/drop/2069,New Item
living,레미제이 밴딩타올,"49,600",09.22 ~ 09.25,https://www.wishbunny.me/drop/2068,New Item
living,켄트로얄 칫솔&치약,N/A,09.18 ~ 09.21,https://www.wishbunny.me/drop/2067,New Item
living,올인원 매트리스 커버,"129,000",09.09 ~ 09.14,https://www.wishbunny.me/drop/2064,New Item
living,엠부띠크 옷걸이,N/A,09.05 ~ 09.08,https://www.wishbunny.me/drop/2063,New Item
living,코에르 욕조매트,N/A,09.25 ~ 09.29,https://www.wishbunny.me/drop/2054,New Item
living,아가드 주방 안전템 + 안전문,"19,800",10.01 ~ 10.07,https://www.wishbunny.me/drop/2053,New Item
living,소창수건,"54,900",09.02 ~ 09.04,https://www.wishbunny.me/drop/2044,New Item
living,냉동용기,"59,800",09.06 ~ 09.08,https://www.wishbunny.me/drop/2039,New Item
living,디지털 액자 추석 선물,"87,200",09.23 ~ 09.30,https://www.wishbunny.me/drop/2020,New Item
living,실리만 메탈 냄비,"69,000",09.11 ~ 09.14,https://www.wishbunny.me/drop/2013,New Item
living,JVR 트라이탄 텀블러,N/A,09.09 ~ 09.11,https://www.wishbunny.me/drop/2011,New Item
living,런드리에그 세탁세제,"43,200",09.01 ~ 09.07,https://www.wishbunny.me/drop/2005,New Item
living,래디어스 칫솔,"67,410",09.21 ~ 09.24,https://www.wishbunny.me/drop/1997,New Item
living,제니튼 칫솔,N/A,09.18 ~ 09.21,https://www.wishbunny.me/drop/1994,New Item
living,JVR 트라이탄 텀블러 1+1,N/A,09.05 ~ 09.10,https://www.wishbunny.me/drop/1988,New Item
living,에코젠 컵시리즈,N/A,09.19 ~ 09.21,https://www.wishbunny.me/drop/1980,New Item
living,플레이조이 피크닉 모음전,"27,900",09.16 ~ 09.19,https://www.wishbunny.me/drop/1966,New Item
living,탁가온 신상 투명컵,N/A,09.02 ~ 09.07,https://www.wishbunny.me/drop/1929,New Item
living,탁가온 식판,"7,800",09.22 ~ 09.24,https://www.wishbunny.me/drop/1904,New Item
living,플레이조이 착착스토리지 정리함,N/A,09.19 ~ 09.21,https://www.wishbunny.me/drop/1903,New Item
living,푸쉬락 실리콘 용기,N/A,09.17 ~ 09.20,https://www.wishbunny.me/drop/1901,New Item
living,모노아이 물병,N/A,09.16 ~ 09.18,https://www.wishbunny.me/drop/1900,New Item
living,신상 에코젠컵,N/A,09.12 ~ 09.14,https://www.wishbunny.me/drop/1896,New Item
living,야채세척살균기,"159,000",09.08 ~ 09.10,https://www.wishbunny.me/drop/1892,New Item
living,도시락용기,"12,900",09.03 ~ 09.07,https://www.wishbunny.me/drop/1889,New Item
living,땡스소윤 밀폐 용기,"102,000",09.29 ~ 10.04,https://www.wishbunny.me/drop/1885,New Item
living,구다 세제 / 이염방지 / 탈취,"48,900",09.26 ~ 09.28,https://www.wishbunny.me/drop/1884,New Item
living,미미밥팩 실리콘용기,"9,800",09.19 ~ 09.21,https://www.wishbunny.me/drop/1882,New Item
living,위즈홈 다용도 수납 정리 시리즈,N/A,09.16 ~ 09.21,https://www.wishbunny.me/drop/1881,New Item
living,시라쿠스 뉴욕가든 테이블 웨어,"118,800",09.12 ~ 09.14,https://www.wishbunny.me/drop/1880,New Item
living,스마트 자동센서 휴지통,"39,900",09.09 ~ 09.14,https://www.wishbunny.me/drop/1879,New Item
living,밀레마 더스터,N/A,09.05 ~ 09.07,https://www.wishbunny.me/drop/1878,New Item
living,래디어스 칫솔,"67,410",09.16 ~ 09.20,https://www.wishbunny.me/drop/1872,New Item
living,실리만냄비,"69,000",09.08 ~ 09.10,https://www.wishbunny.me/drop/1869,New Item
living,바디럽 압축파우치,"62,000",09.03 ~ 09.07,https://www.wishbunny.me/drop/1866,New Item
living,회전 정리함,"19,800",09.24 ~ 09.28,https://www.wishbunny.me/drop/1861,New Item
living,래디어스 칫솔,"67,410",09.01 ~ 09.04,https://www.wishbunny.me/drop/1836,New Item
living,무아스 타이머,"23,900",09.16 ~ 09.19,https://www.wishbunny.me/drop/1833,New Item
living,슈슈아띠 도시락,N/A,09.22 ~ 09.25,https://www.wishbunny.me/drop/1823,New Item
living,닌자 에어그릴,"329,000",09.25 ~ 09.28,https://www.wishbunny.me/drop/1810,New Item
living,바로우 멀티 파우더 찌든때 클리너,"19,000",09.14 ~ 09.17,https://www.wishbunny.me/drop/1807,New Item
living,사브르 커트러리,"42,200",09.10 ~ 09.13,https://www.wishbunny.me/drop/1806,New Item
living,윗클 다용도 세정티슈,"34,000",09.17 ~ 09.21,https://www.wishbunny.me/drop/1783,New Item
living,봄봄 셀프 시공매트,"12,500",09.09 ~ 09.14,https://www.wishbunny.me/drop/1762,New Item
living,플레인팟 세탁&주방세제,"58,500",09.16 ~ 09.21,https://www.wishbunny.me/drop/1736,New Item
living,나르샤 층간소음매트 & 주방매트,"420,000",09.09 ~ 09.15,https://www.wishbunny.me/drop/1735,New Item
living,클린라벨 원터치 밀폐용기,"8,820",09.17 ~ 09.21,https://www.wishbunny.me/drop/1733,New Item
living,미닉스 음식물쓰레기처리기,"419,000",09.21 ~ 09.27,https://www.wishbunny.me/drop/1728,New Item
living,네스틱 유아식기,"6,900",09.04 ~ 09.06,https://www.wishbunny.me/drop/1719,New Item
living,도스 칫솔,"13,900",09.26 ~ 09.28,https://www.wishbunny.me/drop/1714,New Item
living,304양면 스텐도마,"18,800",09.20 ~ 09.27,https://www.wishbunny.me/drop/1709,New Item
living,탁가온 실리콘 식기,"19,000",09.19 ~ 09.22,https://www.wishbunny.me/drop/1708,New Item
living,방수파우치,N/A,09.16 ~ 09.21,https://www.wishbunny.me/drop/1705,New Item
living,롤키친 이중 지퍼백,N/A,09.04 ~ 09.06,https://www.wishbunny.me/drop/1693,New Item
living,데코아르 에어건,N/A,09.03 ~ 09.07,https://www.wishbunny.me/drop/1692,New Item
living,디트리쉬 인덕션 ( 상담후 설치 ),N/A,09.02 ~ 09.07,https://www.wishbunny.me/drop/1678,New Item
living,"바스틀리 선물세트, 롤휴지, 키친타올, 물티슈","45,900",09.16 ~ 09.23,https://www.wishbunny.me/drop/1672,New Item
living,글리너,"29,900",09.25 ~ 09.30,https://www.wishbunny.me/drop/1663,New Item
living,추석 기획전,"76,500",09.17 ~ 10.01,https://www.wishbunny.me/drop/1660,New Item
living,브랜든 압축파우치,N/A,09.03 ~ 09.10,https://www.wishbunny.me/drop/1654,New Item
living,알텐바흐,"231,000",09.01 ~ 09.08,https://www.wishbunny.me/drop/1653,New Item
living,덴클 그래뉼 치약,"19,900",09.29 ~ 10.03,https://www.wishbunny.me/drop/1651,New Item
living,세이플리 자연유래 세제,"51,100",09.01 ~ 09.05,https://www.wishbunny.me/drop/1634,New Item
living,리슬립,"45,900",09.23 ~ 09.25,https://www.wishbunny.me/drop/1630,New Item
living,생크림 모달 올인원 매트리스커버,"147,500",09.22 ~ 09.26,https://www.wishbunny.me/drop/1629,New Item
living,땡스소윤,"99,000",09.15 ~ 09.18,https://www.wishbunny.me/drop/1626,New Item
living,브릭글로 인생 고무장갑,"16,900",09.12 ~ 09.15,https://www.wishbunny.me/drop/1625,New Item
living,도맥스소핀 세탁조클리너,N/A,09.11 ~ 09.14,https://www.wishbunny.me/drop/1624,New Item
living,29CM X 헤리터 테이블매트 & 글라스잔,"56,000",09.09 ~ 09.14,https://www.wishbunny.me/drop/1622,New Item
living,무아스 NEW 자동 디스펜서,N/A,09.08 ~ 09.10,https://www.wishbunny.me/drop/1621,New Item
living,CJ X 핀일로 고메팟,N/A,09.03 ~ 09.07,https://www.wishbunny.me/drop/1620,New Item
living,"네바 커트러리 ( 한식, 양식 )",N/A,09.03 ~ 09.07,https://www.wishbunny.me/drop/1619,New Item
living,우메종 & 연미향,"22,200",09.22 ~ 09.29,https://www.wishbunny.me/drop/1618,New Item
living,아르코스 칼 / 커트러리 / 도마,"35,000",09.16 ~ 09.19,https://www.wishbunny.me/drop/1600,New Item
living,헤르만 통5중 스텐 궁중펜,"79,000",09.02 ~ 09.14,https://www.wishbunny.me/drop/1586,New Item
living,동해막국수,"19,900",09.01 ~ 09.07,https://www.wishbunny.me/drop/1585,New Item
living,브루클린 반찬통,"137,000",09.22 ~ 09.28,https://www.wishbunny.me/drop/1584,New Item
living,316Ti 핀일로 고메팟 + new 골드펜,"105,000",09.08 ~ 09.14,https://www.wishbunny.me/drop/1582,New Item
living,지엠마 데이,N/A,09.29 ~ 10.12,https://www.wishbunny.me/drop/1581,New Item
living,MHC 올스텐 스텐사각팬 & 조리도구,"129,000",09.23 ~ 09.25,https://www.wishbunny.me/drop/1580,New Item
living,포포듀오,N/A,09.18 ~ 09.21,https://www.wishbunny.me/drop/1576,New Item
living,스텐밧드,N/A,09.08 ~ 09.17,https://www.wishbunny.me/drop/1574,New Item
living,알텐바흐 후라이팬,"48,600",09.08 ~ 09.10,https://www.wishbunny.me/drop/1573,New Item
living,파이나밀 & 스텐 파이나밀,N/A,09.04 ~ 09.09,https://www.wishbunny.me/drop/1572,New Item
living,브레빌 커피머신,"1,220,000",09.15 ~ 09.18,https://www.wishbunny.me/drop/1570,New Item
living,유리제로,"134,000",09.08 ~ 09.11,https://www.wishbunny.me/drop/1568,New Item
living,냉감세일,"49,000",09.04 ~ 09.24,https://www.wishbunny.me/drop/1567,New Item
living,송월타월 x 제작 수건,N/A,09.24 ~ 09.29,https://www.wishbunny.me/drop/1565,New Item
living,로이첸 아이지글 롤팬,N/A,09.22 ~ 09.28,https://www.wishbunny.me/drop/1558,New Item
living,트루쿡,N/A,08.28 ~ 08.31,https://www.wishbunny.me/drop/1532,New Item
living,탁가온 네모 에코젠 유아식기,"31,200",08.25 ~ 08.30,https://www.wishbunny.me/drop/1526,New Item
living,소창 수건 + 행주,"65,000",08.25 ~ 08.27,https://www.wishbunny.me/drop/1516,New Item
living,벨베이비 턱받이,N/A,08.28 ~ 08.31,https://www.wishbunny.me/drop/1512,New Item
living,플레이조이 피크닉 기획전,N/A,08.27 ~ 08.30,https://www.wishbunny.me/drop/1511,New Item
living,탁가온 123 식기,"25,000",08.29 ~ 08.31,https://www.wishbunny.me/drop/1508,New Item
living,베베먼트 아기 무선드라이기,"69,000",08.27 ~ 08.31,https://www.wishbunny.me/drop/1502,New Item
living,리앤코 칫솔,N/A,08.25 ~ 08.28,https://www.wishbunny.me/drop/1497,New Item
living,베베숲,"15,990",08.23 ~ 08.24,https://www.wishbunny.me/drop/1494,New Item
living,어뚜 도어쿠션,"15,300",08.27 ~ 08.31,https://www.wishbunny.me/drop/1484,New Item
living,롤키친 스탠딩 더블 지퍼백 실속세트,"19,800",08.14 ~ 08.18,https://www.wishbunny.me/drop/1472,New Item
living,넘블정리함 착착 스토리지,N/A,08.12 ~ 08.17,https://www.wishbunny.me/drop/1464,New Item
living,주니 컵 시리즈,"21,000",08.09 ~ 08.10,https://www.wishbunny.me/drop/1459,New Item
living,리메스카 흉터스틱,N/A,08.09 ~ 08.10,https://www.wishbunny.me/drop/1457,New Item
living,도스칫솔,"13,900",08.30 ~ 08.30,https://www.wishbunny.me/drop/1446,New Item
living,실리만 실리콘 조리도구,"44,750",08.13 ~ 08.17,https://www.wishbunny.me/drop/1445,New Item
living,독일 클라 주방클리너 & 욕실 세정제,"18,900",08.11 ~ 08.15,https://www.wishbunny.me/drop/1437,New Item
living,실리만 조리도구,"44,750",08.25 ~ 08.28,https://www.wishbunny.me/drop/1435,New Item
living,까사밀라 인덕션 매트,"9,900",08.19 ~ 08.24,https://www.wishbunny.me/drop/1434,New Item
living,트루쿡 쿡웨어,"14,900",08.18 ~ 08.24,https://www.wishbunny.me/drop/1433,New Item
living,스톤텍스 수세미,"38,500",08.08 ~ 08.17,https://www.wishbunny.me/drop/1432,New Item
living,쪼꼬미 철제 수납함,"52,900",08.29 ~ 09.01,https://www.wishbunny.me/drop/1431,New Item
living,엠부띠크 논슬립 옷걸이,N/A,08.22 ~ 08.25,https://www.wishbunny.me/drop/1429,New Item
living,에바솔로 조리도구,N/A,08.12 ~ 08.18,https://www.wishbunny.me/drop/1426,New Item
living,AMT 스텐냄비,"117,500",08.12 ~ 08.18,https://www.wishbunny.me/drop/1425,New Item
living,볼라 타월,"129,000",08.08 ~ 08.11,https://www.wishbunny.me/drop/1424,New Item
living,데코아르 에어건,"69,800",08.12 ~ 08.15,https://www.wishbunny.me/drop/1418,New Item
living,스크린 안전문,"48,900",08.30 ~ 09.02,https://www.wishbunny.me/drop/1413,New Item
living,포렉스 깔창,N/A,08.22 ~ 08.30,https://www.wishbunny.me/drop/1405,New Item
living,퍼기,"29,900",08.25 ~ 08.28,https://www.wishbunny.me/drop/1390,New Item
living,본베배 아기욕조,"42,900",08.10 ~ 08.13,https://www.wishbunny.me/drop/1388,New Item
living,홈캠 거치대,"29,900",08.18 ~ 08.21,https://www.wishbunny.me/drop/1384,New Item
living,냄새차단 기저귀 휴지통,"39,900",08.11 ~ 08.14,https://www.wishbunny.me/drop/1381,New Item
living,투명회전 독서대,"23,900",08.25 ~ 08.29,https://www.wishbunny.me/drop/1378,New Item
living,리버티 순면커버 생리대,"54,900",08.27 ~ 08.31,https://www.wishbunny.me/drop/1361,New Item
living,라무르,"212,320",08.08 ~ 08.12,https://www.wishbunny.me/drop/1357,New Item
living,버블링 신발 세탁 세트,"13,900",08.27 ~ 08.31,https://www.wishbunny.me/drop/1355,New Item
living,두리변기,"37,900",08.26 ~ 08.30,https://www.wishbunny.me/drop/1354,New Item
living,윗클 세정티슈,"8,200",08.22 ~ 08.27,https://www.wishbunny.me/drop/1352,New Item
living,플레이 테이블,"58,800",08.21 ~ 08.25,https://www.wishbunny.me/drop/1350,New Item
living,래디어스 칫솔,"67,410",08.18 ~ 08.22,https://www.wishbunny.me/drop/1347,New Item
living,미닉스 음식물처리기,"419,000",08.13 ~ 08.17,https://www.wishbunny.me/drop/1343,New Item
living,리메스카 흉터스틱,N/A,08.07 ~ 08.10,https://www.wishbunny.me/drop/1338,New Item
living,에쿤 올스텐 세탁바구니,"164,000",08.19 ~ 08.22,https://www.wishbunny.me/drop/1336,New Item
living,라비킷 유아베개 / 커들업,"86,500",08.12 ~ 08.17,https://www.wishbunny.me/drop/1319,New Item
living,탁가온,"31,200",08.11 ~ 08.15,https://www.wishbunny.me/drop/1318,New Item
living,호들 사계절 이불세트,"215,000",08.22 ~ 08.25,https://www.wishbunny.me/drop/1313,New Item
living,이롭 그레블 음식물 처리기,"699,000",08.19 ~ 08.20,https://www.wishbunny.me/drop/1302,New Item
living,도스 칫솔,"13,900",08.13 ~ 08.17,https://www.wishbunny.me/drop/1293,New Item
living,페블 세탁세제,"15,000",08.07 ~ 08.10,https://www.wishbunny.me/drop/1290,New Item
living,탁가온 실리콘 모음,"25,000",08.22 ~ 08.24,https://www.wishbunny.me/drop/1284,New Item
living,레고정리함,"26,000",08.21 ~ 08.25,https://www.wishbunny.me/drop/1271,New Item
living,비키틀즈 시계,N/A,08.13 ~ 08.16,https://www.wishbunny.me/drop/1267,New Item
living,러빗 이유식기 골라담기,"21,000",08.11 ~ 08.13,https://www.wishbunny.me/drop/1266,New Item
living,빙짜유기 놋향,"69,800",08.07 ~ 08.10,https://www.wishbunny.me/drop/1262,New Item
living,뉴코코맘 트롤리,"79,900",08.27 ~ 08.31,https://www.wishbunny.me/drop/1259,New Item
living,"리뉴얼 신상 마이니모 야채, 과일 살균세척기","159,000",08.26 ~ 08.31,https://www.wishbunny.me/drop/1258,New Item
living,"콩딱 도어스토퍼, 서랍 잠금장치","17,300",08.20 ~ 08.24,https://www.wishbunny.me/drop/1254,New Item
living,어뜌 안전 스크린 도어,"63,600",08.20 ~ 08.25,https://www.wishbunny.me/drop/1253,New Item
living,라무르,0,08.08 ~ 08.13,https://www.wishbunny.me/drop/1247,New Item
living,소중한습관,"24,800",08.25 ~ 08.30,https://www.wishbunny.me/drop/1242,New Item
living,소창수건,"54,900",08.20 ~ 08.23,https://www.wishbunny.me/drop/1231,New Item
living,탁가온 에코젠 식판,"8,300",08.18 ~ 08.22,https://www.wishbunny.me/drop/1229,New Item
living,주니컵 모음전,"21,000",08.20 ~ 08.22,https://www.wishbunny.me/drop/1220,New Item
living,베이비 브레짜 젖병소독기,"109,000",08.08 ~ 08.10,https://www.wishbunny.me/drop/1212,New Item
living,소중한 습관 모음전,"24,800",08.07 ~ 08.10,https://www.wishbunny.me/drop/1211,New Item
living,주니컵 모음전,N/A,08.14 ~ 08.17,https://www.wishbunny.me/drop/1201,New Item
living,탁가온식기,"31,200",08.30 ~ 08.31,https://www.wishbunny.me/drop/1197,New Item
living,리메스카 흉터스틱,N/A,08.14 ~ 08.21,https://www.wishbunny.me/drop/1193,New Item
living,썸머때치 & 모기때치,"9,900",08.07 ~ 08.10,https://www.wishbunny.me/drop/1176,New Item
living,비비엔다 낮잠이불,"89,900",08.21 ~ 08.24,https://www.wishbunny.me/drop/1165,New Item
living,엄마랑 아기랑 소독제,N/A,08.13 ~ 08.18,https://www.wishbunny.me/drop/1154,New Item
living,터블 세정제,"43,900",08.14 ~ 08.18,https://www.wishbunny.me/drop/1153,New Item
living,홈캠 거치대,"28,900",08.11 ~ 08.13,https://www.wishbunny.me/drop/1133,New Item
living,터블 발포세정제,"21,900",08.07 ~ 08.10,https://www.wishbunny.me/drop/1132,New Item
living,어뜌 롤링스크린,"63,600",08.06 ~ 08.12,https://www.wishbunny.me/drop/1131,New Item
living,플레인팟,"98,300",08.28 ~ 09.04,https://www.wishbunny.me/drop/1130,New Item
living,켄트로얄,"29,800",08.25 ~ 09.01,https://www.wishbunny.me/drop/1128,New Item
living,닥터파베,"268,500",08.14 ~ 08.21,https://www.wishbunny.me/drop/1125,New Item
living,바스 & NEW 대용량,"15,800",08.07 ~ 08.14,https://www.wishbunny.me/drop/1122,New Item
living,클라 세제,"18,900",08.20 ~ 08.25,https://www.wishbunny.me/drop/1106,New Item
living,지누스 매트리스,N/A,08.06 ~ 08.13,https://www.wishbunny.me/drop/1103,New Item
living,데코아르 에어건,"69,800",08.05 ~ 08.09,https://www.wishbunny.me/drop/1102,New Item
living,매직캔 히포2,"62,900",08.22 ~ 08.30,https://www.wishbunny.me/drop/1100,New Item
living,데코아르 에어건,"69,800",08.13 ~ 08.25,https://www.wishbunny.me/drop/1098,New Item
living,블로우 보온 보냉 백팩,"99,000",08.08 ~ 08.10,https://www.wishbunny.me/drop/1096,New Item
living,레드루트 세제,"48,000",08.05 ~ 08.13,https://www.wishbunny.me/drop/1095,New Item
living,템포 티슈,"72,000",08.19 ~ 08.22,https://www.wishbunny.me/drop/1089,New Item
living,플레인팟 세탁세제,"18,200",08.19 ~ 08.22,https://www.wishbunny.me/drop/1088,New Item
living,접어쓰는 푸쉬락,N/A,08.11 ~ 08.14,https://www.wishbunny.me/drop/1074,New Item
living,데펜소 오리지널 시리즈,"329,000",08.26 ~ 08.28,https://www.wishbunny.me/drop/1071,New Item
living,브라반티아 보터치빈,N/A,08.21 ~ 08.25,https://www.wishbunny.me/drop/1067,New Item
living,옥소 야채탈수기,N/A,08.19 ~ 08.25,https://www.wishbunny.me/drop/1066,New Item
living,펀일로 후라이팬 신상,"105,000",08.14 ~ 08.17,https://www.wishbunny.me/drop/1065,New Item
living,스위퍼 더스터,"29,900",08.12 ~ 08.16,https://www.wishbunny.me/drop/1064,New Item
living,큐폴드 카트,"72,900",08.07 ~ 08.11,https://www.wishbunny.me/drop/1063,New Item
living,라치우드 도마 캐나다,N/A,08.06 ~ 08.13,https://www.wishbunny.me/drop/1062,New Item
living,화이트샌즈 우양산,"27,000",08.13 ~ 08.30,https://www.wishbunny.me/drop/1061,New Item
living,윗클 세정티슈,"14,900",08.19 ~ 08.25,https://www.wishbunny.me/drop/1053,New Item
living,자동회전롤팬,"94,000",08.11 ~ 08.25,https://www.wishbunny.me/drop/1048,New Item
living,프레이포잇 찌든때 세척 폼 + 멀티클리너,N/A,08.20 ~ 08.24,https://www.wishbunny.me/drop/1039,New Item
living,코에르 미끄럼방지매트/수건,"18,800",08.11 ~ 08.14,https://www.wishbunny.me/drop/1036,New Item
living,"에브니에 책상,책장,북선반/피아노책상","2,748,000",09.01 ~ 09.07,https://www.wishbunny.me/drop/1034,New Item
living,리네아 저상형 수납침대,"2,804,000",08.25 ~ 08.31,https://www.wishbunny.me/drop/1033,New Item
living,클레어 워셔블 모듈 소파,"2,592,000",08.18 ~ 08.24,https://www.wishbunny.me/drop/1032,New Item
living,메팔런치팟,"27,700",08.25 ~ 08.30,https://www.wishbunny.me/drop/1026,New Item
living,윗클를리너,"14,900",08.14 ~ 08.16,https://www.wishbunny.me/drop/1016,New Item
living,보드리 방수패드,N/A,08.11 ~ 08.17,https://www.wishbunny.me/drop/1013,New Item
living,프랭클린,"15,900",08.08 ~ 08.17,https://www.wishbunny.me/drop/1010,New Item
living,바스탈취제,"15,800",08.06 ~ 08.10,https://www.wishbunny.me/drop/1008,New Item
living,"위드글로우 책상,의자","299,000",08.18 ~ 08.20,https://www.wishbunny.me/drop/1001,New Item
living,란가구 회전책장,"326,800",08.13 ~ 08.17,https://www.wishbunny.me/drop/1000,New Item
living,프리파라 브루클린 밀폐용기,"54,000",08.19 ~ 08.24,https://www.wishbunny.me/drop/987,New Item
living,쿠도 쿠자 올스테인리스 칼세트,N/A,08.25 ~ 08.30,https://www.wishbunny.me/drop/985,New Item
living,알라딘 토끼냄비,"167,700",08.20 ~ 08.25,https://www.wishbunny.me/drop/984,New Item
living,헤리터 스테인리스 테이블 매트,"64,000",08.09 ~ 08.13,https://www.wishbunny.me/drop/983,New Item
living,이지탭프로,N/A,08.28 ~ 08.31,https://www.wishbunny.me/drop/981,New Item
living,바퀜 초특가,"229,000",08.25 ~ 08.31,https://www.wishbunny.me/drop/979,New Item
living,윗클 세정티슈,N/A,07.29 ~ 08.03,https://www.wishbunny.me/drop/966,New Item
living,마켓컬리 x 티리난지 쿡웨어,N/A,07.28 ~ 08.03,https://www.wishbunny.me/drop/965,New Item
living,에코에그 대나무 키친 타올,"32,000",08.18 ~ 08.31,https://www.wishbunny.me/drop/953,New Item
living,집탑 실리콘 푸드백,"21,300",08.04 ~ 08.18,https://www.wishbunny.me/drop/949,New Item
living,헤이홈 cctv,"52,000",08.04 ~ 08.06,https://www.wishbunny.me/drop/937,New Item
living,닥터포포 모음전,N/A,07.30 ~ 08.03,https://www.wishbunny.me/drop/936,New Item
living,에코버 세탁세제,N/A,08.27 ~ 08.31,https://www.wishbunny.me/drop/935,New Item
living,데코아르 에어건 & 멀티탭,N/A,08.05 ~ 08.10,https://www.wishbunny.me/drop/933,New Item
living,밀로앤개비 동물베개 모음전,"36,500",08.04 ~ 08.07,https://www.wishbunny.me/drop/916,New Item
living,아이누오 두상베개,"45,000",08.14 ~ 08.17,https://www.wishbunny.me/drop/896,New Item
living,글라시아 냉감패드,"33,700",08.06 ~ 08.12,https://www.wishbunny.me/drop/895,New Item
living,빠이염 빨래시트,"32,700",08.14 ~ 08.17,https://www.wishbunny.me/drop/884,New Item
living,오토모 스탠드형 진공 청소기,N/A,08.10 ~ 08.12,https://www.wishbunny.me/drop/872,New Item
living,주니 미니텀블러 신상,"8,900",08.08 ~ 08.10,https://www.wishbunny.me/drop/823,New Item
living,엔에프락 X 현대홈쇼핑 기획전,N/A,08.14 ~ 08.14,https://www.wishbunny.me/drop/739,New Item
living,이랑온 채소&해물육수,"30,600",08.05 ~ 08.10,https://www.wishbunny.me/drop/738,New Item
living,플레이조이 회전 정리함,"19,800",08.25 ~ 08.27,https://www.wishbunny.me/drop/736,New Item
living,제니퍼룸 폴더블 선풍기 2차,"78,000",08.18 ~ 08.21,https://www.wishbunny.me/drop/735,New Item
living,로로벨,N/A,08.05 ~ 08.13,https://www.wishbunny.me/drop/725,New Item
living,크러쉬 욕실세제,"26,600",08.18 ~ 08.22,https://www.wishbunny.me/drop/723,New Item
living,"디어커스 뱀부 500 화장지,키친타올,욕실화","19,800",08.11 ~ 08.14,https://www.wishbunny.me/drop/722,New Item
living,엘포틴 유산균,N/A,08.26 ~ 08.31,https://www.wishbunny.me/drop/721,New Item
living,런쿡스무디,"150,000",08.18 ~ 08.20,https://www.wishbunny.me/drop/720,New Item
living,엠지메가 오메가3,"60,000",08.12 ~ 08.17,https://www.wishbunny.me/drop/719,New Item
living,검트리 캄포엔드그레인 도마,N/A,08.06 ~ 08.08,https://www.wishbunny.me/drop/714,New Item
living,콤마씨 냉감패드 & 파우더 차렵이불,"122,550",08.07 ~ 08.10,https://www.wishbunny.me/drop/710,New Item
living,매직캔 히포 오토실링 크롬,"45,500",07.15 ~ 07.18,https://www.wishbunny.me/drop/674,New Item
living,힐조 바디밤 티트리 오일 베이비밤 페이스밤,"15,000",07.07 ~ 07.10,https://www.wishbunny.me/drop/673,New Item
living,"클린켄틴 컵, 텀블러","22,900",07.01 ~ 07.03,https://www.wishbunny.me/drop/672,New Item
living,터블,"21,900",07.01 ~ 07.03,https://www.wishbunny.me/drop/671,New Item
living,스토피아 식기건조대,"79,900",07.16 ~ 07.20,https://www.wishbunny.me/drop/660,New Item
living,클라 욕실세제,"29,500",07.11 ~ 07.15,https://www.wishbunny.me/drop/629,New Item
living,그랩그린 가루 캡슐세제,"19,000",07.07 ~ 07.10,https://www.wishbunny.me/drop/604,New Item
living,모멘티 비키틀즈 시계,"49,800",07.09 ~ 07.13,https://www.wishbunny.me/drop/579,New Item
living,생활공작소 제습제,"34,900",07.02 ~ 07.06,https://www.wishbunny.me/drop/577,New Item
living,모슈텀블러,"32,000",07.17 ~ 07.20,https://www.wishbunny.me/drop/572,New Item
living,베르지아 캐리어,"199,000",07.10 ~ 07.20,https://www.wishbunny.me/drop/571,New Item
living,도파밍 모찌백,"16,900",07.09 ~ 07.12,https://www.wishbunny.me/drop/570,New Item
living,푸쉬락,N/A,07.08 ~ 07.11,https://www.wishbunny.me/drop/568,New Item
living,누볼라 키즈 욕실화 세트,"29,800",07.23 ~ 07.27,https://www.wishbunny.me/drop/561,New Item
living,베로로캐리어,"219,000",07.16 ~ 07.20,https://www.wishbunny.me/drop/557,New Item
living,푸쉬락,"9,900",07.09 ~ 07.13,https://www.wishbunny.me/drop/553,New Item
living,르큅 스텐도시락,N/A,07.07 ~ 07.09,https://www.wishbunny.me/drop/551,New Item
living,유모차 쿨패드,"20,900",07.08 ~ 07.12,https://www.wishbunny.me/drop/528,New Item
living,핫템 보냉백,"18,000",07.07 ~ 07.10,https://www.wishbunny.me/drop/526,New Item
living,윗클 세정티슈,"8,200",07.11 ~ 07.14,https://www.wishbunny.me/drop/513,New Item
living,솜솜라이크 피크닉 모음,"36,900",07.17 ~ 07.20,https://www.wishbunny.me/drop/502,New Item
living,모슈 텀블러,"32,000",07.29 ~ 08.01,https://www.wishbunny.me/drop/497,New Item
living,스테나 선풍기,"149,000",07.18 ~ 07.22,https://www.wishbunny.me/drop/491,New Item
living,매직캔 분리수거함,"63,900",07.14 ~ 07.19,https://www.wishbunny.me/drop/488,New Item
living,모슈 죽통,"21,500",07.11 ~ 07.14,https://www.wishbunny.me/drop/484,New Item
living,다이치 쿨시트,"80,900",07.04 ~ 07.08,https://www.wishbunny.me/drop/481,New Item
living,휴대용 포트,"49,800",07.30 ~ 08.03,https://www.wishbunny.me/drop/464,New Item
living,디디오랩 넥밴드 선풍기 & 무선 접이식 선풍기,"39,000",07.15 ~ 07.19,https://www.wishbunny.me/drop/453,New Item
living,룸드라이어,"129,000",07.03 ~ 07.06,https://www.wishbunny.me/drop/451,New Item
living,인휴 냉감패드 & 냉감이불,"58,000",07.01 ~ 07.03,https://www.wishbunny.me/drop/433,New Item
living,바디드라이어,N/A,07.14 ~ 07.18,https://www.wishbunny.me/drop/420,New Item
living,실리만 찜기,"61,800",07.14 ~ 07.16,https://www.wishbunny.me/drop/419,New Item
living,베르지아 캐리어,"229,000",07.09 ~ 07.11,https://www.wishbunny.me/drop/416,New Item
living,아이스 냉감 누빔 매트리스커버,N/A,07.09 ~ 07.14,https://www.wishbunny.me/drop/415,New Item
living,이몽 워머 여름용,"24,900",07.04 ~ 07.07,https://www.wishbunny.me/drop/411,New Item
living,바스 탈취제,"15,800",07.04 ~ 07.07,https://www.wishbunny.me/drop/410,New Item
living,베르지아 캐리어,"229,000",07.16 ~ 07.20,https://www.wishbunny.me/drop/384,New Item
living,리베타 보조배터리,"16,500",07.15 ~ 07.19,https://www.wishbunny.me/drop/382,New Item
living,바스 탈취제,N/A,07.06 ~ 07.13,https://www.wishbunny.me/drop/372,New Item
living,프리미엄 세제 붐치키,"130,000",07.29 ~ 08.03,https://www.wishbunny.me/drop/366,New Item
living,코알라에코,"41,100",07.21 ~ 07.24,https://www.wishbunny.me/drop/352,New Item
living,지켜락 푸쉬락,"9,900",07.09 ~ 07.12,https://www.wishbunny.me/drop/350,New Item
living,솜솜라이크 피크닉 시리즈,"36,400",07.23 ~ 07.27,https://www.wishbunny.me/drop/343,New Item
living,브랜든 아우터 파우치,"53,000",06.30 ~ 07.06,https://www.wishbunny.me/drop/326,New Item
living,소토토치,N/A,06.30 ~ 07.01,https://www.wishbunny.me/drop/325,New Item
living,백조 깜뽀르테 프리미엄 사각 싱크볼+수전,"999,000",07.02 ~ 07.08,https://www.wishbunny.me/drop/324,New Item
living,한나 생리대 팬티,"29,500",07.22 ~ 07.25,https://www.wishbunny.me/drop/320,New Item
living,하이드로 플라스크 텀블러,"49,900",07.03 ~ 07.09,https://www.wishbunny.me/drop/319,New Item
living,짜글이 스텐 팬,"138,000",07.29 ~ 08.01,https://www.wishbunny.me/drop/318,New Item
living,고트만 히팅팟&통즈,N/A,07.14 ~ 07.16,https://www.wishbunny.me/drop/315,New Item
living,WOLL(볼) 원형팬/달걀말이팬/웍/뚜껑,N/A,07.09 ~ 07.11,https://www.wishbunny.me/drop/314,New Item
living,베르만 캐리어,N/A,07.19 ~ 07.22,https://www.wishbunny.me/drop/313,New Item
living,지샌즈 피넛 도자기 X 오늘의집,"66,215",07.18 ~ 07.20,https://www.wishbunny.me/drop/306,New Item
living,톤28 샴푸바 & 설거지바 신규 출시,"26,400",07.15 ~ 07.18,https://www.wishbunny.me/drop/304,New Item
living,스텐락 모스트/미니핸디/핸디,N/A,07.23 ~ 07.25,https://www.wishbunny.me/drop/302,New Item
living,어뜌 쓰봉 케이스 케어백,"16,900",06.12 ~ 06.15,https://www.wishbunny.me/drop/287,New Item
living,"한일 워셔블팬, 폴딩팬 2차","139,000",06.23 ~ 06.27,https://www.wishbunny.me/drop/283,New Item
living,접이식 텀블러,"18,480",06.13 ~ 06.15,https://www.wishbunny.me/drop/282,New Item
living,뉴이 트라이크 캐리어,"138,000",06.24 ~ 06.27,https://www.wishbunny.me/drop/274,New Item
living,봄봄 시공매트 4차,N/A,06.30 ~ 07.06,https://www.wishbunny.me/drop/258,New Item
living,시라쿠스 뉴욕,N/A,06.11 ~ 06.13,https://www.wishbunny.me/drop/255,New Item
living,터블 텀블러 세정제 2차,"21,900",06.30 ~ 07.13,https://www.wishbunny.me/drop/252,New Item
living,독일 명품칼 우스토프 드라이작,N/A,06.25 ~ 06.27,https://www.wishbunny.me/drop/248,New Item
living,이지드롭 변기 클리너,"19,900",06.20 ~ 06.23,https://www.wishbunny.me/drop/243,New Item
living,네오플램 글라쎄z,"99,000",06.09 ~ 06.12,https://www.wishbunny.me/drop/240,New Item
living,스닐로스티치 통풍시트,"55,000",06.12 ~ 06.15,https://www.wishbunny.me/drop/233,New Item
living,무아스 타이머,N/A,06.19 ~ 06.22,https://www.wishbunny.me/drop/230,New Item
living,페블 캡슐 세탁세제,"15,000",06.10 ~ 06.15,https://www.wishbunny.me/drop/228,New Item
living,밴밧 카시트 거울,"49,000",06.10 ~ 06.13,https://www.wishbunny.me/drop/224,New Item
living,BAS 바스 탈취제 3차,"8,900",06.19 ~ 06.23,https://www.wishbunny.me/drop/223,New Item
living,수면공감 냉감패드 2차,"69,800",06.16 ~ 06.19,https://www.wishbunny.me/drop/221,New Item
living,아추추 쿨링 패드 (여름 냉감 이불 & 패드),"119,000",06.09 ~ 06.11,https://www.wishbunny.me/drop/209,New Item
living,보냉백,"27,900",06.06 ~ 06.09,https://www.wishbunny.me/drop/192,New Item
living,다이치 에어포켓4,"80,900",06.05 ~ 06.08,https://www.wishbunny.me/drop/190,New Item
living,주니 컵 모음전 2차,N/A,06.02 ~ 06.04,https://www.wishbunny.me/drop/183,New Item
living,밀폐용기,"229,800",06.09 ~ 06.12,https://www.wishbunny.me/drop/181,New Item
living,스닐로스티치 보냉가방 2차,"27,900",06.10 ~ 06.13,https://www.wishbunny.me/drop/160,New Item
living,디디오랩 선풍기,"34,000",06.23 ~ 06.27,https://www.wishbunny.me/drop/153,New Item
living,스닐로스티치 보냉백,"32,560",06.16 ~ 06.18,https://www.wishbunny.me/drop/151,New Item
living,구름이불 & 글라쎄 냉감패드,"129,000",06.23 ~ 06.26,https://www.wishbunny.me/drop/141,New Item
living,색깔체인지 우산,"19,800",06.20 ~ 06.20,https://www.wishbunny.me/drop/138,New Item
living,에어리어 선풍기,"246,000",06.16 ~ 06.20,https://www.wishbunny.me/drop/133,New Item
living,해열 베게 패드,"27,900",06.15 ~ 06.19,https://www.wishbunny.me/drop/132,New Item
living,마이니모 야채 살균기,"159,000",06.10 ~ 06.13,https://www.wishbunny.me/drop/127,New Item
living,드림팜 조리도구,"29,900",06.05 ~ 06.08,https://www.wishbunny.me/drop/121,New Item
living,바디럽 샤워 호스,"76,900",06.12 ~ 06.19,https://www.wishbunny.me/drop/115,New Item
living,브랜든 압축팩,"78,000",06.02 ~ 06.08,https://www.wishbunny.me/drop/111,New Item
living,헤이홈 스마트 홈캠 cctv,"52,000",06.18 ~ 06.20,https://www.wishbunny.me/drop/107,New Item
living,아트백,"16,800",06.13 ~ 06.16,https://www.wishbunny.me/drop/103,New Item
living,디디오랩 선풍기 2차,"169,000",06.11 ~ 06.14,https://www.wishbunny.me/drop/102,New Item
living,시치미 쓱 초미니 물티슈 8매입 40팩,"18,900",06.08 ~ 06.11,https://www.wishbunny.me/drop/101,New Item
living,알텐바흐 디펜더스 팬,"48,000",06.05 ~ 06.11,https://www.wishbunny.me/drop/97,New Item
living,마리슈타이거 다용도 미니 국자,"5,500",06.04 ~ 06.06,https://www.wishbunny.me/drop/96,New Item
living,컬러체인징 우산,"18,500",06.16 ~ 06.19,https://www.wishbunny.me/drop/85,New Item
living,멜로우 비비드 미니 핸디 선풍기,"13,900",06.11 ~ 06.14,https://www.wishbunny.me/drop/82,New Item
living,스닐로스티치 비치백&텀블러 파우치,"27,900",06.05 ~ 06.07,https://www.wishbunny.me/drop/78,New Item
living,아추추 냉감 침구 모음전,"89,000",06.12 ~ 06.15,https://www.wishbunny.me/drop/68,New Item
living,꼬메프리마 침대 방수 패드,"39,900",06.09 ~ 06.11,https://www.wishbunny.me/drop/67,New Item
living,썸머비치백 망사가방,"29,900",06.27 ~ 07.01,https://www.wishbunny.me/drop/62,New Item
living,두상 베개 방수패드,"39,300",06.25 ~ 06.27,https://www.wishbunny.me/drop/61,New Item
living,베베비비 모기 패치 썸머패치,"9,800",06.12 ~ 06.15,https://www.wishbunny.me/drop/54,New Item
living,라벨기,"33,900",06.11 ~ 06.16,https://www.wishbunny.me/drop/53,New Item
living,래디어스 칫솔,"62,900",06.09 ~ 06.12,https://www.wishbunny.me/drop/52,New Item
living,울트라 슈퍼냉감 포르페 쿨매트&쿨패드&쿨매트리스커버 / 아이스쿨링 폴리아미드 냉감이불 / 유아 냉감 바디필로우,"71,900",06.05 ~ 06.08,https://www.wishbunny.me/drop/51,New Item
living,캡슐 세제 주방 세제,"47,500",06.23 ~ 06.26,https://www.wishbunny.me/drop/28,New Item
living,무선 접이식 선풍기,N/A,05.15 ~ 05.19,https://www.wishbunny.me/drop/27,New Item
living,바스 탈취제,N/A,05.27 ~ 05.31,https://www.wishbunny.me/drop/24,New Item
wash,라비킷 분유포트 2차,N/A,02.26 ~ 02.28,https://www.wishbunny.me/drop/10160,New Item
wash,구딩 콧물흡입기,N/A,02.24 ~ 02.26,https://www.wishbunny.me/drop/10159,New Item
wash,마베비 이유식 워머 휴대용 포트,N/A,02.07 ~ 02.09,https://www.wishbunny.me/drop/10149,New Item
wash,(에어딕) 미니 마사지건&종아리 마사지기,"52,000",02.05 ~ 02.07,https://www.wishbunny.me/drop/9818,
wash,네블라이저,"114,000",02.05 ~ 02.07,https://www.wishbunny.me/drop/9801,
wash,미니 디지털카메라,N/A,02.26 ~ 02.28,https://www.wishbunny.me/drop/9760,
wash,쿠진아트 에어프라이어,N/A,02.23 ~ 02.25,https://www.wishbunny.me/drop/9757,
wash,셀루엣 돌돌이 마사지기,"119,000",02.04 ~ 02.06,https://www.wishbunny.me/drop/9750,
wash,아가드 라벨프린터기,N/A,02.16 ~ 02.18,https://www.wishbunny.me/drop/9686,
wash,디디오랩 의류관리기,N/A,02.27 ~ 03.01,https://www.wishbunny.me/drop/9665,
wash,캐논 복합기,N/A,02.20 ~ 02.22,https://www.wishbunny.me/drop/9660,
wash,베베노 콧물흡입기,N/A,02.09 ~ 02.11,https://www.wishbunny.me/drop/9555,
wash,마이쿠커 이유식 제조기 3차,N/A,02.18 ~ 02.20,https://www.wishbunny.me/drop/9479,
wash,오넬리 스팀 에어프라이어,N/A,02.09 ~ 02.11,https://www.wishbunny.me/drop/9409,
wash,미니 압력솥&인덕션,N/A,02.09 ~ 02.12,https://www.wishbunny.me/drop/9275,
wash,사파dvd 플레이어,"99,000",02.05 ~ 02.08,https://www.wishbunny.me/drop/9152,
wash,메쉬넵 네블라이저,"114,000",02.03 ~ 02.05,https://www.wishbunny.me/drop/9059,
wash,고요아 PTC 온풍기,"168,000",01.29 ~ 02.06,https://www.wishbunny.me/drop/8983,
wash,로이첸 아이지글 롤팬,"89,900",02.06 ~ 02.13,https://www.wishbunny.me/drop/8957,Date Update: 01.31 ~ 02.06 -> 02.06 ~ 02.13
wash,마이쿠커 두유제조기,"129,000",02.23 ~ 02.26,https://www.wishbunny.me/drop/8939,
wash,롤팬 NEW 오리지널,"94,000",01.23 ~ 02.01,https://www.wishbunny.me/drop/8850,
wash,아이리스 방역기 피톤치드2L SET,"59,000",02.06 ~ 02.10,https://www.wishbunny.me/drop/8798,Date Update: 02.01 ~ 02.05 -> 02.06 ~ 02.10
wash,올무빙 모션쇼파 4세대,"990,000",01.23 ~ 01.27,https://www.wishbunny.me/drop/8773,
wash,닌자 프로페셔널 초퍼 NJ1001KR,"49,900",02.03 ~ 02.08,https://www.wishbunny.me/drop/8575,Date Update: 02.01 ~ 02.05 -> 02.03 ~ 02.08
wash,고요아 가습기,"228,000",01.12 ~ 01.15,https://www.wishbunny.me/drop/8400,
wash,오브제히터,N/A,01.07 ~ 01.11,https://www.wishbunny.me/drop/8392,
wash,맥세이프 보조베터리,"29,900",01.06 ~ 01.12,https://www.wishbunny.me/drop/8385,
wash,미니미 압력솥 *100대 한정!*,"79,000",01.16 ~ 01.18,https://www.wishbunny.me/drop/8296,New Item
wash,보아르 휴대용포트,"39,800",01.30 ~ 02.01,https://www.wishbunny.me/drop/8253,New Item
wash,미닉스 김치냉장고,"359,000",01.22 ~ 01.25,https://www.wishbunny.me/drop/8204,New Item
wash,사파 CD/DVD플레이어,"69,000",02.06 ~ 02.10,https://www.wishbunny.me/drop/8096,New Item
wash,에디슨 핸즈프리스탠딩드라이기,"219,000",02.01 ~ 02.05,https://www.wishbunny.me/drop/8067,New Item
wash,2in1 압력밥솥,N/A,01.02 ~ 01.01,https://www.wishbunny.me/drop/8006,New Item
wash,에브리데이 오메가3,"89,700",01.05 ~ 01.07,https://www.wishbunny.me/drop/7954,New Item
wash,아텍스 네뷸라이저,N/A,01.01 ~ 01.05,https://www.wishbunny.me/drop/7946,New Item
wash,디알고 키즈해드셋,N/A,01.13 ~ 01.21,https://www.wishbunny.me/drop/7939,New Item
wash,코렐 원터치 압력솥 x 카카오톡딜,"129,000",01.14 ~ 01.16,https://www.wishbunny.me/drop/7920,New Item
wash,미닉스 음식물처리기 오픈,N/A,01.25 ~ 01.18,https://www.wishbunny.me/drop/7916,New Item
wash,네스카페 돌체구스토 네오,N/A,01.15 ~ 01.18,https://www.wishbunny.me/drop/7915,New Item
wash,에브리봇 침구 청소기 x1,"248,000",01.05 ~ 01.07,https://www.wishbunny.me/drop/7914,New Item
wash,락앤락 김치냉장고,"349,000",01.27 ~ 01.29,https://www.wishbunny.me/drop/7905,New Item
wash,차자동회전롤팬,"94,000",01.16 ~ 01.18,https://www.wishbunny.me/drop/7861,New Item
wash,사파 플레이어 SDV700,N/A,01.16 ~ 01.18,https://www.wishbunny.me/drop/7848,New Item
wash,(파나소닉) 나노케어 헤어 드라이어,"299,000",01.12 ~ 01.15,https://www.wishbunny.me/drop/7829,New Item
wash,넘버블록스 DVD세트,N/A,01.26 ~ 01.28,https://www.wishbunny.me/drop/7807,New Item
wash,에디슨 핸즈프리 드라이기,"219,000",01.19 ~ 01.21,https://www.wishbunny.me/drop/7791,New Item
wash,휙 미니 드라이기,"21,900",01.19 ~ 01.22,https://www.wishbunny.me/drop/7781,New Item
wash,"코닥 카메라 (미니샷 2,3)",N/A,01.01 ~ 01.03,https://www.wishbunny.me/drop/7736,New Item
wash,캐논 프린터기,N/A,01.02 ~ 01.05,https://www.wishbunny.me/drop/7702,New Item
wash,러브모모 x 꿀엿고구마,N/A,01.22 ~ 01.24,https://www.wishbunny.me/drop/7668,New Item
wash,레이캅 침구 청소기,"166,000",01.22 ~ 01.28,https://www.wishbunny.me/drop/7384,New Item
wash,최저가 9만원대 DVD플레이어 & DVD 모음,"99,000",01.15 ~ 01.15,https://www.wishbunny.me/drop/7155,New Item
wash,제본기+코팅기,"79,000",12.26 ~ 01.06,https://www.wishbunny.me/drop/7151,New Item
wash,마이쿠커 두유제조기,"129,000",01.05 ~ 01.08,https://www.wishbunny.me/drop/7063,New Item
wash,유누옷장 × 스윙베베 온풍히터(오리지날/프로),"39,000",01.05 ~ 01.10,https://www.wishbunny.me/drop/7029,New Item
wash,마이아 마이쿠커,"129,000",01.30 ~ 02.02,https://www.wishbunny.me/drop/6999,New Item
wash,고요아 스텐 가열식 가습기,"228,000",01.14 ~ 01.23,https://www.wishbunny.me/drop/6967,New Item
wash,고요아 가습기,"228,000",12.22 ~ 12.28,https://www.wishbunny.me/drop/6890,New Item
wash,세인트리빙 카본매트/토퍼,"99,000",12.17 ~ 12.20,https://www.wishbunny.me/drop/6889,New Item
wash,끌리젠 온풍기,"147,900",12.23 ~ 12.24,https://www.wishbunny.me/drop/6880,New Item
wash,몽쉐어 EMF 전자인증 무소음 탄소매트,"47,900",12.12 ~ 12.31,https://www.wishbunny.me/drop/6866,New Item
wash,헤이홈 홈카메라 & 거치대,"29,500",12.22 ~ 01.01,https://www.wishbunny.me/drop/6840,New Item
wash,끌리젠 온풍기,"147,900",12.17 ~ 12.19,https://www.wishbunny.me/drop/6838,New Item
wash,보바 보조베터리,"28,900",12.19 ~ 12.25,https://www.wishbunny.me/drop/6832,New Item
wash,플레이 헤어드레서,N/A,12.15 ~ 12.17,https://www.wishbunny.me/drop/6830,New Item
wash,데코아르 보조베터리,"29,900",12.09 ~ 12.12,https://www.wishbunny.me/drop/6815,New Item
wash,드리미 드라이기,"119,000",12.08 ~ 12.12,https://www.wishbunny.me/drop/6814,New Item
wash,요즘 핫한 빗고데기,N/A,12.23 ~ 01.01,https://www.wishbunny.me/drop/6756,New Item
wash,한일 AI히터,"159,000",12.12 ~ 12.14,https://www.wishbunny.me/drop/6749,New Item
wash,에디슨 스탠딩드라이기,"219,000",12.07 ~ 12.31,https://www.wishbunny.me/drop/6672,New Item
wash,프롬비 욕실온풍기 가습기 온풍기 모음전,"69,000",12.06 ~ 12.10,https://www.wishbunny.me/drop/6670,New Item
wash,참바디 보풀제거기,"21,000",12.03 ~ 12.10,https://www.wishbunny.me/drop/6669,New Item
wash,닌자 샤크 모음전,"49,900",12.06 ~ 12.22,https://www.wishbunny.me/drop/6665,New Item
wash,26년형 슈퍼소닉붐 스테이션 무선 청소기,"198,000",12.04 ~ 12.07,https://www.wishbunny.me/drop/6654,New Item
wash,구딩 메쉬냅 베어 네블라이저,"114,000",12.14 ~ 12.16,https://www.wishbunny.me/drop/6640,New Item
wash,스탠딩 드라이기,N/A,12.02 ~ 12.07,https://www.wishbunny.me/drop/6630,New Item
wash,스윙베베 온풍히터,N/A,12.01 ~ 12.08,https://www.wishbunny.me/drop/6620,New Item
wash,시스템 공치 청정기 에어로쉴드 s,"32,500",12.05 ~ 12.08,https://www.wishbunny.me/drop/6603,New Item
wash,라비킷 분유포트,"155,000",01.22 ~ 01.25,https://www.wishbunny.me/drop/6564,New Item
wash,콧물 흡입기,"149,000",12.31 ~ 01.01,https://www.wishbunny.me/drop/6553,New Item
wash,온풍기,"147,900",12.18 ~ 01.01,https://www.wishbunny.me/drop/6546,New Item
wash,마이쿠커 이유식 제조기,"129,000",12.17 ~ 12.19,https://www.wishbunny.me/drop/6545,New Item
wash,온열매트,"99,000",12.05 ~ 12.14,https://www.wishbunny.me/drop/6538,New Item
wash,두리 콧물 흡입기,N/A,12.11 ~ 12.14,https://www.wishbunny.me/drop/6483,New Item
wash,끌리젠 온풍기,"147,900",12.05 ~ 12.07,https://www.wishbunny.me/drop/6448,New Item
wash,에어메이드 가습기,"139,000",12.16 ~ 01.01,https://www.wishbunny.me/drop/6439,New Item
wash,라비킷 분유포트,"155,000",12.29 ~ 01.01,https://www.wishbunny.me/drop/6431,New Item
wash,한일 물멍 가습기,"219,000",12.24 ~ 12.28,https://www.wishbunny.me/drop/6429,New Item
wash,한일 탄소매트,"99,000",12.19 ~ 12.24,https://www.wishbunny.me/drop/6426,New Item
wash,아토케어 침구 청소기,"108,000",12.09 ~ 12.12,https://www.wishbunny.me/drop/6418,New Item
wash,한일 욕실 온풍기,"159,000",12.08 ~ 12.12,https://www.wishbunny.me/drop/6417,New Item
wash,헤이홈 홈캠,"52,000",12.04 ~ 12.07,https://www.wishbunny.me/drop/6416,New Item
wash,보풀제거기 종결판,"29,900",12.05 ~ 12.08,https://www.wishbunny.me/drop/6380,New Item
wash,자동회전 롤팬,"94,000",12.08 ~ 12.14,https://www.wishbunny.me/drop/6371,New Item
wash,닌자 에어그릴,"309,000",12.11 ~ 12.18,https://www.wishbunny.me/drop/6366,New Item
wash,끌리젠 오방난로,"120,900",12.04 ~ 12.07,https://www.wishbunny.me/drop/6364,New Item
wash,한일 AI 욕실 온풍기,"139,000",12.11 ~ 12.15,https://www.wishbunny.me/drop/6362,New Item
wash,프리파라 밀폐용기,N/A,12.02 ~ 12.08,https://www.wishbunny.me/drop/6360,New Item
wash,케리프 가습기,"99,900",12.01 ~ 12.10,https://www.wishbunny.me/drop/6359,New Item
wash,오드앵글 히터,"114,000",12.11 ~ 12.15,https://www.wishbunny.me/drop/6354,New Item
wash,닥터스 탄소매트,"279,000",12.04 ~ 12.10,https://www.wishbunny.me/drop/6353,New Item
wash,닌자 에어그릴,"30,900",12.11 ~ 12.14,https://www.wishbunny.me/drop/6351,New Item
wash,르엘라컨벡션히터,N/A,12.01 ~ 12.10,https://www.wishbunny.me/drop/6346,New Item
wash,베베누보 카본 온열매트,N/A,12.02 ~ 12.07,https://www.wishbunny.me/drop/6333,New Item
wash,데코아르 에어건,"69,800",12.10 ~ 12.14,https://www.wishbunny.me/drop/6329,New Item
wash,미니 카메라,N/A,12.08 ~ 12.10,https://www.wishbunny.me/drop/6328,New Item
wash,"돌돌이 빠이, 아토케어 침구청소기","108,000",12.22 ~ 12.24,https://www.wishbunny.me/drop/6312,New Item
wash,테이블 히터,"119,000",12.09 ~ 12.11,https://www.wishbunny.me/drop/6300,New Item
wash,주니 백색 소음기,"30,000",12.08 ~ 12.12,https://www.wishbunny.me/drop/6274,New Item
wash,헤이홈,"52,000",12.08 ~ 12.10,https://www.wishbunny.me/drop/6201,New Item
wash,네블라이저 2종,"69,000",12.19 ~ 01.01,https://www.wishbunny.me/drop/6190,New Item
wash,한일 컨벡터 히터,"139,000",12.09 ~ 12.14,https://www.wishbunny.me/drop/6181,New Item
wash,헤이홈 홈캠 + 거치대,"52,000",12.16 ~ 12.18,https://www.wishbunny.me/drop/6172,New Item
wash,구딩 콧물 흡입기,"126,000",12.08 ~ 12.12,https://www.wishbunny.me/drop/6155,New Item
wash,무필터 공기 청정기,"757,000",12.09 ~ 12.12,https://www.wishbunny.me/drop/6146,New Item
wash,무아스 플라즈마 드라이기(거치대포함),"79,900",12.22 ~ 12.25,https://www.wishbunny.me/drop/6121,New Item
wash,오넬리 에어 프라이어,"328,000",12.17 ~ 12.19,https://www.wishbunny.me/drop/6111,New Item
wash,미닉스 김치냉장고 & 김치통,"359,000",01.15 ~ 01.18,https://www.wishbunny.me/drop/6108,New Item
wash,가습기 & 탄소매트,"169,000",12.04 ~ 12.09,https://www.wishbunny.me/drop/6106,New Item
wash,에브리봇 침구 청소기,"248,000",12.08 ~ 12.11,https://www.wishbunny.me/drop/6103,New Item
wash,바이타믹스,"1,160,000",12.13 ~ 12.16,https://www.wishbunny.me/drop/6077,New Item
wash,욕실 온풍기 2차,N/A,12.15 ~ 12.17,https://www.wishbunny.me/drop/6073,New Item
wash,케어팟 가습기,"209,000",11.29 ~ 12.01,https://www.wishbunny.me/drop/6047,New Item
wash,네블리 네블라이저,N/A,11.25 ~ 11.28,https://www.wishbunny.me/drop/6041,New Item
wash,끌리젠 가열식 가습기,"243,900",12.08 ~ 12.10,https://www.wishbunny.me/drop/6034,New Item
wash,고요아 가습기 앵콜,"228,000",11.26 ~ 11.30,https://www.wishbunny.me/drop/6027,New Item
wash,로보락 s9 max V 슬림 로봇청소기,N/A,12.22 ~ 12.27,https://www.wishbunny.me/drop/6026,New Item
wash,깜공! 스텐팟 가습기,N/A,11.16 ~ 11.16,https://www.wishbunny.me/drop/5937,New Item
wash,욕실히터,N/A,11.19 ~ 11.21,https://www.wishbunny.me/drop/5927,New Item
wash,가습기 & 탄소매트 앵콜,"169,000",12.04 ~ 12.09,https://www.wishbunny.me/drop/5912,New Item
wash,드웰러 탄소매트,"169,000",11.11 ~ 11.17,https://www.wishbunny.me/drop/5910,New Item
wash,샤크 무선 청소기,"679,000",11.19 ~ 11.22,https://www.wishbunny.me/drop/5909,New Item
wash,닥터스 탄소매트,"366,000",11.13 ~ 11.16,https://www.wishbunny.me/drop/5884,New Item
wash,무선 핸들 블렌더,"99,800",11.27 ~ 11.29,https://www.wishbunny.me/drop/5876,New Item
wash,베베누보 온열매트,N/A,11.17 ~ 11.19,https://www.wishbunny.me/drop/5857,New Item
wash,헤이홈 홈캠 전모델,"52,000",11.27 ~ 11.30,https://www.wishbunny.me/drop/5815,New Item
wash,한일 온풍기,N/A,11.24 ~ 11.26,https://www.wishbunny.me/drop/5811,New Item
wash,메쉬넵베어 네블라이저,"114,000",11.21 ~ 11.23,https://www.wishbunny.me/drop/5810,New Item
wash,끌리젠 가열식 가습기,"243,900",11.20 ~ 11.23,https://www.wishbunny.me/drop/5809,New Item
wash,라비킷 분유포트,"155,000",11.18 ~ 11.22,https://www.wishbunny.me/drop/5807,New Item
wash,루프트럼 가습기,N/A,11.06 ~ 11.09,https://www.wishbunny.me/drop/5786,New Item
wash,스미스앤스미시 에어프라이어,"229,000",11.06 ~ 11.13,https://www.wishbunny.me/drop/5771,New Item
wash,꾸망 전기요 탄소매트,"54,800",11.27 ~ 11.30,https://www.wishbunny.me/drop/5766,New Item
wash,오므론 네블라이저,"169,000",11.03 ~ 11.05,https://www.wishbunny.me/drop/5757,New Item
wash,스텐팟 가습기,"299,000",11.20 ~ 11.22,https://www.wishbunny.me/drop/5753,New Item
wash,클렌하임 이너청소기&전용세제,"169,000",11.10 ~ 11.12,https://www.wishbunny.me/drop/5749,New Item
wash,아이리스그룹 소독기,N/A,11.17 ~ 11.20,https://www.wishbunny.me/drop/5746,New Item
wash,한일전기 욕실히터,"159,000",11.03 ~ 11.07,https://www.wishbunny.me/drop/5714,New Item
wash,하이엔드 베이비 탄소매트,"119,200",11.03 ~ 11.09,https://www.wishbunny.me/drop/5712,New Item
wash,오므론 네블라이저,N/A,11.06 ~ 11.09,https://www.wishbunny.me/drop/5585,New Item
wash,루메나 발난로,"20,900",11.04 ~ 11.07,https://www.wishbunny.me/drop/5568,New Item
wash,세라쥬 디바이스,N/A,11.17 ~ 11.24,https://www.wishbunny.me/drop/5564,New Item
wash,오아 히트워머,"29,900",11.28 ~ 12.03,https://www.wishbunny.me/drop/5558,New Item
wash,장수돌 쿼드코어 목마사지기,"75,000",11.28 ~ 12.03,https://www.wishbunny.me/drop/5557,New Item
wash,유라이크 제모기,"279,000",11.26 ~ 11.30,https://www.wishbunny.me/drop/5556,New Item
wash,샤크닌자 기획전,"49,900",11.16 ~ 11.19,https://www.wishbunny.me/drop/5547,New Item
wash,휴브론 에어스트레이트너,"129,000",11.13 ~ 11.16,https://www.wishbunny.me/drop/5544,New Item
wash,한일 온풍기,N/A,11.19 ~ 11.22,https://www.wishbunny.me/drop/5515,New Item
wash,마베비 휴대용 분유포트,"89,500",11.18 ~ 11.21,https://www.wishbunny.me/drop/5514,New Item
wash,단미 충전식 손난로 핫팩,N/A,11.05 ~ 11.09,https://www.wishbunny.me/drop/5505,New Item
wash,두유제조기,"12,900",11.29 ~ 12.02,https://www.wishbunny.me/drop/5501,New Item
wash,베베누보 매트,"99,000",11.16 ~ 11.19,https://www.wishbunny.me/drop/5459,New Item
wash,메쉬넵 네블라이저,"114,000",11.07 ~ 11.10,https://www.wishbunny.me/drop/5450,New Item
wash,끌리젠 가습기,"243,900",11.25 ~ 11.28,https://www.wishbunny.me/drop/5416,New Item
wash,퍼기 유리초퍼,"31,900",11.19 ~ 11.21,https://www.wishbunny.me/drop/5415,New Item
wash,메쉬넵 베어 네뷸라이저,"114,000",11.18 ~ 11.21,https://www.wishbunny.me/drop/5402,New Item
wash,헤이홈 홈카메라 모음전,"52,000",11.16 ~ 11.19,https://www.wishbunny.me/drop/5400,New Item
wash,욕실히터,N/A,11.13 ~ 11.16,https://www.wishbunny.me/drop/5363,New Item
wash,봄봄 분유 포트,"118,000",11.19 ~ 11.21,https://www.wishbunny.me/drop/5358,New Item
wash,라비킷 분유포트,"155,000",11.24 ~ 11.28,https://www.wishbunny.me/drop/5339,New Item
wash,디디오랩 카본매트,"199,000",11.14 ~ 11.16,https://www.wishbunny.me/drop/5337,New Item
wash,베베코지 이유식 포트,"59,400",11.10 ~ 11.13,https://www.wishbunny.me/drop/5335,New Item
wash,구딩 메쉬넵 베어,"114,000",11.03 ~ 11.06,https://www.wishbunny.me/drop/5303,New Item
wash,오므론 네블라이저,"119,000",11.20 ~ 11.24,https://www.wishbunny.me/drop/5230,New Item
wash,닌자 쵸퍼,"49,900",11.11 ~ 11.14,https://www.wishbunny.me/drop/5224,New Item
wash,클래파 라디에이터,"199,000",11.12 ~ 11.14,https://www.wishbunny.me/drop/5179,New Item
wash,나리몽 드라이기,"6,900",11.19 ~ 11.21,https://www.wishbunny.me/drop/5166,New Item
wash,에어리어 온풍기,"129,000",11.10 ~ 11.13,https://www.wishbunny.me/drop/5149,New Item
wash,그래핀 전자파0 탄소매트,"143,000",11.06 ~ 11.09,https://www.wishbunny.me/drop/5147,New Item
wash,베베누보 온열매트,"99,000",11.16 ~ 11.19,https://www.wishbunny.me/drop/5111,New Item
wash,메쉬냅 베어 네뷸라이저,"114,000",11.26 ~ 11.29,https://www.wishbunny.me/drop/5096,New Item
wash,구딩 콧물 흡입기,"126,000",11.12 ~ 11.17,https://www.wishbunny.me/drop/5088,New Item
wash,디디오랩 그래핀 탄소매트,N/A,11.24 ~ 11.27,https://www.wishbunny.me/drop/5077,New Item
wash,스미스앤스미시 스윙베베 히터,N/A,11.21 ~ 11.23,https://www.wishbunny.me/drop/5076,New Item
wash,한일 콧물 흡입기,N/A,11.19 ~ 11.21,https://www.wishbunny.me/drop/5074,New Item
wash,캐논 복합기 & 사파 제본 코팅기,"179,000",11.18 ~ 11.21,https://www.wishbunny.me/drop/5072,New Item
wash,데코아르 에어건 프로,N/A,11.12 ~ 11.16,https://www.wishbunny.me/drop/5068,New Item
wash,한일전기 욕실 온풍기,N/A,11.11 ~ 11.16,https://www.wishbunny.me/drop/5067,New Item
wash,리빙 플레이어 스탠딩 드라이기,"79,000",11.05 ~ 11.09,https://www.wishbunny.me/drop/5063,New Item
wash,온열매트 & 발열매트,"99,000",11.27 ~ 11.30,https://www.wishbunny.me/drop/5041,New Item
wash,스웨덴 기화식 가습기,"198,000",11.20 ~ 11.22,https://www.wishbunny.me/drop/5025,New Item
wash,이메텍 전기요,"49,800",11.03 ~ 11.07,https://www.wishbunny.me/drop/4997,New Item
wash,쿼트세라 T1,"990,000",11.19 ~ 11.21,https://www.wishbunny.me/drop/4991,New Item
wash,베베누보 온열매트,N/A,11.04 ~ 11.05,https://www.wishbunny.me/drop/4956,New Item
wash,닌자 파워블렌드 PRO,N/A,11.26 ~ 12.08,https://www.wishbunny.me/drop/4943,New Item
wash,한일 포근 콧물흡입기,"218,900",11.19 ~ 11.23,https://www.wishbunny.me/drop/4852,New Item
wash,잉코 X 키티 ( 한정판 USB 온열제품 ),"38,900",11.11 ~ 11.16,https://www.wishbunny.me/drop/4823,New Item
wash,케어팟 X 50V 가습기,"209,000",11.25 ~ 11.28,https://www.wishbunny.me/drop/4817,New Item
wash,CJ X 무아스 기획전 ( 스팀다리미 포함 ),"79,900",11.22 ~ 12.01,https://www.wishbunny.me/drop/4816,New Item
wash,비쎌 스팀 청소기,"189,000",11.18 ~ 11.21,https://www.wishbunny.me/drop/4812,New Item
wash,닥터스 탄소사 / 은사매트,"279,000",11.26 ~ 12.08,https://www.wishbunny.me/drop/4811,New Item
wash,오토모 청소기,"39,800",11.14 ~ 11.18,https://www.wishbunny.me/drop/4810,New Item
wash,프레미디 티비,"269,000",11.13 ~ 11.16,https://www.wishbunny.me/drop/4809,New Item
wash,로보락 S9,"1,290,000",11.04 ~ 11.07,https://www.wishbunny.me/drop/4807,New Item
wash,베베누보 온열매트,"99,000",11.25 ~ 11.30,https://www.wishbunny.me/drop/4798,New Item
wash,블루래빗 산리오 전집,"99,000",11.19 ~ 11.22,https://www.wishbunny.me/drop/4793,New Item
wash,스텐팟 가습기,"298,000",11.06 ~ 11.13,https://www.wishbunny.me/drop/4766,New Item
wash,셀리온 탄소매트,"309,000",11.19 ~ 11.21,https://www.wishbunny.me/drop/4762,New Item
wash,스테나 아키텍 가습기,"349,000",11.04 ~ 11.10,https://www.wishbunny.me/drop/4759,New Item
wash,한일 하이라이터 히터,"139,000",11.10 ~ 11.14,https://www.wishbunny.me/drop/4713,New Item
wash,루프트럼 가습기,N/A,11.13 ~ 11.16,https://www.wishbunny.me/drop/4704,New Item
wash,스테나 아키텍,"349,000",11.13 ~ 11.16,https://www.wishbunny.me/drop/4646,New Item
wash,밀 전기 컨백터,"134,000",11.03 ~ 11.05,https://www.wishbunny.me/drop/4642,New Item
wash,비쎌 슬림 스팀청소기,N/A,12.12 ~ 12.14,https://www.wishbunny.me/drop/4641,New Item
wash,나이몰리 탄소매트,"158,000",11.27 ~ 12.01,https://www.wishbunny.me/drop/4640,New Item
wash,로이첸 한강라면조리기 + 전용용기,"189,000",11.01 ~ 11.10,https://www.wishbunny.me/drop/4631,New Item
wash,로이첸 아이지글 롤팬,"89,900",11.01 ~ 11.10,https://www.wishbunny.me/drop/4627,New Item
wash,샤크 닌자 모음전,"54,900",11.03 ~ 11.10,https://www.wishbunny.me/drop/4623,New Item
wash,에디슨 스탠딩 드라이기,"239,000",11.13 ~ 11.27,https://www.wishbunny.me/drop/4619,New Item
wash,한일 욕실 벽걸이 온풍기,"139,000",11.18 ~ 11.21,https://www.wishbunny.me/drop/4607,New Item
wash,끌리젠 가열식 가습기,"243,900",12.08 ~ 12.10,https://www.wishbunny.me/drop/4581,New Item
wash,에코업 음식물처리기,"1,250,000",11.20 ~ 11.24,https://www.wishbunny.me/drop/4572,New Item
wash,마이아 두유제조기,"129,000",11.26 ~ 11.30,https://www.wishbunny.me/drop/4549,New Item
wash,욕실 온풍기,"159,000",11.11 ~ 11.14,https://www.wishbunny.me/drop/4529,New Item
wash,보풀제거기,"28,900",11.01 ~ 11.04,https://www.wishbunny.me/drop/4526,New Item
wash,고요아 가열식 가습기,"228,000",11.27 ~ 12.04,https://www.wishbunny.me/drop/4524,New Item
wash,베베누보 신상 카본 온열매트,"99,000",10.21 ~ 10.25,https://www.wishbunny.me/drop/4459,New Item
wash,헤이홈 CCTV,N/A,10.25 ~ 10.28,https://www.wishbunny.me/drop/4451,New Item
wash,데코아르에어건,"69,800",10.27 ~ 10.30,https://www.wishbunny.me/drop/4445,New Item
wash,25 NEW 스텐워터팟 가습기 2종,"5,000",10.14 ~ 10.19,https://www.wishbunny.me/drop/4417,New Item
wash,이탈리아 프리미엄 수면 과학 이메텍,"99,800",10.17 ~ 10.19,https://www.wishbunny.me/drop/4413,New Item
wash,비달사순 올인원 스타일러,"44,900",10.17 ~ 10.19,https://www.wishbunny.me/drop/4412,New Item
wash,쿨린 무선 고데기,"39,000",10.17 ~ 10.17,https://www.wishbunny.me/drop/4409,New Item
wash,카쳐 스팀 청소기,"229,000",10.31 ~ 11.02,https://www.wishbunny.me/drop/4403,New Item
wash,무아스 스팀 다리미,"99,900",10.30 ~ 11.02,https://www.wishbunny.me/drop/4402,New Item
wash,"이롭, 미생물 음식물 처리기","699,000",10.30 ~ 11.02,https://www.wishbunny.me/drop/4396,New Item
wash,"밀 컨벡션 히터, 대류식 난방기","134,000",11.17 ~ 11.21,https://www.wishbunny.me/drop/4393,New Item
wash,스테나 아키텍 가열식 가습기,N/A,10.27 ~ 10.31,https://www.wishbunny.me/drop/4392,New Item
wash,사파 국내 최초 3in1 A4 코팅+열 제본 복합기,"79,000",10.17 ~ 10.19,https://www.wishbunny.me/drop/4369,New Item
wash,야채과일 살균세척기 마이니모,"159,000",10.17 ~ 10.20,https://www.wishbunny.me/drop/4364,New Item
wash,스텐팟 가습기,"299,000",10.16 ~ 10.17,https://www.wishbunny.me/drop/4363,New Item
wash,헤이홈 CCTV,"52,000",11.07 ~ 11.09,https://www.wishbunny.me/drop/4361,New Item
wash,마이아 두유제조기,N/A,10.31 ~ 11.03,https://www.wishbunny.me/drop/4351,New Item
wash,닌자 초퍼,"54,900",10.15 ~ 10.19,https://www.wishbunny.me/drop/4324,New Item
wash,에코업 음식물처리기,"1,250,000",10.15 ~ 10.24,https://www.wishbunny.me/drop/4322,New Item
wash,에디슨 스탠딩 드라이기,"239,000",10.15 ~ 10.24,https://www.wishbunny.me/drop/4319,New Item
wash,휴롬 착즙기,"379,000",10.15 ~ 10.19,https://www.wishbunny.me/drop/4317,New Item
wash,샤크 에보파워 청소기,"679,000",10.14 ~ 10.19,https://www.wishbunny.me/drop/4315,New Item
wash,스텐팟 가습기,"299,000",10.27 ~ 10.30,https://www.wishbunny.me/drop/4302,New Item
wash,까사드로잉 무선 프린터기,N/A,10.13 ~ 10.15,https://www.wishbunny.me/drop/4277,New Item
wash,심플리홈픽 ! 케어팟 가습기,"219,000",10.28 ~ 10.31,https://www.wishbunny.me/drop/4276,New Item
wash,락앤락 김치냉장고,"349,000",10.27 ~ 10.31,https://www.wishbunny.me/drop/4271,New Item
wash,홈마블 과일세척기,"59,400",10.15 ~ 10.19,https://www.wishbunny.me/drop/4263,New Item
wash,닌자 쵸퍼,"54,900",10.13 ~ 10.19,https://www.wishbunny.me/drop/4262,New Item
wash,드리미 청소기,"499,000",10.27 ~ 10.30,https://www.wishbunny.me/drop/4252,New Item
wash,롬멜스바흐 찜기,"42,900",10.26 ~ 10.31,https://www.wishbunny.me/drop/4251,New Item
wash,New 드웰러 탄소매트,"169,000",10.27 ~ 10.30,https://www.wishbunny.me/drop/4246,New Item
wash,PTC 히터,N/A,10.20 ~ 10.24,https://www.wishbunny.me/drop/4238,New Item
wash,케어팟 50v 가습기,"209,000",10.16 ~ 10.18,https://www.wishbunny.me/drop/4237,New Item
wash,탄소매트 전자파0,"38,900",10.13 ~ 10.16,https://www.wishbunny.me/drop/4235,New Item
wash,퍼스닉 하이드로V 건습식 물걸레 청소기,"249,000",10.13 ~ 10.19,https://www.wishbunny.me/drop/4230,New Item
wash,드웰러 탄소매트,"169,000",10.31 ~ 11.02,https://www.wishbunny.me/drop/4229,New Item
wash,퍼스닉 에어스타일러,N/A,10.21 ~ 10.24,https://www.wishbunny.me/drop/4228,New Item
wash,구딩 콧물 흡입기,"126,000",10.30 ~ 11.02,https://www.wishbunny.me/drop/4191,New Item
wash,메쉬넵 베어,"114,000",10.20 ~ 10.24,https://www.wishbunny.me/drop/4181,New Item
wash,캐논 양면 복합기,"279,000",10.16 ~ 10.19,https://www.wishbunny.me/drop/4170,New Item
wash,밀 히터,"168,000",11.23 ~ 11.30,https://www.wishbunny.me/drop/4164,New Item
wash,하츠 티오람,N/A,11.10 ~ 11.13,https://www.wishbunny.me/drop/4161,New Item
wash,케어팟 x50v,"209,000",10.24 ~ 10.26,https://www.wishbunny.me/drop/4158,New Item
wash,보바 베터리,"28,900",10.16 ~ 10.23,https://www.wishbunny.me/drop/4156,New Item
wash,"데코아르 멜로우 파워윈드 에어건 프로 130,000RPM","69,800",11.04 ~ 11.30,https://www.wishbunny.me/drop/4130,New Item
wash,스텐팟 가습기,"299,000",10.27 ~ 10.30,https://www.wishbunny.me/drop/4099,New Item
wash,물세탁 되는 전기요 / 블랑켓,"139,000",10.27 ~ 10.30,https://www.wishbunny.me/drop/4057,New Item
wash,루프트럼 가습기,N/A,10.29 ~ 10.31,https://www.wishbunny.me/drop/3984,New Item
wash,헤이홈 음식물 분쇄기,"339,000",10.14 ~ 10.19,https://www.wishbunny.me/drop/3950,New Item
wash,닌자블렌더,N/A,10.29 ~ 10.31,https://www.wishbunny.me/drop/3931,New Item
wash,라쿠진 가습기,"169,000",10.30 ~ 11.02,https://www.wishbunny.me/drop/3923,New Item
wash,무아스 스팀 다리미,"99,000",10.24 ~ 10.29,https://www.wishbunny.me/drop/3887,New Item
wash,네스테 휴대용 네뷸라이저,"69,800",10.27 ~ 10.30,https://www.wishbunny.me/drop/3881,New Item
wash,오므론 네뷸라이저,N/A,10.21 ~ 10.23,https://www.wishbunny.me/drop/3869,New Item
wash,미닉스 음식물 처리기,"419,000",10.09 ~ 10.12,https://www.wishbunny.me/drop/3854,New Item
wash,메쉬냅 베어,"114,000",10.30 ~ 11.02,https://www.wishbunny.me/drop/3814,New Item
wash,프롬비 욕실 히터,"69,000",10.27 ~ 10.30,https://www.wishbunny.me/drop/3782,New Item
wash,스텐팟 가습기,N/A,10.30 ~ 11.01,https://www.wishbunny.me/drop/3768,New Item
wash,라비킷 분유포트,"155,000",10.10 ~ 10.13,https://www.wishbunny.me/drop/3757,New Item
wash,스텐팟 가습기,"299,000",10.13 ~ 10.16,https://www.wishbunny.me/drop/3726,New Item
wash,미닉스 음식물 처리기기,"409,000",10.24 ~ 10.26,https://www.wishbunny.me/drop/3720,New Item
wash,마이아 두유제조기,N/A,10.10 ~ 10.12,https://www.wishbunny.me/drop/3709,New Item
wash,스텐팟 가열식 가습기,"299,000",10.29 ~ 11.02,https://www.wishbunny.me/drop/3705,New Item
wash,스테나 가습기,N/A,11.10 ~ 11.12,https://www.wishbunny.me/drop/3693,New Item
wash,트리샤 추천! 올스텐 에어프라이어,"247,900",10.02 ~ 10.05,https://www.wishbunny.me/drop/3670,New Item
wash,삼성 M7 모니터 43인치 + 거치대,"699,000",10.02 ~ 10.05,https://www.wishbunny.me/drop/3668,New Item
wash,케리프 가습기,"387,700",10.28 ~ 10.31,https://www.wishbunny.me/drop/3656,New Item
wash,"디트리쉬 인덕션, 오븐",N/A,10.22 ~ 10.26,https://www.wishbunny.me/drop/3642,New Item
wash,레꼴드 무선 쵸퍼,"79,000",10.22 ~ 10.29,https://www.wishbunny.me/drop/3629,New Item
wash,키즈 LP 토토,N/A,10.01 ~ 10.05,https://www.wishbunny.me/drop/3587,New Item
wash,스텐팟 가습기,N/A,10.21 ~ 10.23,https://www.wishbunny.me/drop/3585,New Item
wash,스텐팟 가습기,N/A,10.14 ~ 10.17,https://www.wishbunny.me/drop/3573,New Item
wash,멜로우 휴대용 믹서 텀블러,N/A,10.03 ~ 10.09,https://www.wishbunny.me/drop/3552,New Item
wash,유라이크 제모기,"279,000",10.22 ~ 10.26,https://www.wishbunny.me/drop/3549,New Item
wash,데코아르 푸드워머,"49,800",10.20 ~ 10.23,https://www.wishbunny.me/drop/3548,New Item
wash,샤크 닌자 기획전,"134,000",10.08 ~ 10.12,https://www.wishbunny.me/drop/3547,New Item
wash,쿼드세라 티탄 T1,"1,566,000",10.07 ~ 10.12,https://www.wishbunny.me/drop/3546,New Item
wash,스텐팟 가습기,"299,000",10.24 ~ 10.29,https://www.wishbunny.me/drop/3520,New Item
wash,룸미스트 가습기,N/A,10.23 ~ 10.26,https://www.wishbunny.me/drop/3497,New Item
wash,스텐팟 가습기 2026년 신상,"299,000",10.21 ~ 10.26,https://www.wishbunny.me/drop/3474,New Item
wash,로보락 Qrevo EdgeC,N/A,12.01 ~ 12.05,https://www.wishbunny.me/drop/3440,New Item
wash,쿠진아트 최신 에어프라이어,"259,000",10.27 ~ 10.30,https://www.wishbunny.me/drop/3437,New Item
wash,"밀 컨벡션 히터, 대류식 난방기","134,000",11.17 ~ 11.21,https://www.wishbunny.me/drop/3431,New Item
wash,스테나 아키텍 가열식 가습기,"349,000",10.27 ~ 10.31,https://www.wishbunny.me/drop/3430,New Item
wash,이메텍 전기매트 & 블랭킷,"139,000",10.20 ~ 10.23,https://www.wishbunny.me/drop/3427,New Item
wash,케어팟 가습기,"219,000",10.15 ~ 10.19,https://www.wishbunny.me/drop/3426,New Item
wash,오인스픽 초간편 스팀 다리미,"65,900",10.27 ~ 10.30,https://www.wishbunny.me/drop/3417,New Item
wash,에브리봇 침구청소기,"248,000",10.23 ~ 10.26,https://www.wishbunny.me/drop/3416,New Item
wash,보아르 패브릭 청소기,N/A,10.27 ~ 10.30,https://www.wishbunny.me/drop/3412,New Item
wash,레꼴드 무선 쵸퍼,"79,000",10.16 ~ 10.19,https://www.wishbunny.me/drop/3409,New Item
wash,스테나 가습기,"349,000",11.13 ~ 11.16,https://www.wishbunny.me/drop/3405,New Item
wash,클렌하임 패브릭 습식청소기,"169,000",10.09 ~ 10.12,https://www.wishbunny.me/drop/3378,New Item
wash,26년 신상 스텐팟 가습기,N/A,10.20 ~ 10.23,https://www.wishbunny.me/drop/3318,New Item
wash,한일 가습기,"219,000",10.29 ~ 11.03,https://www.wishbunny.me/drop/3289,New Item
wash,한일 온풍기,"159,000",10.24 ~ 10.28,https://www.wishbunny.me/drop/3287,New Item
wash,장난감 살균기 쪼비박스,"89,000",10.17 ~ 10.17,https://www.wishbunny.me/drop/3282,New Item
wash,구딩 메쉬넵 베어 휴대용 네블라이저,"114,000",10.13 ~ 10.16,https://www.wishbunny.me/drop/3276,New Item
wash,닌자 푸디 에어그릴,N/A,10.14 ~ 10.19,https://www.wishbunny.me/drop/3239,New Item
wash,이메텍 전기요,"99,800",11.03 ~ 11.05,https://www.wishbunny.me/drop/3230,New Item
wash,마이쿠커,N/A,10.24 ~ 10.26,https://www.wishbunny.me/drop/3213,New Item
wash,헤이홈 CCTV,N/A,10.21 ~ 10.22,https://www.wishbunny.me/drop/3212,New Item
wash,한일 포근 콧물 흡입기,"218,900",10.05 ~ 10.12,https://www.wishbunny.me/drop/3208,New Item
wash,케어팟 신형가습기,"219,000",10.27 ~ 10.30,https://www.wishbunny.me/drop/3178,New Item
wash,미닉스 음식물 처리기,"409,000",10.29 ~ 11.02,https://www.wishbunny.me/drop/3170,New Item
wash,케어팟 가습기,"209,000",10.11 ~ 10.16,https://www.wishbunny.me/drop/3166,New Item
wash,닌자초퍼,N/A,10.28 ~ 10.31,https://www.wishbunny.me/drop/3139,New Item
wash,마이쿠커,"129,000",10.20 ~ 10.26,https://www.wishbunny.me/drop/3135,New Item
wash,헤이홈 홈캠,"52,000",10.10 ~ 10.12,https://www.wishbunny.me/drop/3131,New Item
wash,아이닉 분유포트,"125,000",10.21 ~ 10.26,https://www.wishbunny.me/drop/3109,New Item
wash,스텐팟 가습기,N/A,10.14 ~ 10.16,https://www.wishbunny.me/drop/3106,New Item
wash,프레미디 TV,"269,000",10.21 ~ 10.25,https://www.wishbunny.me/drop/3098,New Item
wash,무아스 스팀다리미,"99,900",10.17 ~ 10.22,https://www.wishbunny.me/drop/3097,New Item
wash,미니 김치냉장고,"299,000",10.14 ~ 10.17,https://www.wishbunny.me/drop/3096,New Item
wash,미닉스 음식물처리기,"409,000",10.20 ~ 10.22,https://www.wishbunny.me/drop/2732,New Item
wash,스텐팟 가열식 가습기,"299,000",10.28 ~ 11.02,https://www.wishbunny.me/drop/2648,New Item
wash,쾌존 음식물처리기,"1,280,000",09.22 ~ 09.26,https://www.wishbunny.me/drop/2638,New Item
wash,헤이홈 카메라/카메라 거치대,"52,000",09.17 ~ 09.20,https://www.wishbunny.me/drop/2533,New Item
wash,에브리봇 창문 청소기,"198,000",09.12 ~ 09.16,https://www.wishbunny.me/drop/2450,New Item
wash,마이니모,"159,000",09.22 ~ 09.24,https://www.wishbunny.me/drop/2415,New Item
wash,디즈니 USB,"14,900",09.05 ~ 09.08,https://www.wishbunny.me/drop/2394,New Item
wash,구딩 네블라이저,"114,000",09.22 ~ 09.24,https://www.wishbunny.me/drop/2385,New Item
wash,라비킷 분유포트,"155,000",09.08 ~ 09.10,https://www.wishbunny.me/drop/2346,New Item
wash,구딩 콧물 흡입기,"126,000",09.17 ~ 09.21,https://www.wishbunny.me/drop/2306,New Item
wash,보바 보조베터리,"37,900",09.29 ~ 09.30,https://www.wishbunny.me/drop/2261,New Item
wash,디즈니 명작 USB,"14,900",09.10 ~ 09.14,https://www.wishbunny.me/drop/2215,New Item
wash,사파 CD/ DVD 플레이어,"30,000",09.25 ~ 09.28,https://www.wishbunny.me/drop/2190,New Item
wash,사파 SDV700 + DVD,"118,000",09.22 ~ 09.24,https://www.wishbunny.me/drop/2170,New Item
wash,오므론 온열 저주파 마사지기,"129,000",09.07 ~ 09.14,https://www.wishbunny.me/drop/2157,New Item
wash,치카타임 타이머,"33,000",09.24 ~ 09.29,https://www.wishbunny.me/drop/2154,New Item
wash,보아르 분유포트,N/A,09.26 ~ 09.30,https://www.wishbunny.me/drop/2143,New Item
wash,샤크 청소기,N/A,09.12 ~ 09.14,https://www.wishbunny.me/drop/2116,New Item
wash,비쎌 스팀청소기,"189,000",09.15 ~ 09.18,https://www.wishbunny.me/drop/2059,New Item
wash,육아 필수템 픽셀 소독기,"310,000",09.04 ~ 09.07,https://www.wishbunny.me/drop/2057,New Item
wash,두유 제조기,"129,000",09.20 ~ 09.23,https://www.wishbunny.me/drop/2042,New Item
wash,쿠첸 밥솥 신상,"279,000",09.01 ~ 09.07,https://www.wishbunny.me/drop/1948,New Item
wash,오비큠 무선청소기,"168,000",09.23 ~ 09.28,https://www.wishbunny.me/drop/1883,New Item
wash,두유제조기 이유식 메이커,"129,000",09.05 ~ 09.07,https://www.wishbunny.me/drop/1777,New Item
wash,제니퍼룸 커피머신 스팀라떼 PRO,"415,000",09.02 ~ 09.05,https://www.wishbunny.me/drop/1731,New Item
wash,샤크 에보파워+,"699,000",09.20 ~ 09.27,https://www.wishbunny.me/drop/1729,New Item
wash,디즈니 USB,"14,900",09.24 ~ 09.27,https://www.wishbunny.me/drop/1712,New Item
wash,로보락 S9,"1,540,000",09.02 ~ 09.05,https://www.wishbunny.me/drop/1593,New Item
wash,10만원대 청소기,N/A,09.18 ~ 09.21,https://www.wishbunny.me/drop/1564,New Item
wash,미닉스 음식물처리기,"419,000",08.25 ~ 08.28,https://www.wishbunny.me/drop/1440,New Item
wash,칼로바이크,"299,000",08.21 ~ 08.24,https://www.wishbunny.me/drop/1439,New Item
wash,오비큠 에어홈 핸디청소기,"168,000",08.19 ~ 08.25,https://www.wishbunny.me/drop/1428,New Item
wash,루미르 무선 열매조명,"126,000",08.14 ~ 08.17,https://www.wishbunny.me/drop/1427,New Item
wash,나리몽 이유식 포트,"89,000",08.27 ~ 08.27,https://www.wishbunny.me/drop/1391,New Item
wash,두유제조기 2차,"129,000",08.14 ~ 08.17,https://www.wishbunny.me/drop/1389,New Item
wash,실리만 찜기,"61,800",08.08 ~ 08.09,https://www.wishbunny.me/drop/1387,New Item
wash,홈카메라,"52,000",08.18 ~ 08.21,https://www.wishbunny.me/drop/1383,New Item
wash,마이쿠커 이유식 제조기,"129,000",08.27 ~ 08.31,https://www.wishbunny.me/drop/1334,New Item
wash,헤이홈 홈카메라,"52,000",08.25 ~ 08.30,https://www.wishbunny.me/drop/1333,New Item
wash,레꼴뜨 무선 쵸퍼,N/A,08.29 ~ 08.31,https://www.wishbunny.me/drop/1325,New Item
wash,비쎌 스팀청소기,"189,000",08.21 ~ 08.25,https://www.wishbunny.me/drop/1322,New Item
wash,치폴로 팝 미아방지 스마트 태그,"45,000",08.13 ~ 08.17,https://www.wishbunny.me/drop/1225,New Item
wash,헤이홈 홈캠 전모델,"52,000",08.21 ~ 08.25,https://www.wishbunny.me/drop/1221,New Item
wash,아카라 도어락,"429,000",08.11 ~ 08.17,https://www.wishbunny.me/drop/1104,New Item
wash,로봇청소기,N/A,08.17 ~ 08.21,https://www.wishbunny.me/drop/1075,New Item
wash,뉴트리불렛 초고속 블렌더,"159,000",08.07 ~ 08.12,https://www.wishbunny.me/drop/1073,New Item
wash,치폴로 팝 분실방지 블루투스 트래커 팝 소형 위치추적기 스마트태그 치폴로 팝,"45,000",07.21 ~ 07.31,https://www.wishbunny.me/drop/703,New Item
wash,에어메이드 제습기,"349,000",07.25 ~ 07.28,https://www.wishbunny.me/drop/667,New Item
wash,미닉스 PRO 음식물처리기,"410,000",07.27 ~ 07.31,https://www.wishbunny.me/drop/586,New Item
wash,에어메이드 제습기,"349,000",07.15 ~ 07.18,https://www.wishbunny.me/drop/487,New Item
wash,에어메이드 냉각 살균 제습기,"349,000",07.17 ~ 07.19,https://www.wishbunny.me/drop/434,New Item
wash,헤이홈 홈캠,"52,000",07.08 ~ 07.11,https://www.wishbunny.me/drop/413,New Item
wash,코슬리 스팀청소기,"129,000",07.07 ~ 07.11,https://www.wishbunny.me/drop/412,New Item
wash,쿠진아트,"259,000",07.10 ~ 07.13,https://www.wishbunny.me/drop/353,New Item
wash,브레빌 커피머신,"320,000",07.07 ~ 07.13,https://www.wishbunny.me/drop/336,New Item
wash,냉풍기,"205,000",06.20 ~ 06.22,https://www.wishbunny.me/drop/198,New Item
wash,더플렌더 음식물처리기 new,N/A,05.30 ~ 06.02,https://www.wishbunny.me/drop/25,New Item
beauty,유레카코스 더마라인바디케어 3종,"19,000",02.06 ~ 02.15,https://www.wishbunny.me/drop/10102,New Item
beauty,레몬버베나-애사비 최저공구,"49,900",02.09 ~ 02.18,https://www.wishbunny.me/drop/9998,
beauty,휴온정 화잘착,"59,000",01.26 ~ 02.24,https://www.wishbunny.me/drop/9996,
beauty,AHC 프리미어앰플 인 아이크림세트 프레셔스기프트에디션,"29,900",02.04 ~ 02.10,https://www.wishbunny.me/drop/9988,
beauty,천궁오일,N/A,02.26 ~ 02.28,https://www.wishbunny.me/drop/9947,
beauty,물광선크림,N/A,02.23 ~ 02.25,https://www.wishbunny.me/drop/9945,
beauty,두피케어 미친할인,N/A,02.19 ~ 02.21,https://www.wishbunny.me/drop/9944,
beauty,닥터포포 샴푸&컨디셔너,"16,000",01.31 ~ 02.05,https://www.wishbunny.me/drop/9925,
beauty,허니스킨 12차,N/A,02.27 ~ 03.01,https://www.wishbunny.me/drop/9874,
beauty,(세벨리아) 핸드크림 2+1 이벤트,N/A,02.12 ~ 02.18,https://www.wishbunny.me/drop/9819,
beauty,립타투,N/A,02.25 ~ 02.27,https://www.wishbunny.me/drop/9759,
beauty,"뉴로볼, 스틱, 발가락교정기",N/A,02.18 ~ 03.20,https://www.wishbunny.me/drop/9755,
beauty,"보미 다이어트 환, 디톡스 환",N/A,02.23 ~ 02.28,https://www.wishbunny.me/drop/9627,
beauty,효소라이너,N/A,02.19 ~ 02.22,https://www.wishbunny.me/drop/9626,
beauty,디톡스 빼빼주스,N/A,02.02 ~ 02.08,https://www.wishbunny.me/drop/9625,
beauty,순수비타민C 앰플,N/A,02.26 ~ 02.28,https://www.wishbunny.me/drop/9624,
beauty,세벨리아 수딩밀크 & LCE크림,N/A,02.09 ~ 02.12,https://www.wishbunny.me/drop/9620,
beauty,프랭클린 인기 5종,N/A,02.26 ~ 02.28,https://www.wishbunny.me/drop/9483,
beauty,소중한 습관,N/A,02.11 ~ 02.13,https://www.wishbunny.me/drop/9477,
beauty,보떼덤 토너2종 + 엘리시어에센스,N/A,02.20 ~ 03.01,https://www.wishbunny.me/drop/9448,
beauty,"작심랩 콤부차, 애사비",N/A,02.12 ~ 03.01,https://www.wishbunny.me/drop/9445,
beauty,펩타이드,"71,000",02.06 ~ 02.08,https://www.wishbunny.me/drop/9444,Date Update: 02.06 ~ 03.01 -> 02.06 ~ 02.08
beauty,루미너스 글루타치온팩,"87,000",02.06 ~ 02.27,https://www.wishbunny.me/drop/9443,
beauty,애사비효소,"98,000",02.03 ~ 02.08,https://www.wishbunny.me/drop/9442,
beauty,르뮤,N/A,02.25 ~ 02.24,https://www.wishbunny.me/drop/9368,
beauty,베라모어 클렌징 패드,N/A,02.22 ~ 02.22,https://www.wishbunny.me/drop/9367,
beauty,로바츠 베리엔,N/A,02.19 ~ 02.16,https://www.wishbunny.me/drop/9365,
beauty,가쉬 버블팩,N/A,02.15 ~ 02.15,https://www.wishbunny.me/drop/9364,
beauty,청빠만 저당 초콜렛,N/A,02.14 ~ 02.14,https://www.wishbunny.me/drop/9363,
beauty,온다 팩 V라인 마스크,N/A,02.12 ~ 02.12,https://www.wishbunny.me/drop/9362,New Item
beauty,애플톡스/ 부각앤칩,N/A,02.10 ~ 02.10,https://www.wishbunny.me/drop/9361,New Item
beauty,복이와요 김/유밀가/연미향,N/A,02.10 ~ 02.07,https://www.wishbunny.me/drop/9360,New Item
beauty,에스터 키 성장젤리,"75,000",02.08 ~ 02.10,https://www.wishbunny.me/drop/9359,New Item
beauty,메리루스,"63,500",02.04 ~ 02.06,https://www.wishbunny.me/drop/9358,New Item
beauty,하이그로스 초유,"51,000",02.01 ~ 02.03,https://www.wishbunny.me/drop/9356,New Item
beauty,보로탈코 바디&샤워크림,N/A,02.04 ~ 02.08,https://www.wishbunny.me/drop/9273,New Item
beauty,무스텔라,"46,000",02.02 ~ 02.05,https://www.wishbunny.me/drop/9259,New Item
beauty,리에종드로렌 인피니트 유스 크림* 리필,N/A,02.23 ~ 03.01,https://www.wishbunny.me/drop/9082,
beauty,쁘띠스카프,"9,900",01.29 ~ 02.02,https://www.wishbunny.me/drop/8882,
beauty,밀잇 단백질 쉐이크,"32,900",01.22 ~ 01.24,https://www.wishbunny.me/drop/8788,
beauty,솔리디아 압박스타킹,"39,000",02.02 ~ 02.04,https://www.wishbunny.me/drop/8769,
beauty,비비러쉬 빗는 염색약! 재사용가능!,"11,900",01.17 ~ 01.20,https://www.wishbunny.me/drop/8710,
beauty,AHAVA 아하바 기절세럼,N/A,01.05 ~ 01.11,https://www.wishbunny.me/drop/8558,
beauty,누트라코스,N/A,01.01 ~ 01.07,https://www.wishbunny.me/drop/8557,
beauty,소디살롱 켈렌 향기템,N/A,01.12 ~ 01.14,https://www.wishbunny.me/drop/8294,
beauty,싸이토핏 다이어트 커피,"26,000",01.19 ~ 01.21,https://www.wishbunny.me/drop/8236,
beauty,몰버니 라메르메 앰플 & 크림 카카오쇼핑 LIVE,N/A,01.29 ~ 01.31,https://www.wishbunny.me/drop/8218,
beauty,루트헤어 앵콜 고별전,"32,400",01.26 ~ 01.28,https://www.wishbunny.me/drop/8217,
beauty,세라쥬 Last Open,"899,000",01.22 ~ 01.24,https://www.wishbunny.me/drop/8216,New Item
beauty,(NEW) 키성장 영양제 키클레오,"169,000",01.19 ~ 01.21,https://www.wishbunny.me/drop/8215,New Item
beauty,아오와 항노화 앰플&크림,"42,000",01.15 ~ 01.18,https://www.wishbunny.me/drop/8214,New Item
beauty,푸푸엔자임,"32,500",01.12 ~ 01.14,https://www.wishbunny.me/drop/8213,New Item
beauty,세이플리 세탁세제,"71,500",01.08 ~ 01.11,https://www.wishbunny.me/drop/8212,New Item
beauty,셀피덤 바디크림,"29,000",01.05 ~ 01.07,https://www.wishbunny.me/drop/8211,New Item
beauty,호무로 발열 이불,N/A,01.03 ~ 01.04,https://www.wishbunny.me/drop/8210,New Item
beauty,제중조절 단백질 쉐이크,N/A,01.01 ~ 01.04,https://www.wishbunny.me/drop/8209,New Item
beauty,피토페시아샴푸 헤어토닉 트리트먼트,"20,800",01.29 ~ 01.30,https://www.wishbunny.me/drop/8099,New Item
beauty,톤28 샴푸바/세안바/바디바/설거지바/비누거치대,N/A,01.13 ~ 01.18,https://www.wishbunny.me/drop/8026,New Item
beauty,마데카크림 시즌7 샤이닝 에디션,"29,000",01.09 ~ 01.10,https://www.wishbunny.me/drop/7983,New Item
beauty,Upto 49% 앵콜폭주 5th 사나마켓 / 닥터디퍼런트 비타민 항산화& 신제품 단독 공구 오픈,"163,200",01.13 ~ 01.16,https://www.wishbunny.me/drop/7969,New Item
beauty,보미 다이어트 환,"129,360",01.25 ~ 01.31,https://www.wishbunny.me/drop/7926,New Item
beauty,폴로 케이블 니트,"79,000",01.19 ~ 01.26,https://www.wishbunny.me/drop/7925,New Item
beauty,미비타 글루타치온,"39,000",01.13 ~ 01.16,https://www.wishbunny.me/drop/7924,New Item
beauty,"뷰니스 컨트롤 s, v","29,900",01.07 ~ 01.12,https://www.wishbunny.me/drop/7923,New Item
beauty,풀리오 단독! 런칭,"219,000",02.03 ~ 01.25,https://www.wishbunny.me/drop/7917,New Item
beauty,작영스틱 3차,"74,000",01.28 ~ 01.31,https://www.wishbunny.me/drop/7913,New Item
beauty,잔스 괄사 3차,"37,500",01.21 ~ 02.01,https://www.wishbunny.me/drop/7912,New Item
beauty,골든핏 4차,"43,000",01.15 ~ 01.18,https://www.wishbunny.me/drop/7911,New Item
beauty,맥시스 깜짝 오픈,"50,900",01.12 ~ 01.14,https://www.wishbunny.me/drop/7910,New Item
beauty,튜이패드,"27,000",01.15 ~ 01.18,https://www.wishbunny.me/drop/7880,New Item
beauty,솔리디아,"39,000",01.12 ~ 01.14,https://www.wishbunny.me/drop/7879,New Item
beauty,크라이오소닉 프로,"830,000",01.05 ~ 01.07,https://www.wishbunny.me/drop/7877,New Item
beauty,뉴로볼 & 뉴로스틱 & 스플레이,"35,000",01.12 ~ 01.14,https://www.wishbunny.me/drop/7870,New Item
beauty,제로 플러스,"26,000",01.09 ~ 01.10,https://www.wishbunny.me/drop/7869,New Item
beauty,"품은효소 2 box (매실, 파인애플, 애사비, 곡물)","28,500",01.07 ~ 01.08,https://www.wishbunny.me/drop/7868,New Item
beauty,셀룰라,"219,000",01.29 ~ 01.31,https://www.wishbunny.me/drop/7844,New Item
beauty,리쥬웨이브,"1,980,000",01.26 ~ 01.28,https://www.wishbunny.me/drop/7843,New Item
beauty,시크릿 다여트,"248,000",01.12 ~ 01.14,https://www.wishbunny.me/drop/7838,New Item
beauty,ABCD쥬스,"35,500",01.08 ~ 01.10,https://www.wishbunny.me/drop/7836,New Item
beauty,다여트 & 여성 유산균,"45,000",01.06 ~ 01.08,https://www.wishbunny.me/drop/7835,New Item
beauty,드로에뚜 & 립톡스,"18,500",01.04 ~ 01.06,https://www.wishbunny.me/drop/7834,New Item
beauty,(글로우엠) 물방울 디바이스,"339,000",01.29 ~ 01.31,https://www.wishbunny.me/drop/7833,New Item
beauty,(가쉬) 젤토너 & 에어버블 마스크팩,"54,000",01.26 ~ 02.28,https://www.wishbunny.me/drop/7832,New Item
beauty,(세벨리아) 프랑스 애프터케어 솔루션,"45,000",01.19 ~ 01.22,https://www.wishbunny.me/drop/7830,New Item
beauty,(닥터제이코스) 5세대 필링 닥토필,"198,000",01.05 ~ 01.08,https://www.wishbunny.me/drop/7828,New Item
beauty,르피피 바르는 유산균,"55,000",01.05 ~ 01.08,https://www.wishbunny.me/drop/7811,New Item
beauty,아토앤오투 로션,"42,000",01.15 ~ 01.17,https://www.wishbunny.me/drop/7803,New Item
beauty,라클리어 효소세안제,N/A,01.27 ~ 02.01,https://www.wishbunny.me/drop/7797,New Item
beauty,동키크림,"29,000",01.13 ~ 01.18,https://www.wishbunny.me/drop/7795,New Item
beauty,비알워터플,"29,250",01.06 ~ 01.05,https://www.wishbunny.me/drop/7794,New Item
beauty,에스파뇰라 선물세트,"17,800",01.29 ~ 01.31,https://www.wishbunny.me/drop/7756,New Item
beauty,다운핏 다이어트,"36,500",01.26 ~ 01.28,https://www.wishbunny.me/drop/7755,New Item
beauty,알파 CD 제로플러스,"47,000",01.23 ~ 01.25,https://www.wishbunny.me/drop/7754,New Item
beauty,올라잇 다이어트 그린/블루,"42,500",01.19 ~ 01.21,https://www.wishbunny.me/drop/7753,New Item
beauty,보미오라 다이어트환,"129,360",01.15 ~ 01.17,https://www.wishbunny.me/drop/7752,New Item
beauty,New 보떼덤 엘리시어 에센스,"89,000",01.12 ~ 01.14,https://www.wishbunny.me/drop/7751,New Item
beauty,New 식스킨 타이트샷,"89,000",01.08 ~ 01.10,https://www.wishbunny.me/drop/7750,New Item
beauty,인앤아웃 마스크팩 & 코팩,N/A,01.02 ~ 01.04,https://www.wishbunny.me/drop/7749,New Item
beauty,케피 버블클렌저,"25,900",01.27 ~ 01.29,https://www.wishbunny.me/drop/7741,New Item
beauty,산듸 클렌징폼&클렌징밤,"46,000",01.26 ~ 01.28,https://www.wishbunny.me/drop/7734,New Item
beauty,영리즘 레깅스,"49,000",01.15 ~ 01.18,https://www.wishbunny.me/drop/7730,New Item
beauty,EMS 슬림벨트,"89,000",01.12 ~ 01.14,https://www.wishbunny.me/drop/7729,New Item
beauty,하킴 갈락토닝 크림,N/A,01.01 ~ 01.04,https://www.wishbunny.me/drop/7727,New Item
beauty,로마샴푸,"128,155",01.07 ~ 01.09,https://www.wishbunny.me/drop/7704,New Item
beauty,TRX2 헤어앰플&캡슐,"75,000",01.26 ~ 01.28,https://www.wishbunny.me/drop/7625,New Item
beauty,홈쎄라 디바이스,"1,590,000",01.22 ~ 01.24,https://www.wishbunny.me/drop/7622,New Item
beauty,스노바니 립,"21,000",01.21 ~ 01.23,https://www.wishbunny.me/drop/7620,New Item
beauty,끌레덤 립타투,"24,800",01.19 ~ 01.21,https://www.wishbunny.me/drop/7618,New Item
beauty,싸이토핏 리세린지 수국잎 다이어트,"57,000",01.15 ~ 01.17,https://www.wishbunny.me/drop/7616,New Item
beauty,뉴메이슨 청담187 무선 헤어브러쉬 스타일러,"88,000",01.12 ~ 01.14,https://www.wishbunny.me/drop/7611,New Item
beauty,유라이크 제모기,"279,000",01.09 ~ 01.11,https://www.wishbunny.me/drop/7609,New Item
beauty,메디인랩 A3 앰플 & A5 메디크림 & 듀얼 PDRN 카밍크림,"68,000",01.06 ~ 01.08,https://www.wishbunny.me/drop/7606,New Item
beauty,"제로시피, 아사텍스",N/A,01.01 ~ 01.03,https://www.wishbunny.me/drop/7605,New Item
beauty,에이프 헤어미스트 브러쉬,N/A,01.01 ~ 01.03,https://www.wishbunny.me/drop/7604,New Item
beauty,스텔로 두피 마사지기,N/A,01.01 ~ 01.03,https://www.wishbunny.me/drop/7603,New Item
beauty,닥터포포 샴푸 & 컨디셔너,N/A,01.01 ~ 01.03,https://www.wishbunny.me/drop/7602,New Item
beauty,"아이홉 (헤어,바디,페이스,베이비)","172,800",01.06 ~ 01.13,https://www.wishbunny.me/drop/7501,New Item
beauty,라무르 5차 아기 화장품,"19,800",01.08 ~ 01.11,https://www.wishbunny.me/drop/7486,New Item
beauty,"새해, 피부를 정돈하는 시간 (클렌져 3종)","42,500",01.24 ~ 01.26,https://www.wishbunny.me/drop/7480,New Item
beauty,엔더믹 크림 5개+미니크림1+미스트1+마스크2+체험분2.,N/A,01.19 ~ 01.23,https://www.wishbunny.me/drop/7479,New Item
beauty,아이홉,"57,800",01.16 ~ 01.18,https://www.wishbunny.me/drop/7478,New Item
beauty,올리브영 프로모션,"31,300",01.12 ~ 01.18,https://www.wishbunny.me/drop/7477,New Item
beauty,Hmall 엔더믹 필인 마스크 & 엔더믹 10MGF 헤어 앰플 기획전,N/A,01.05 ~ 01.07,https://www.wishbunny.me/drop/7475,New Item
beauty,리얼더마 브랜드데이,"29,300",02.03 ~ 02.06,https://www.wishbunny.me/drop/7473,New Item
beauty,"NEW 벨리시마 이탈리아 헤어 드라이어, 두피케어 드라이어, 헤어스트레이너","215,200",01.06 ~ 01.09,https://www.wishbunny.me/drop/7458,New Item
beauty,츄아맘 단독! *해열크림*,"62,000",01.16 ~ 01.19,https://www.wishbunny.me/drop/7422,New Item
beauty,톤업+비비 초특가,"35,000",01.28 ~ 01.30,https://www.wishbunny.me/drop/7413,New Item
beauty,클렌징패드,"12,900",01.26 ~ 01.28,https://www.wishbunny.me/drop/7412,New Item
beauty,클랩스,"28,800",01.19 ~ 01.22,https://www.wishbunny.me/drop/7408,New Item
beauty,유라이크 제모기,"279,000",01.17 ~ 01.20,https://www.wishbunny.me/drop/7407,New Item
beauty,청결제,"22,000",01.13 ~ 01.15,https://www.wishbunny.me/drop/7404,New Item
beauty,릴리베스 토너,"25,000",01.12 ~ 01.15,https://www.wishbunny.me/drop/7403,New Item
beauty,리셀크림 2+1,"38,000",01.05 ~ 01.08,https://www.wishbunny.me/drop/7400,New Item
beauty,팜트리 기초,"52,000",01.05 ~ 01.11,https://www.wishbunny.me/drop/7278,New Item
beauty,라무르 아기화장품 40차,N/A,02.08 ~ 02.11,https://www.wishbunny.me/drop/7202,New Item
beauty,부기부기 칼륨,"52,000",01.14 ~ 01.17,https://www.wishbunny.me/drop/7113,New Item
beauty,보미 다이어트환,0,01.11 ~ 01.15,https://www.wishbunny.me/drop/7067,New Item
beauty,라이킷 쓸림쏙 씬덱스 3500,"38,000",01.07 ~ 01.10,https://www.wishbunny.me/drop/7016,New Item
beauty,솔리데이 선크림,"14,400",01.09 ~ 01.16,https://www.wishbunny.me/drop/6951,New Item
beauty,HARU 수딩로션 + 크림 + 오일,"17,500",12.08 ~ 12.11,https://www.wishbunny.me/drop/6827,New Item
beauty,Y존 미백크림 1+1,N/A,12.29 ~ 01.02,https://www.wishbunny.me/drop/6813,New Item
beauty,체고다,"79,000",12.24 ~ 01.01,https://www.wishbunny.me/drop/6811,New Item
beauty,딥모이스트앰플 2+1,"35,000",12.22 ~ 01.01,https://www.wishbunny.me/drop/6810,New Item
beauty,락툼 + 미용실 헤어밤,"29,000",12.20 ~ 12.22,https://www.wishbunny.me/drop/6809,New Item
beauty,VT대잔치,N/A,12.18 ~ 01.01,https://www.wishbunny.me/drop/6808,New Item
beauty,물광선크림 특별증정,"29,000",12.16 ~ 12.18,https://www.wishbunny.me/drop/6807,New Item
beauty,튠셀앰플 5+1,"47,900",12.08 ~ 01.01,https://www.wishbunny.me/drop/6803,New Item
beauty,비알 워터풀 비비크림,"36,750",12.28 ~ 01.02,https://www.wishbunny.me/drop/6801,New Item
beauty,실리스카 크림,"77,000",12.24 ~ 01.01,https://www.wishbunny.me/drop/6800,New Item
beauty,가쉬 버블팩,N/A,12.21 ~ 01.01,https://www.wishbunny.me/drop/6799,New Item
beauty,식후엔효소,N/A,12.17 ~ 01.01,https://www.wishbunny.me/drop/6797,New Item
beauty,메리루스,"63,500",12.15 ~ 12.21,https://www.wishbunny.me/drop/6796,New Item
beauty,리페어밤 연말 이벤트,"59,000",12.29 ~ 12.31,https://www.wishbunny.me/drop/6766,New Item
beauty,셀피덤 기초시리즈 2+1 이벤트,"118,000",12.25 ~ 12.28,https://www.wishbunny.me/drop/6765,New Item
beauty,몰바니 브랜드 세일,"26,900",12.22 ~ 12.28,https://www.wishbunny.me/drop/6764,New Item
beauty,칼센트,N/A,12.18 ~ 12.21,https://www.wishbunny.me/drop/6763,New Item
beauty,푸룬샷,N/A,12.15 ~ 12.17,https://www.wishbunny.me/drop/6762,New Item
beauty,몰바니 당근비타 클렌저,N/A,12.11 ~ 12.14,https://www.wishbunny.me/drop/6761,New Item
beauty,휴온스 이뮨,N/A,12.08 ~ 12.10,https://www.wishbunny.me/drop/6760,New Item
beauty,포포샴푸,N/A,12.22 ~ 01.01,https://www.wishbunny.me/drop/6755,New Item
beauty,라이킷 파인셔스 V샷,"31,000",12.27 ~ 12.31,https://www.wishbunny.me/drop/6742,New Item
beauty,피타니 글루타치온 2종,N/A,12.22 ~ 12.24,https://www.wishbunny.me/drop/6741,New Item
beauty,액티덤 바이오겔팩 10+1,"23,000",12.18 ~ 12.21,https://www.wishbunny.me/drop/6740,New Item
beauty,"에르떼 여신키트 1+1, 2+2+1",N/A,12.11 ~ 12.14,https://www.wishbunny.me/drop/6739,New Item
beauty,닥터에르제 샤이닝 미스트,N/A,12.08 ~ 12.10,https://www.wishbunny.me/drop/6738,New Item
beauty,오가본 골라담기,"13,000",12.08 ~ 12.11,https://www.wishbunny.me/drop/6694,New Item
beauty,베이비 레벨 바디케어,"25,900",12.22 ~ 12.24,https://www.wishbunny.me/drop/6493,New Item
beauty,라무르,"212,320",12.04 ~ 12.06,https://www.wishbunny.me/drop/6434,New Item
beauty,톰더글로우,"629,000",12.11 ~ 01.01,https://www.wishbunny.me/drop/6406,New Item
beauty,쥬비스 애사비 젤리,"29,000",01.15 ~ 01.20,https://www.wishbunny.me/drop/6345,New Item
beauty,화이트랩스 치아미백기,N/A,12.28 ~ 12.28,https://www.wishbunny.me/drop/6285,New Item
beauty,선세럼 50% 런칭이벤트,"15,500",12.05 ~ 12.14,https://www.wishbunny.me/drop/6281,New Item
beauty,코페르 블랙프라이데이,"72,000",12.08 ~ 01.01,https://www.wishbunny.me/drop/6280,New Item
beauty,에버셀 정착 쿠션,"46,000",12.03 ~ 12.07,https://www.wishbunny.me/drop/6279,New Item
beauty,바나바 듀오 크림,"39,900",12.01 ~ 12.08,https://www.wishbunny.me/drop/6273,New Item
beauty,"에르띠 37 듀오, 23 토너 & 상떼","36,000",12.01 ~ 12.07,https://www.wishbunny.me/drop/6272,New Item
beauty,라라메드,"39,900",12.22 ~ 01.01,https://www.wishbunny.me/drop/6262,New Item
beauty,프리미엄 해면,"39,900",12.03 ~ 12.07,https://www.wishbunny.me/drop/6230,New Item
beauty,늘씬수 PET,"26,900",12.26 ~ 12.27,https://www.wishbunny.me/drop/6226,New Item
beauty,스파톤 철분제,"43,500",12.22 ~ 12.24,https://www.wishbunny.me/drop/6225,New Item
beauty,늘씬자피,"79,000",12.04 ~ 12.06,https://www.wishbunny.me/drop/6220,New Item
beauty,메디인랩 3+1 기획전,"75,000",12.01 ~ 12.03,https://www.wishbunny.me/drop/6219,New Item
beauty,라무르,"212,320",12.05 ~ 12.10,https://www.wishbunny.me/drop/6179,New Item
beauty,유한양행 센스밸런스 다운 핏,"49,900",11.24 ~ 11.30,https://www.wishbunny.me/drop/6046,New Item
beauty,맥스컷,"83,000",11.17 ~ 11.21,https://www.wishbunny.me/drop/5915,New Item
beauty,랩코스 선티에이징,"18,500",11.24 ~ 11.26,https://www.wishbunny.me/drop/5888,New Item
beauty,바이오엘리먼츠,N/A,11.20 ~ 12.01,https://www.wishbunny.me/drop/5887,New Item
beauty,비판톨,"90,400",12.22 ~ 01.01,https://www.wishbunny.me/drop/5873,New Item
beauty,베라수 붓기차,N/A,11.04 ~ 11.11,https://www.wishbunny.me/drop/5796,New Item
beauty,셀룰라 마사지기,"219,000",11.13 ~ 11.16,https://www.wishbunny.me/drop/5775,New Item
beauty,라무르 모음전,"45,310",11.04 ~ 11.09,https://www.wishbunny.me/drop/5715,New Item
beauty,라무르,"78,180",11.07 ~ 11.11,https://www.wishbunny.me/drop/5703,New Item
beauty,비올란,"62,600",11.03 ~ 11.07,https://www.wishbunny.me/drop/5599,New Item
beauty,몰바니 비타민 앰플 & 선크림,N/A,11.27 ~ 12.01,https://www.wishbunny.me/drop/5567,New Item
beauty,베르배르,N/A,11.25 ~ 11.23,https://www.wishbunny.me/drop/5566,New Item
beauty,항노화 시리즈,N/A,11.14 ~ 11.18,https://www.wishbunny.me/drop/5562,New Item
beauty,몰바니 NUFH 핸드크림,N/A,11.08 ~ 11.11,https://www.wishbunny.me/drop/5560,New Item
beauty,셀피덤 바디크림,N/A,11.06 ~ 11.09,https://www.wishbunny.me/drop/5559,New Item
beauty,젬소 속눈썹 영양제,"29,900",11.20 ~ 11.23,https://www.wishbunny.me/drop/5549,New Item
beauty,플러쉬 워터젤리 립앤치크 틴트,"13,500",11.13 ~ 11.16,https://www.wishbunny.me/drop/5543,New Item
beauty,TRX2 앰플+캡슐,"75,000",11.06 ~ 11.16,https://www.wishbunny.me/drop/5539,New Item
beauty,늘씬수,"59,000",11.03 ~ 11.07,https://www.wishbunny.me/drop/5534,New Item
beauty,라무르 골라담기,"19,800",11.06 ~ 11.09,https://www.wishbunny.me/drop/5480,New Item
beauty,라라메드,"39,900",11.14 ~ 12.01,https://www.wishbunny.me/drop/5458,New Item
beauty,지화효소,"97,500",11.10 ~ 11.16,https://www.wishbunny.me/drop/5391,New Item
beauty,라라메드 엉덩이 클렌저,"39,900",11.10 ~ 11.13,https://www.wishbunny.me/drop/5390,New Item
beauty,유라이크 제모기,"279,000",11.24 ~ 11.26,https://www.wishbunny.me/drop/5381,New Item
beauty,다이어트환 & 디톡스환,"135,200",11.20 ~ 11.23,https://www.wishbunny.me/drop/5380,New Item
beauty,바인허브 신상,"164,000",11.17 ~ 11.19,https://www.wishbunny.me/drop/5379,New Item
beauty,부기부기,N/A,11.13 ~ 11.16,https://www.wishbunny.me/drop/5378,New Item
beauty,셀룰라,"219,000",11.10 ~ 11.12,https://www.wishbunny.me/drop/5377,New Item
beauty,뺴다수,"78,000",11.06 ~ 11.09,https://www.wishbunny.me/drop/5376,New Item
beauty,식이습관,"22,900",11.03 ~ 11.05,https://www.wishbunny.me/drop/5375,New Item
beauty,라무르,"212,320",11.24 ~ 11.26,https://www.wishbunny.me/drop/5275,New Item
beauty,비에날씬 다이어트 유산균,"79,800",11.24 ~ 11.27,https://www.wishbunny.me/drop/5262,New Item
beauty,헬스앤 뷰티 다이어트 식단,N/A,11.12 ~ 11.16,https://www.wishbunny.me/drop/5258,New Item
beauty,쥬히 다이어트 젤리,"27,900",11.10 ~ 11.16,https://www.wishbunny.me/drop/5256,New Item
beauty,셀부트 중안부 패치,"27,900",11.06 ~ 11.09,https://www.wishbunny.me/drop/5255,New Item
beauty,라무르,"184,950",11.12 ~ 11.16,https://www.wishbunny.me/drop/5241,New Item
beauty,라무르 아기화장품,"212,320",11.24 ~ 11.29,https://www.wishbunny.me/drop/5172,New Item
beauty,아코로얄,"75,000",11.13 ~ 11.15,https://www.wishbunny.me/drop/5023,New Item
beauty,컷팅솔루션 & 늘씬수,"32,900",11.10 ~ 11.12,https://www.wishbunny.me/drop/5022,New Item
beauty,하늘 다요트,"169,000",11.03 ~ 11.05,https://www.wishbunny.me/drop/5021,New Item
beauty,와사비,"99,000",11.24 ~ 11.28,https://www.wishbunny.me/drop/5012,New Item
beauty,조브스,"749,000",11.17 ~ 11.21,https://www.wishbunny.me/drop/5008,New Item
beauty,바디셀트,"22,080",11.03 ~ 11.07,https://www.wishbunny.me/drop/5000,New Item
beauty,썬더즈매터,"33,600",11.03 ~ 11.07,https://www.wishbunny.me/drop/4998,New Item
beauty,아라티,"90,300",11.24 ~ 11.28,https://www.wishbunny.me/drop/4996,New Item
beauty,나인 슬림 붙이는 패치큐,"73,200",11.03 ~ 11.07,https://www.wishbunny.me/drop/4994,New Item
beauty,CJ 엔더믹 맥스 EGF 리페어 세럼/마스크,"85,500",11.12 ~ 11.14,https://www.wishbunny.me/drop/4989,New Item
beauty,아이홉,"43,200",11.18 ~ 11.25,https://www.wishbunny.me/drop/4826,New Item
beauty,비세라 슬림 레몬밤,N/A,11.14 ~ 11.18,https://www.wishbunny.me/drop/4824,New Item
beauty,닥터 더마퍼트 보습크림,"259,200",11.19 ~ 11.24,https://www.wishbunny.me/drop/4804,New Item
beauty,커브드 홀세일,"123,600",11.21 ~ 12.05,https://www.wishbunny.me/drop/4773,New Item
beauty,콤부사비,"236,000",11.05 ~ 11.12,https://www.wishbunny.me/drop/4765,New Item
beauty,라무르,"184,965",11.10 ~ 11.12,https://www.wishbunny.me/drop/4650,New Item
beauty,올바스 오일 & 밤,"16,000",11.10 ~ 11.13,https://www.wishbunny.me/drop/4602,New Item
beauty,바디셀트 압박밴드,"22,080",11.26 ~ 11.30,https://www.wishbunny.me/drop/4571,New Item
beauty,라무르 모음전,"78,180",10.17 ~ 10.21,https://www.wishbunny.me/drop/4441,New Item
beauty,압토솔 선크림,"39,000",11.10 ~ 11.13,https://www.wishbunny.me/drop/4375,New Item
beauty,마이해빗 혈당컷,"112,000",10.20 ~ 10.25,https://www.wishbunny.me/drop/4366,New Item
beauty,라무르 모음전,"89,100",10.30 ~ 11.02,https://www.wishbunny.me/drop/4360,New Item
beauty,비판톨,"90,400",12.22 ~ 12.24,https://www.wishbunny.me/drop/4221,New Item
beauty,라무르 모음전,"78,180",10.21 ~ 10.24,https://www.wishbunny.me/drop/4198,New Item
beauty,하루 유아동 스킨케어,"39,900",10.16 ~ 10.19,https://www.wishbunny.me/drop/4173,New Item
beauty,LEHA 코트 가디건 하퍼백,"250,200",10.15 ~ 10.19,https://www.wishbunny.me/drop/4108,New Item
beauty,프랭클린,"15,900",10.13 ~ 10.16,https://www.wishbunny.me/drop/4043,New Item
beauty,리버 진궁,"28,000",10.30 ~ 11.02,https://www.wishbunny.me/drop/4032,New Item
beauty,작영 셀룰라이트 스틱,"74,000",10.23 ~ 10.26,https://www.wishbunny.me/drop/4030,New Item
beauty,라무르,"212,320",10.10 ~ 10.14,https://www.wishbunny.me/drop/3998,New Item
beauty,보생 엄마사랑 모유수유차,N/A,10.22 ~ 10.26,https://www.wishbunny.me/drop/3969,New Item
beauty,글로시 글루타치온,"86,700",10.13 ~ 10.16,https://www.wishbunny.me/drop/3912,New Item
beauty,라무르 골라담기,"78,180",10.23 ~ 10.26,https://www.wishbunny.me/drop/3906,New Item
beauty,포포샴푸 & 멀티밤,N/A,10.27 ~ 10.30,https://www.wishbunny.me/drop/3888,New Item
beauty,라무르,N/A,10.30 ~ 11.02,https://www.wishbunny.me/drop/3791,New Item
beauty,아토앤 오투,"42,000",10.15 ~ 10.19,https://www.wishbunny.me/drop/3743,New Item
beauty,무량수,"17,100",10.24 ~ 10.28,https://www.wishbunny.me/drop/3654,New Item
beauty,thim 브렌드데이,"51,400",10.14 ~ 10.17,https://www.wishbunny.me/drop/3648,New Item
beauty,멜릭서,"69,800",10.30 ~ 11.06,https://www.wishbunny.me/drop/3633,New Item
beauty,홀블렌딩,"99,000",10.23 ~ 10.30,https://www.wishbunny.me/drop/3631,New Item
beauty,라라메드 유기농 유아바디용품,"39,900",10.19 ~ 10.24,https://www.wishbunny.me/drop/3568,New Item
beauty,잇츠 차전자피,"43,000",10.28 ~ 10.31,https://www.wishbunny.me/drop/3561,New Item
beauty,잇츠 그린샐러드,"24,900",10.27 ~ 10.31,https://www.wishbunny.me/drop/3560,New Item
beauty,본아티 단백질쉐이크,"163,900",10.23 ~ 10.26,https://www.wishbunny.me/drop/3559,New Item
beauty,요정마녀스프,"31,500",10.22 ~ 10.26,https://www.wishbunny.me/drop/3558,New Item
beauty,오늘은 애플페논,"29,900",10.20 ~ 10.26,https://www.wishbunny.me/drop/3557,New Item
beauty,셀룰라,"219,000",10.16 ~ 10.19,https://www.wishbunny.me/drop/3556,New Item
beauty,잇츠 시톨,"340,000",10.14 ~ 10.17,https://www.wishbunny.me/drop/3555,New Item
beauty,오르조 워터,N/A,10.08 ~ 10.12,https://www.wishbunny.me/drop/3553,New Item
beauty,감비환 & 비움환,"315,000",10.27 ~ 10.31,https://www.wishbunny.me/drop/3550,New Item
beauty,라이킷 씬덱스 & 착즙주스,"49,800",10.05 ~ 10.08,https://www.wishbunny.me/drop/3545,New Item
beauty,에이프 헤어 브러쉬,"99,000",10.01 ~ 10.05,https://www.wishbunny.me/drop/3542,New Item
beauty,무스텔라,"47,500",10.24 ~ 10.28,https://www.wishbunny.me/drop/3532,New Item
beauty,프랭클린 모음전,"15,900",10.18 ~ 10.21,https://www.wishbunny.me/drop/3492,New Item
beauty,라무르,"212,320",10.03 ~ 10.08,https://www.wishbunny.me/drop/3481,New Item
beauty,포포워시,"16,000",10.10 ~ 10.13,https://www.wishbunny.me/drop/3423,New Item
beauty,비판톨 전라인,"64,900",10.13 ~ 10.19,https://www.wishbunny.me/drop/3414,New Item
beauty,올라전품목할인,"143,000",10.31 ~ 11.04,https://www.wishbunny.me/drop/3403,New Item
beauty,뉴비드,"49,000",10.27 ~ 10.30,https://www.wishbunny.me/drop/3401,New Item
beauty,브릴리에잇쿠션,"29,700",10.01 ~ 10.10,https://www.wishbunny.me/drop/3398,New Item
beauty,허비쉬 홈웨어,"74,100",10.31 ~ 11.02,https://www.wishbunny.me/drop/3397,New Item
beauty,에버콜라겐,"29,000",10.23 ~ 10.26,https://www.wishbunny.me/drop/3395,New Item
beauty,미인채 & 와이트리,"60,500",10.20 ~ 10.31,https://www.wishbunny.me/drop/3394,New Item
beauty,라인컷,"89,100",10.11 ~ 10.15,https://www.wishbunny.me/drop/3373,New Item
beauty,엔더믹 임페리얼 오일 세럼,N/A,10.02 ~ 10.04,https://www.wishbunny.me/drop/3372,New Item
beauty,소미노 밤콩두유,"39,000",10.10 ~ 10.12,https://www.wishbunny.me/drop/3309,New Item
beauty,닥터 더마퍼트,"125,100",10.27 ~ 11.02,https://www.wishbunny.me/drop/3274,New Item
beauty,닥터포포,"42,900",10.23 ~ 10.30,https://www.wishbunny.me/drop/3228,New Item
beauty,LE FIFI 유산균 화장품,"55,000",10.27 ~ 10.29,https://www.wishbunny.me/drop/3192,New Item
beauty,1분 사보리노 팩,N/A,10.09 ~ 10.12,https://www.wishbunny.me/drop/3165,New Item
beauty,라에스테 쿠션,N/A,10.01 ~ 10.04,https://www.wishbunny.me/drop/3090,New Item
beauty,파파스윙,N/A,09.29 ~ 10.02,https://www.wishbunny.me/drop/2641,New Item
beauty,닥터포포,"16,000",09.29 ~ 10.02,https://www.wishbunny.me/drop/2610,New Item
beauty,가쉬,"58,100",09.10 ~ 09.12,https://www.wishbunny.me/drop/2600,New Item
beauty,라무르,"212,320",09.01 ~ 09.07,https://www.wishbunny.me/drop/2492,New Item
beauty,퓨어썸 여행용 샤워필터,"19,900",09.26 ~ 09.28,https://www.wishbunny.me/drop/2461,New Item
beauty,키즈토즈 로션 & 바디워시,"38,000",09.10 ~ 09.14,https://www.wishbunny.me/drop/2447,New Item
beauty,오드벨 스킨케어,"37,000",09.01 ~ 09.07,https://www.wishbunny.me/drop/2422,New Item
beauty,코리인제이 엉덩이클렌저,"17,900",09.11 ~ 09.15,https://www.wishbunny.me/drop/2419,New Item
beauty,닥터포포,"16,000",09.02 ~ 09.07,https://www.wishbunny.me/drop/2390,New Item
beauty,라무르,"212,320",09.10 ~ 09.13,https://www.wishbunny.me/drop/2304,New Item
beauty,스위스 100% 해면,"39,900",09.08 ~ 09.12,https://www.wishbunny.me/drop/2303,New Item
beauty,라무르,"48,000",09.29 ~ 10.01,https://www.wishbunny.me/drop/2290,New Item
beauty,라라메이드 스킨케어,"39,900",09.11 ~ 09.14,https://www.wishbunny.me/drop/2256,New Item
beauty,킨더브리제,N/A,09.10 ~ 09.14,https://www.wishbunny.me/drop/2148,New Item
beauty,포밤 스킨케어,N/A,09.01 ~ 09.07,https://www.wishbunny.me/drop/2144,New Item
beauty,리에종 드 로렌 포어 클렌저,"59,400",09.29 ~ 10.05,https://www.wishbunny.me/drop/2131,New Item
beauty,바이오렉트라 헤어메스 영양제 7종,"16,000",09.15 ~ 09.17,https://www.wishbunny.me/drop/2128,New Item
beauty,마이너스 티,"39,500",09.08 ~ 09.14,https://www.wishbunny.me/drop/2124,New Item
beauty,페이백 글루타치온,"44,000",09.08 ~ 09.14,https://www.wishbunny.me/drop/2123,New Item
beauty,피타니 애사비샷,"69,000",09.25 ~ 09.29,https://www.wishbunny.me/drop/2119,New Item
beauty,히알루콜라겐 글로이,"99,500",09.21 ~ 09.24,https://www.wishbunny.me/drop/2118,New Item
beauty,해피문데이 유기농 생리대,"14,000",09.16 ~ 09.19,https://www.wishbunny.me/drop/2117,New Item
beauty,라무르 모기밤,"34,200",09.01 ~ 09.02,https://www.wishbunny.me/drop/2105,New Item
beauty,프랭클린 4종,"28,900",09.15 ~ 09.18,https://www.wishbunny.me/drop/2100,New Item
beauty,아르베 탈모헤어 & 바디케어,N/A,09.29 ~ 10.02,https://www.wishbunny.me/drop/2071,New Item
beauty,무스텔라 로션/바디케어,"65,300",09.18 ~ 09.21,https://www.wishbunny.me/drop/2026,New Item
beauty,클랜징패드,N/A,09.25 ~ 09.27,https://www.wishbunny.me/drop/1971,New Item
beauty,일루엘 파우더 워시,N/A,09.10 ~ 09.13,https://www.wishbunny.me/drop/1963,New Item
beauty,맥스클리너 립타투,"12,000",09.02 ~ 09.05,https://www.wishbunny.me/drop/1960,New Item
beauty,올라데이,"143,000",09.30 ~ 10.05,https://www.wishbunny.me/drop/1958,New Item
beauty,올라 추석특집,"84,000",09.19 ~ 09.22,https://www.wishbunny.me/drop/1955,New Item
beauty,닥터포포,"16,000",09.04 ~ 09.07,https://www.wishbunny.me/drop/1949,New Item
beauty,라무르 스킨케어,N/A,09.12 ~ 09.16,https://www.wishbunny.me/drop/1914,New Item
beauty,미닉스 음식물처리기,"419,000",09.29 ~ 10.01,https://www.wishbunny.me/drop/1876,New Item
beauty,브라이트닝 엔더믹 다크 스팟 기획전,"105,300",09.25 ~ 09.30,https://www.wishbunny.me/drop/1689,New Item
beauty,이에르로르,"56,250",09.22 ~ 09.24,https://www.wishbunny.me/drop/1688,New Item
beauty,엔더믹 5MGF 크림,N/A,09.18 ~ 09.21,https://www.wishbunny.me/drop/1686,New Item
beauty,VT 스네일 리들샷,"49,000",09.11 ~ 09.13,https://www.wishbunny.me/drop/1685,New Item
beauty,쿼트쎄라,"1,010,000",09.08 ~ 09.10,https://www.wishbunny.me/drop/1684,New Item
beauty,클렌징 기획전,"42,500",09.04 ~ 09.06,https://www.wishbunny.me/drop/1683,New Item
beauty,아이큐에어,"2,380,000",09.01 ~ 09.03,https://www.wishbunny.me/drop/1681,New Item
beauty,"휴젤 바이리즌BR 기초 선물세트, 리프팅 마스크팩",N/A,09.23 ~ 09.30,https://www.wishbunny.me/drop/1674,New Item
beauty,유라이크 사파이어쿨링X2 레이저 제모기기,"469,000",09.12 ~ 09.19,https://www.wishbunny.me/drop/1671,New Item
beauty,엘레븐에이엠 펩타이드 마스크팩,"78,400",09.02 ~ 09.09,https://www.wishbunny.me/drop/1668,New Item
beauty,바이라샴푸,N/A,09.08 ~ 09.15,https://www.wishbunny.me/drop/1667,New Item
beauty,커브드,"144,000",09.22 ~ 10.06,https://www.wishbunny.me/drop/1662,New Item
beauty,올리비아 고출력 홈케어 디바이스,"990,000",09.29 ~ 10.03,https://www.wishbunny.me/drop/1649,New Item
beauty,EGA,"108,000",09.22 ~ 09.26,https://www.wishbunny.me/drop/1647,New Item
beauty,런드리유 고체 미스트,N/A,09.22 ~ 09.26,https://www.wishbunny.me/drop/1646,New Item
beauty,BNV,"103,000",09.15 ~ 09.19,https://www.wishbunny.me/drop/1642,New Item
beauty,셀티바 글루타치온,"29,000",09.01 ~ 09.05,https://www.wishbunny.me/drop/1639,New Item
beauty,레더스파크림,"54,000",09.15 ~ 09.19,https://www.wishbunny.me/drop/1636,New Item
beauty,아이홉 스킨케어,"44,200",09.18 ~ 09.24,https://www.wishbunny.me/drop/1617,New Item
beauty,피지오더미 바디케어 & 스킨케어,"158,400",09.29 ~ 10.02,https://www.wishbunny.me/drop/1612,New Item
beauty,알렉스,"22,000",09.29 ~ 10.02,https://www.wishbunny.me/drop/1611,New Item
beauty,알레피아 비누 3종,"22,000",09.26 ~ 09.30,https://www.wishbunny.me/drop/1610,New Item
beauty,세라일론 네일스프레이,"29,900",09.26 ~ 09.30,https://www.wishbunny.me/drop/1609,New Item
beauty,풋네스 풋크림 2종,"29,900",09.26 ~ 09.30,https://www.wishbunny.me/drop/1608,New Item
beauty,엠락틴 바디로션 3종,"22,900",09.26 ~ 09.30,https://www.wishbunny.me/drop/1607,New Item
beauty,바이오 포톤,"805,500",09.19 ~ 09.23,https://www.wishbunny.me/drop/1603,New Item
beauty,이너시아 생리대 & 여성 청결제,"16,400",09.05 ~ 09.09,https://www.wishbunny.me/drop/1596,New Item
beauty,아이올 고주파,"7,400",09.16 ~ 09.21,https://www.wishbunny.me/drop/1563,New Item
beauty,칠리 여성청결제,"23,400",09.08 ~ 09.14,https://www.wishbunny.me/drop/1562,New Item
beauty,유라이크 제모기,"279,000",09.05 ~ 09.10,https://www.wishbunny.me/drop/1561,New Item
beauty,톤28 샴푸바 & 바디바 & 설거지바,"11,900",08.26 ~ 08.31,https://www.wishbunny.me/drop/1430,New Item
beauty,버블클렌저,N/A,08.25 ~ 08.28,https://www.wishbunny.me/drop/1385,New Item
beauty,아토팜 임산부 튼살크림,"42,300",08.14 ~ 08.17,https://www.wishbunny.me/drop/1365,New Item
beauty,"토너패드, 선팩트","22,000",08.12 ~ 08.16,https://www.wishbunny.me/drop/1306,New Item
beauty,커브드,"80,000",08.19 ~ 09.01,https://www.wishbunny.me/drop/1126,New Item
beauty,데일리 마시는 아미노샷,"112,900",08.11 ~ 08.15,https://www.wishbunny.me/drop/1113,New Item
beauty,이야이야엔프렌즈 최고급 엑스트라버진오일,N/A,08.11 ~ 08.18,https://www.wishbunny.me/drop/1112,New Item
beauty,파이온텍 마이크로V 스킨샷,"65,000",08.11 ~ 08.15,https://www.wishbunny.me/drop/1111,New Item
beauty,보로랄코 샤워젤 & 바디크림,"59,000",08.21 ~ 08.30,https://www.wishbunny.me/drop/1107,New Item
beauty,바스 & NEW 대용량,"19,900",08.19 ~ 08.22,https://www.wishbunny.me/drop/1105,New Item
beauty,가쉬 에어버블 마스크,"58,100",08.18 ~ 08.31,https://www.wishbunny.me/drop/1099,New Item
beauty,TRX2 헤어 리바이탈 라이징 로션,"75,000",08.11 ~ 08.14,https://www.wishbunny.me/drop/1084,New Item
beauty,피토페시아 플러스 헤어 샴푸 & 트리트먼트,"22,000",08.11 ~ 08.14,https://www.wishbunny.me/drop/1083,New Item
beauty,제주인디 60초 마스크팩,N/A,09.08 ~ 09.14,https://www.wishbunny.me/drop/994,New Item
beauty,바이어트,N/A,08.21 ~ 08.31,https://www.wishbunny.me/drop/947,New Item
beauty,더멀팩,N/A,08.18 ~ 08.25,https://www.wishbunny.me/drop/946,New Item
beauty,바비온 발각질제거기,"79,000",08.04 ~ 08.08,https://www.wishbunny.me/drop/942,New Item
beauty,올라전품목할인,"70,000",08.31 ~ 09.04,https://www.wishbunny.me/drop/796,New Item
beauty,초록홍합 18차,"186,000",08.29 ~ 09.02,https://www.wishbunny.me/drop/795,New Item
beauty,더미식,"10,540",08.28 ~ 09.01,https://www.wishbunny.me/drop/794,New Item
beauty,차코랩 텀블러,"39,800",08.25 ~ 08.28,https://www.wishbunny.me/drop/793,New Item
beauty,곰부인 캐리어,N/A,08.22 ~ 08.26,https://www.wishbunny.me/drop/792,New Item
beauty,이너타이트 립타투,"25,500",08.18 ~ 08.21,https://www.wishbunny.me/drop/790,New Item
beauty,오마뎅 분식 밀키트,"18,000",08.14 ~ 08.18,https://www.wishbunny.me/drop/789,New Item
beauty,모로오렌지 10차,"35,000",08.11 ~ 08.14,https://www.wishbunny.me/drop/788,New Item
beauty,비밸런스 선크림,"30,000",08.07 ~ 08.11,https://www.wishbunny.me/drop/787,New Item
beauty,뉴비드,"49,000",08.04 ~ 08.11,https://www.wishbunny.me/drop/786,New Item
beauty,에피벗 쿠션,N/A,08.06 ~ 08.11,https://www.wishbunny.me/drop/741,New Item
beauty,AZH 헤어트리트먼트,N/A,08.06 ~ 08.13,https://www.wishbunny.me/drop/709,New Item
beauty,세라일론 네일 스프레이,"79,800",08.04 ~ 08.10,https://www.wishbunny.me/drop/708,New Item
beauty,ems 오마이턱,N/A,07.31 ~ 08.03,https://www.wishbunny.me/drop/463,New Item
beauty,본아페티 다이어트 쉐이크,"163,900",07.21 ~ 07.23,https://www.wishbunny.me/drop/458,New Item
beauty,비에날씬 다이어트 유산균,N/A,07.17 ~ 07.20,https://www.wishbunny.me/drop/457,New Item
beauty,루블리 실버 주얼리,"49,000",07.08 ~ 07.10,https://www.wishbunny.me/drop/454,New Item
beauty,쥬히 다이어트 젤리젤리,"27,900",07.07 ~ 07.13,https://www.wishbunny.me/drop/452,New Item
beauty,글루타치온 브라이트닝 앰플미스트,"51,000",07.10 ~ 07.13,https://www.wishbunny.me/drop/450,New Item
beauty,egg 클렌징 디바이스,"129,000",07.01 ~ 07.11,https://www.wishbunny.me/drop/322,New Item
beauty,라무르 선쿠션 & 클렌징워터 스킨케어 라인,"34,200",07.17 ~ 07.19,https://www.wishbunny.me/drop/316,New Item
beauty,브래비티 카밍엘릭서 & 포어리액터 14차,"25,800",06.12 ~ 06.16,https://www.wishbunny.me/drop/222,New Item
beauty,브릴리에잇 쿠션 21차,"29,700",06.05 ~ 06.09,https://www.wishbunny.me/drop/218,New Item
beauty,닥터포포 8차,"16,000",06.02 ~ 06.09,https://www.wishbunny.me/drop/217,New Item
beauty,에어버블 마스크 콜라겐팩,"58,100",06.30 ~ 07.02,https://www.wishbunny.me/drop/216,New Item
beauty,맞춤형 사각 더마 패드 4종,"35,500",06.23 ~ 06.26,https://www.wishbunny.me/drop/214,New Item
beauty,사라처럼 플러스 & 컷앤아웃 애사비 구미,"98,000",06.19 ~ 06.22,https://www.wishbunny.me/drop/213,New Item
beauty,이민정 물방울 초음파 리프팅 디바이스,"199,000",06.16 ~ 06.18,https://www.wishbunny.me/drop/212,New Item
beauty,세렌디뷰티 알게미스트,"50,400",06.12 ~ 06.15,https://www.wishbunny.me/drop/210,New Item
beauty,티트리 데이데이 톤업 선 쿠션,"33,500",06.05 ~ 06.08,https://www.wishbunny.me/drop/208,New Item
beauty,"립 플럼퍼 & 맥스클리닉 립타투, 립오일","75,800",06.02 ~ 06.04,https://www.wishbunny.me/drop/207,New Item
beauty,네츄럴테라피 아기화장품,"55,000",06.09 ~ 06.12,https://www.wishbunny.me/drop/185,New Item
beauty,오르 피르가즘팩,"17,000",06.02 ~ 06.04,https://www.wishbunny.me/drop/179,New Item
beauty,톤28 초유 비누,"31,200",06.09 ~ 06.13,https://www.wishbunny.me/drop/172,New Item
beauty,윗클 멀티클리너 세정티슈,"8,200",06.09 ~ 06.12,https://www.wishbunny.me/drop/148,New Item
beauty,스노우버디 선밀크 저자극 선크림,"28,900",06.17 ~ 06.20,https://www.wishbunny.me/drop/139,New Item
beauty,피타니 그래니스미스 스키니 애사비,N/A,06.02 ~ 06.08,https://www.wishbunny.me/drop/119,New Item
beauty,플르부아 향수,"48,000",06.04 ~ 06.11,https://www.wishbunny.me/drop/112,New Item
fashion,리틀콩 실내복 모음전,N/A,02.28 ~ 03.02,https://www.wishbunny.me/drop/10162,New Item
fashion,밀크마일 등원룩 모음전,N/A,02.19 ~ 02.21,https://www.wishbunny.me/drop/10155,New Item
fashion,두두스카프 봄신상,N/A,02.25 ~ 02.27,https://www.wishbunny.me/drop/9954,
fashion,미니마이저 브라,N/A,02.24 ~ 02.26,https://www.wishbunny.me/drop/9946,
fashion,프리미엄 진주귀걸이,N/A,02.12 ~ 02.14,https://www.wishbunny.me/drop/9941,
fashion,맘팬티& 파파팬티,"21,900",02.08 ~ 02.12,https://www.wishbunny.me/drop/9629,
fashion,미니두두 v2 봄신상,"11,900",02.02 ~ 02.04,https://www.wishbunny.me/drop/9618,
fashion,NEW 디즈니 간절기 등원북,N/A,02.26 ~ 02.28,https://www.wishbunny.me/drop/9615,
fashion,NEW 아기스카프,"8,900",02.06 ~ 02.08,https://www.wishbunny.me/drop/9608,Date Update: 02.06 ~ 02.09 -> 02.06 ~ 02.08
fashion,NEW 쭈리 등원복,N/A,02.01 ~ 02.08,https://www.wishbunny.me/drop/9604,
fashion,이불 상하복 세트,N/A,02.16 ~ 02.18,https://www.wishbunny.me/drop/9509,
fashion,실내복 고쟁이 등*,N/A,02.19 ~ 02.21,https://www.wishbunny.me/drop/9480,
fashion,시크릿키즈 상하복,N/A,02.03 ~ 02.05,https://www.wishbunny.me/drop/9471,
fashion,삠뽀유 봄신상,N/A,02.19 ~ 02.22,https://www.wishbunny.me/drop/9464,
fashion,어뜌 휴대용 기저귀 봉투 케어백,N/A,02.27 ~ 03.01,https://www.wishbunny.me/drop/9407,
fashion,뉴코코맘 유아 스카프,N/A,02.19 ~ 02.22,https://www.wishbunny.me/drop/9405,
fashion,봄 실내복,N/A,02.11 ~ 02.13,https://www.wishbunny.me/drop/9229,
fashion,삼소니 상하복,N/A,02.20 ~ 02.22,https://www.wishbunny.me/drop/9133,
fashion,삠뽀요 봄신상,N/A,02.19 ~ 02.22,https://www.wishbunny.me/drop/9067,
fashion,삼소니 등원룩,"8,900",02.04 ~ 02.08,https://www.wishbunny.me/drop/9060,
fashion,미니두두 스카프 VER 1&3,N/A,02.05 ~ 02.07,https://www.wishbunny.me/drop/9051,
fashion,뉴코코맘 스카프,N/A,02.23 ~ 02.26,https://www.wishbunny.me/drop/9034,
fashion,"오우아스튜디오 시리즈 (미술가운, 앞치마, 방수파우치)",N/A,02.10 ~ 02.12,https://www.wishbunny.me/drop/9028,
fashion,졸리쇼즈,"9,900",02.05 ~ 02.08,https://www.wishbunny.me/drop/9025,
fashion,실내복&고쟁이,N/A,02.09 ~ 02.11,https://www.wishbunny.me/drop/9006,
fashion,졸리쇼즈 2차 봄신상 프리미엄 양말,"9,900",03.05 ~ 03.07,https://www.wishbunny.me/drop/8978,
fashion,데일리라이크 키즈패션,"12,900",01.27 ~ 01.30,https://www.wishbunny.me/drop/8971,
fashion,누아 프리미엄 아동복,"18,000",01.28 ~ 02.01,https://www.wishbunny.me/drop/8917,
fashion,리틀피기 봄신상,"14,000",02.09 ~ 02.12,https://www.wishbunny.me/drop/8861,
fashion,리뗀클로르 턱받이 모음전,N/A,02.09 ~ 02.12,https://www.wishbunny.me/drop/8846,
fashion,봄봄상하세트 VOL.2,N/A,01.30 ~ 02.02,https://www.wishbunny.me/drop/8777,New Item
fashion,무료배송 자수복주머니 아기복주머니 테슬 포함,"16,900",02.06 ~ 02.10,https://www.wishbunny.me/drop/8623,New Item
fashion,발열내의 히트텍 실내복 3호-15호 9컬러,N/A,01.18 ~ 01.25,https://www.wishbunny.me/drop/8610,New Item
fashion,오드비,"212,500",01.22 ~ 01.28,https://www.wishbunny.me/drop/8562,New Item
fashion,졸리쇼츠 삭스 1+1+1,N/A,01.08 ~ 01.10,https://www.wishbunny.me/drop/8550,New Item
fashion,이키 설빔,N/A,01.23 ~ 01.26,https://www.wishbunny.me/drop/8507,New Item
fashion,쁘띠스카프,"9,900",01.06 ~ 01.13,https://www.wishbunny.me/drop/8382,New Item
fashion,부이부이 미니백,"69,600",01.15 ~ 01.17,https://www.wishbunny.me/drop/8336,New Item
fashion,앳센셜 멀티 스트라이프타월 최대할인,N/A,01.21 ~ 01.21,https://www.wishbunny.me/drop/8174,New Item
fashion,미닉스 김치냉장고,"359,000",01.12 ~ 01.12,https://www.wishbunny.me/drop/8170,New Item
fashion,오토모 청소기,"39,800",01.05 ~ 01.05,https://www.wishbunny.me/drop/8168,New Item
fashion,놈캐리어 크림/실버/블랙,"179,000",01.20 ~ 01.20,https://www.wishbunny.me/drop/8166,New Item
fashion,에스파놀라오일세트,"17,800",01.15 ~ 01.17,https://www.wishbunny.me/drop/8165,New Item
fashion,알렌바호 디펜더스S,"56,000",01.06 ~ 01.06,https://www.wishbunny.me/drop/8164,New Item
fashion,미끄럼방지 아이양말,"9,400",01.05 ~ 01.09,https://www.wishbunny.me/drop/8109,New Item
fashion,한복11종&악세서리 (백일~15호까지),N/A,01.31 ~ 02.04,https://www.wishbunny.me/drop/8102,New Item
fashion,"국내생산 에끌 페이크폴라 (아동,성인)","3,900",01.05 ~ 01.12,https://www.wishbunny.me/drop/8065,New Item
fashion,special evernt! ANOTHERPART X 믿구희,N/A,01.01 ~ 01.01,https://www.wishbunny.me/drop/7866,New Item
fashion,H'UGG,N/A,01.18 ~ 01.20,https://www.wishbunny.me/drop/7840,New Item
fashion,러브모모 제작 구스 패딩자켓,N/A,01.15 ~ 01.17,https://www.wishbunny.me/drop/7667,New Item
fashion,러브모모 제작 호피 맨투맨,N/A,01.08 ~ 01.09,https://www.wishbunny.me/drop/7665,New Item
fashion,러브모모 제작 2026 니트셋업,N/A,01.05 ~ 01.07,https://www.wishbunny.me/drop/7664,New Item
fashion,아기 스카프빕,"8,900",01.13 ~ 01.15,https://www.wishbunny.me/drop/7648,New Item
fashion,실외복,"16,650",01.14 ~ 01.17,https://www.wishbunny.me/drop/7568,New Item
fashion,"카낼 와니 백, 백팩",0,01.27 ~ 01.31,https://www.wishbunny.me/drop/7507,New Item
fashion,"마르카토 안경, 선글라스","15,800",01.23 ~ 01.30,https://www.wishbunny.me/drop/7506,New Item
fashion,셀렉트 기획전,"169,200",01.14 ~ 01.21,https://www.wishbunny.me/drop/7463,New Item
fashion,NEW 솔리디아,"39,000",01.09 ~ 01.13,https://www.wishbunny.me/drop/7460,New Item
fashion,셀렉트 기획전 ECO FUR RE:BEST,"169,200",01.07 ~ 01.14,https://www.wishbunny.me/drop/7459,New Item
fashion,뉴코코맘 신상 스카프,"8,900",01.21 ~ 01.23,https://www.wishbunny.me/drop/7425,New Item
fashion,키크 (KEEK) 필로우 후드집업 & 넥쿠션,"119,200",01.15 ~ 01.21,https://www.wishbunny.me/drop/7381,New Item
fashion,바브레 신발 모음전,"19,800",01.13 ~ 01.15,https://www.wishbunny.me/drop/7367,New Item
fashion,도아맘&슈메르 아동 양말 유아 신생아 사계절 겨울 미끄럼방지 양말,"9,400",01.09 ~ 01.12,https://www.wishbunny.me/drop/7363,New Item
fashion,디어딜리,"14,900",01.05 ~ 01.08,https://www.wishbunny.me/drop/7360,New Item
fashion,금동이한복,"28,900",01.26 ~ 01.29,https://www.wishbunny.me/drop/7319,New Item
fashion,아기 목스카프 2차,"8,900",01.07 ~ 01.10,https://www.wishbunny.me/drop/7310,New Item
fashion,2026 NEW 설빔세트,"34,900",01.11 ~ 01.13,https://www.wishbunny.me/drop/7295,New Item
fashion,리틀콩 베이비 슈트,"19,710",01.07 ~ 01.09,https://www.wishbunny.me/drop/7254,New Item
fashion,호주 어그,"58,500",02.01 ~ 02.28,https://www.wishbunny.me/drop/7225,New Item
fashion,성인 패딩점퍼 (44-88사이즈),N/A,01.21 ~ 01.23,https://www.wishbunny.me/drop/7150,New Item
fashion,올유베베 윈터 항아리 고쟁이,"17,900",01.05 ~ 01.08,https://www.wishbunny.me/drop/7124,New Item
fashion,2차 쁘띠머플러 한겨울ver. 신상,"12,000",01.11 ~ 01.14,https://www.wishbunny.me/drop/7044,New Item
fashion,블로우 보냉/보온 백팩,"99,000",02.02 ~ 02.04,https://www.wishbunny.me/drop/7001,New Item
fashion,베베누보 유모차장갑,N/A,12.19 ~ 12.21,https://www.wishbunny.me/drop/6899,New Item
fashion,호주 UGG,N/A,12.10 ~ 12.14,https://www.wishbunny.me/drop/6855,New Item
fashion,"미니두두 1,3버전 / 크리스마스버전",N/A,12.11 ~ 12.13,https://www.wishbunny.me/drop/6850,New Item
fashion,시크릿 키즈 실내복,"34,900",12.08 ~ 12.10,https://www.wishbunny.me/drop/6846,New Item
fashion,라이테스 레깅스,"89,800",12.30 ~ 01.01,https://www.wishbunny.me/drop/6802,New Item
fashion,뚜루뚜루 이불 상하복,"16,900",12.23 ~ 12.25,https://www.wishbunny.me/drop/6733,New Item
fashion,솝솝 상하복,N/A,12.15 ~ 12.17,https://www.wishbunny.me/drop/6724,New Item
fashion,리틀피기 겨울,N/A,12.26 ~ 01.01,https://www.wishbunny.me/drop/6710,New Item
fashion,벨로아팬츠 + 폴라티,N/A,12.23 ~ 12.26,https://www.wishbunny.me/drop/6709,New Item
fashion,오슬로 아동패딩슬리퍼 키즈패딩슬립온 아동슬링백방한샌들,"9,900",12.11 ~ 12.21,https://www.wishbunny.me/drop/6683,New Item
fashion,클라 마스크 아동 성인,"3,900",12.09 ~ 12.31,https://www.wishbunny.me/drop/6681,New Item
fashion,오슬로 울렌부츠,"35,400",12.08 ~ 12.23,https://www.wishbunny.me/drop/6676,New Item
fashion,리틀콩 겨울옷,N/A,12.15 ~ 12.17,https://www.wishbunny.me/drop/6636,New Item
fashion,이키 크리스마스 아기옷,"24,900",12.02 ~ 12.05,https://www.wishbunny.me/drop/6618,New Item
fashion,수면조끼 런칭 특가,N/A,12.05 ~ 12.11,https://www.wishbunny.me/drop/6567,New Item
fashion,리틀콩 실내복,N/A,12.04 ~ 12.10,https://www.wishbunny.me/drop/6537,New Item
fashion,폴프랜즈,N/A,12.02 ~ 12.14,https://www.wishbunny.me/drop/6535,New Item
fashion,바브레 털부츠,"11,800",12.09 ~ 12.13,https://www.wishbunny.me/drop/6520,New Item
fashion,미니위즈 겨울 신발,"41,000",12.05 ~ 12.08,https://www.wishbunny.me/drop/6518,New Item
fashion,폴프랜즈,N/A,12.01 ~ 12.15,https://www.wishbunny.me/drop/6513,New Item
fashion,리틀피기,N/A,12.12 ~ 12.15,https://www.wishbunny.me/drop/6498,New Item
fashion,리틀콩 실내복,N/A,12.01 ~ 12.03,https://www.wishbunny.me/drop/6473,New Item
fashion,첫공구! 삠뽀요 패딩&스키복& 상하세트,"26,900",12.04 ~ 12.07,https://www.wishbunny.me/drop/6447,New Item
fashion,리틀콩 겨울 실내복,N/A,12.11 ~ 12.14,https://www.wishbunny.me/drop/6436,New Item
fashion,바브레 아기부츠,"11,800",12.17 ~ 12.21,https://www.wishbunny.me/drop/6424,New Item
fashion,이키 수면 조끼,"20,700",12.16 ~ 12.19,https://www.wishbunny.me/drop/6423,New Item
fashion,폴프랜즈 FW양말,N/A,12.12 ~ 12.15,https://www.wishbunny.me/drop/6421,New Item
fashion,양말,N/A,12.01 ~ 12.14,https://www.wishbunny.me/drop/6402,New Item
fashion,마이미 진주 쥬얼리 5종,N/A,12.02 ~ 12.07,https://www.wishbunny.me/drop/6383,New Item
fashion,마이리틀싹스 양말,N/A,12.11 ~ 12.13,https://www.wishbunny.me/drop/6321,New Item
fashion,폴프랜즈 양말,N/A,12.01 ~ 12.14,https://www.wishbunny.me/drop/6314,New Item
fashion,등원룩,"8,900",12.01 ~ 12.05,https://www.wishbunny.me/drop/6313,New Item
fashion,이키 크리스마스 기획전,N/A,12.04 ~ 12.07,https://www.wishbunny.me/drop/6290,New Item
fashion,페이크 밍크 기획전,"169,000",12.01 ~ 12.07,https://www.wishbunny.me/drop/6289,New Item
fashion,구름팬츠/티/비비안스타킹,N/A,12.01 ~ 12.10,https://www.wishbunny.me/drop/6282,New Item
fashion,아띠빠스,"21,900",12.19 ~ 01.01,https://www.wishbunny.me/drop/6260,New Item
fashion,시크릿키즈 겨울 상하복 & 내복,"9,900",12.04 ~ 12.07,https://www.wishbunny.me/drop/6200,New Item
fashion,올유베베 고쟁이,"15,900",12.02 ~ 12.05,https://www.wishbunny.me/drop/6199,New Item
fashion,이키 수면 조끼,"16,000",12.01 ~ 12.03,https://www.wishbunny.me/drop/6198,New Item
fashion,오우아 패딩&의류,"57,900",12.02 ~ 12.10,https://www.wishbunny.me/drop/6176,New Item
fashion,이키 기념일 세트 + 신상 수면 조끼 1+1,"14,900",12.29 ~ 01.01,https://www.wishbunny.me/drop/6174,New Item
fashion,리틀피기 겨울실내복 & 실외복,N/A,12.09 ~ 12.12,https://www.wishbunny.me/drop/6156,New Item
fashion,이키 크리스마스 룩,"16,900",12.03 ~ 12.07,https://www.wishbunny.me/drop/6153,New Item
fashion,도트백팩,"65,000",12.15 ~ 12.17,https://www.wishbunny.me/drop/6148,New Item
fashion,미니두두 버전2 & 크리스마스 에디션 단독,"11,900",12.10 ~ 12.12,https://www.wishbunny.me/drop/6147,New Item
fashion,캐시미어 코트,N/A,12.01 ~ 12.14,https://www.wishbunny.me/drop/6104,New Item
fashion,겨울 캐시 머플러,N/A,12.15 ~ 12.17,https://www.wishbunny.me/drop/6081,New Item
fashion,리틀콩 실내복,"14,310",12.16 ~ 12.18,https://www.wishbunny.me/drop/6063,New Item
fashion,겨울신상 ! 뚜루뚜루 이불상하복 세트,"16,900",12.01 ~ 12.07,https://www.wishbunny.me/drop/6048,New Item
fashion,네파키즈 방한패딩부츠,"49,500",11.21 ~ 11.30,https://www.wishbunny.me/drop/6007,New Item
fashion,호주 UGG 어그부츠 모음전,"41,400",11.22 ~ 11.30,https://www.wishbunny.me/drop/6006,New Item
fashion,오슬로 아동패딩슬리퍼 키즈패딩슬립온 아동슬링백방한샌들,"9,900",11.21 ~ 11.30,https://www.wishbunny.me/drop/6002,New Item
fashion,오슬로 울렌부츠,"35,400",11.21 ~ 11.30,https://www.wishbunny.me/drop/6000,New Item
fashion,호주어그,"58,500",12.01 ~ 12.05,https://www.wishbunny.me/drop/5971,New Item
fashion,"베베누보 패딩수트, 부츠","29,900",11.13 ~ 11.16,https://www.wishbunny.me/drop/5936,New Item
fashion,졸리쇼즈 양말,"9,900",11.11 ~ 11.14,https://www.wishbunny.me/drop/5856,New Item
fashion,오슬로 겨울 장화,N/A,11.17 ~ 11.22,https://www.wishbunny.me/drop/5829,New Item
fashion,솝솝 아동복 상하세트 1+1,"35,800",11.22 ~ 12.01,https://www.wishbunny.me/drop/5791,New Item
fashion,겨울 외출복,"13,000",11.18 ~ 11.20,https://www.wishbunny.me/drop/5763,New Item
fashion,이니셜 어그부츠,"59,900",11.11 ~ 11.14,https://www.wishbunny.me/drop/5760,New Item
fashion,겨울 실내복,"13,000",11.10 ~ 11.12,https://www.wishbunny.me/drop/5759,New Item
fashion,폴프랜즈 겨울양말,N/A,11.19 ~ 11.24,https://www.wishbunny.me/drop/5726,New Item
fashion,삼소니 겨울 실외복,"11,900",11.09 ~ 11.12,https://www.wishbunny.me/drop/5719,New Item
fashion,오슬로 울렌부츠,"35,400",11.05 ~ 11.18,https://www.wishbunny.me/drop/5716,New Item
fashion,비비안 스타킹 타이즈,"19,900",11.24 ~ 12.08,https://www.wishbunny.me/drop/5553,New Item
fashion,어그,N/A,11.16 ~ 11.22,https://www.wishbunny.me/drop/5546,New Item
fashion,신상 리틀피기,N/A,11.28 ~ 11.30,https://www.wishbunny.me/drop/5523,New Item
fashion,티세르 패밀리 파자마,"29,500",11.26 ~ 11.30,https://www.wishbunny.me/drop/5521,New Item
fashion,디즈니 정품 패밀리 실내복,N/A,11.14 ~ 12.01,https://www.wishbunny.me/drop/5512,New Item
fashion,리틀콩 겨울신상,N/A,11.17 ~ 11.20,https://www.wishbunny.me/drop/5460,New Item
fashion,리틀피기 겨울 신상,N/A,11.08 ~ 11.10,https://www.wishbunny.me/drop/5452,New Item
fashion,라뷰옵틱 블루라이트 안경 모음전,"29,900",11.24 ~ 12.01,https://www.wishbunny.me/drop/5403,New Item
fashion,이키 크리스마스 아동복,"29,900",11.26 ~ 11.29,https://www.wishbunny.me/drop/5395,New Item
fashion,엄마 아기 후리스 & 바라클라바,N/A,11.07 ~ 11.09,https://www.wishbunny.me/drop/5388,New Item
fashion,아가드 패딩 장갑 부츠,"28,900",11.19 ~ 11.22,https://www.wishbunny.me/drop/5365,New Item
fashion,베베누보 덕다운,N/A,11.26 ~ 11.29,https://www.wishbunny.me/drop/5361,New Item
fashion,"아띠빠스 바라클라바, 풋워머,비니","16,900",11.14 ~ 11.17,https://www.wishbunny.me/drop/5356,New Item
fashion,바브레 털부츠,"19,800",11.17 ~ 11.19,https://www.wishbunny.me/drop/5331,New Item
fashion,시크릿 키즈 후리스,N/A,11.13 ~ 12.01,https://www.wishbunny.me/drop/5330,New Item
fashion,리틀콩 겨울신상,N/A,11.14 ~ 11.18,https://www.wishbunny.me/drop/5308,New Item
fashion,오아이비 내복 & 수면조끼 NEW,N/A,11.05 ~ 11.09,https://www.wishbunny.me/drop/5278,New Item
fashion,리틀피기 NEW,N/A,11.03 ~ 11.08,https://www.wishbunny.me/drop/5277,New Item
fashion,졸리쇼즈 양말,"9,900",11.28 ~ 11.30,https://www.wishbunny.me/drop/5276,New Item
fashion,1+1 시크릿키즈 브레드 수면조끼,"13,900",11.17 ~ 11.19,https://www.wishbunny.me/drop/5273,New Item
fashion,오우아스튜디오 실내복,"38,900",11.05 ~ 11.09,https://www.wishbunny.me/drop/5237,New Item
fashion,블로우 보냉백,"99,000",11.19 ~ 11.23,https://www.wishbunny.me/drop/5229,New Item
fashion,코코멜로우 유아 야상,"29,800",11.06 ~ 11.09,https://www.wishbunny.me/drop/5222,New Item
fashion,국민 프리미엄 기저귀백팩 3cloors,"47,240",11.12 ~ 11.15,https://www.wishbunny.me/drop/5213,New Item
fashion,블로우 기저귀 백팩,"99,000",11.10 ~ 11.14,https://www.wishbunny.me/drop/5199,New Item
fashion,리틀피기 실내복,"29,000",11.05 ~ 11.07,https://www.wishbunny.me/drop/5197,New Item
fashion,디베르노 가방,"149,000",11.17 ~ 11.19,https://www.wishbunny.me/drop/5182,New Item
fashion,오즈키즈 겨울 신발,"21,900",11.07 ~ 11.09,https://www.wishbunny.me/drop/5177,New Item
fashion,시크릿 키즈 후리스,"19,900",11.05 ~ 11.09,https://www.wishbunny.me/drop/5176,New Item
fashion,리틀피기 실내복 & 외출복,N/A,11.03 ~ 11.05,https://www.wishbunny.me/drop/5175,New Item
fashion,퍼 수면조끼 1+1 13900원,"13,900",11.27 ~ 11.30,https://www.wishbunny.me/drop/5168,New Item
fashion,올인원 방한슈트/방한부츠,"166,900",11.24 ~ 11.28,https://www.wishbunny.me/drop/5167,New Item
fashion,누빔 수면조끼,"20,700",11.15 ~ 11.18,https://www.wishbunny.me/drop/5139,New Item
fashion,미끄럼방지 양말,"9,400",11.07 ~ 11.18,https://www.wishbunny.me/drop/5136,New Item
fashion,오슬로 방한 부츠,"35,400",11.05 ~ 11.09,https://www.wishbunny.me/drop/5134,New Item
fashion,오슬로 겨울부츠,N/A,11.06 ~ 11.09,https://www.wishbunny.me/drop/5124,New Item
fashion,풋워머 + 바라클라바,"16,900",11.21 ~ 11.23,https://www.wishbunny.me/drop/5116,New Item
fashion,바브레 털 부츠,"19,800",11.08 ~ 11.12,https://www.wishbunny.me/drop/5104,New Item
fashion,리틀콩 실내복,N/A,11.21 ~ 11.24,https://www.wishbunny.me/drop/5094,New Item
fashion,비뮈에트,"315,000",11.24 ~ 11.28,https://www.wishbunny.me/drop/5010,New Item
fashion,브라운햇,"148,000",11.17 ~ 11.21,https://www.wishbunny.me/drop/5009,New Item
fashion,비나앤코 힙업 레깅스,"42,000",11.10 ~ 11.14,https://www.wishbunny.me/drop/5003,New Item
fashion,미니두두 스카프,N/A,11.24 ~ 11.26,https://www.wishbunny.me/drop/4962,New Item
fashion,오슬로 울렌 부츠,N/A,11.04 ~ 11.07,https://www.wishbunny.me/drop/4955,New Item
fashion,미니두두 스카프 버전2,"11,900",11.10 ~ 11.10,https://www.wishbunny.me/drop/4948,New Item
fashion,보냉 백팩,"99,000",11.11 ~ 11.14,https://www.wishbunny.me/drop/4917,New Item
fashion,어그,"41,400",11.10 ~ 11.12,https://www.wishbunny.me/drop/4906,New Item
fashion,미니두두 1&3 버전,N/A,11.13 ~ 11.15,https://www.wishbunny.me/drop/4889,New Item
fashion,1만원대 기모 상하세트,"11,900",11.04 ~ 11.06,https://www.wishbunny.me/drop/4883,New Item
fashion,에센셜 의류,N/A,11.26 ~ 11.30,https://www.wishbunny.me/drop/4847,New Item
fashion,한섬 의류,"142,500",11.14 ~ 11.18,https://www.wishbunny.me/drop/4839,New Item
fashion,위키드랩 핑크 구미베어,"20,500",11.11 ~ 11.14,https://www.wishbunny.me/drop/4838,New Item
fashion,셀렉트 기획전,"79,200",11.05 ~ 11.12,https://www.wishbunny.me/drop/4832,New Item
fashion,마비나 & 파비오 가바찌 밍크 자켓,"4,490,000",11.21 ~ 11.28,https://www.wishbunny.me/drop/4827,New Item
fashion,비비드 솔리드,"51,000",11.26 ~ 12.03,https://www.wishbunny.me/drop/4775,New Item
fashion,유어네임히얼 의류 모음전,"175,200",11.17 ~ 11.25,https://www.wishbunny.me/drop/4771,New Item
fashion,아센트멘토,N/A,11.11 ~ 11.18,https://www.wishbunny.me/drop/4768,New Item
fashion,졸리쇼즈 양말,"9,900",11.06 ~ 11.10,https://www.wishbunny.me/drop/4710,New Item
fashion,유아/초등 손목시계,"99,900",11.18 ~ 11.21,https://www.wishbunny.me/drop/4705,New Item
fashion,미니두두 버전2,N/A,11.05 ~ 11.05,https://www.wishbunny.me/drop/4693,New Item
fashion,미니두두 스카프,N/A,11.03 ~ 11.06,https://www.wishbunny.me/drop/4692,New Item
fashion,오슬로,N/A,11.06 ~ 11.09,https://www.wishbunny.me/drop/4643,New Item
fashion,오슬로 울렌부츠,"35,400",11.01 ~ 11.16,https://www.wishbunny.me/drop/4625,New Item
fashion,가연맘X루미앤루나 쁘띠목스카프,"11,000",11.28 ~ 12.01,https://www.wishbunny.me/drop/4615,New Item
fashion,베베누보 덕다운 패딩,"149,000",11.25 ~ 11.28,https://www.wishbunny.me/drop/4611,New Item
fashion,시크릿키즈 후리스 바라클라바 수면조끼,"19,900",11.04 ~ 11.07,https://www.wishbunny.me/drop/4598,New Item
fashion,UGG 어그 모음전,"81,000",11.10 ~ 12.31,https://www.wishbunny.me/drop/4592,New Item
fashion,블로우 백팩,"73,000",11.20 ~ 11.23,https://www.wishbunny.me/drop/4587,New Item
fashion,오슬로 N59 울렌부츠,"35,400",11.04 ~ 11.09,https://www.wishbunny.me/drop/4585,New Item
fashion,호주 어그 모음전,"86,400",11.20 ~ 01.01,https://www.wishbunny.me/drop/4584,New Item
fashion,블로우 백팩 (신상색상포함),"99,000",11.19 ~ 11.23,https://www.wishbunny.me/drop/4547,New Item
fashion,시크릿키즈 1+1 수면조끼 외,N/A,10.27 ~ 10.31,https://www.wishbunny.me/drop/4539,New Item
fashion,삐삐롱 모달 실내복,"14,900",11.05 ~ 11.09,https://www.wishbunny.me/drop/4535,New Item
fashion,어그,"41,400",11.18 ~ 11.21,https://www.wishbunny.me/drop/4531,New Item
fashion,어그 UGG,"60,900",11.20 ~ 11.23,https://www.wishbunny.me/drop/4480,New Item
fashion,시크릿키즈 상하복,N/A,10.23 ~ 10.26,https://www.wishbunny.me/drop/4472,New Item
fashion,졸리쇼즈 양말,"9,900",10.23 ~ 10.26,https://www.wishbunny.me/drop/4470,New Item
fashion,폴프랜즈 양말,"9,900",10.20 ~ 11.03,https://www.wishbunny.me/drop/4466,New Item
fashion,리틀콩 실내복,N/A,11.07 ~ 11.09,https://www.wishbunny.me/drop/4454,New Item
fashion,졸리쇼즈 양말,"9,900",11.29 ~ 11.30,https://www.wishbunny.me/drop/4416,New Item
fashion,시크릿키즈 실내복,"9,900",10.16 ~ 10.19,https://www.wishbunny.me/drop/4415,New Item
fashion,모어화이트 코팅 스프레이,"13,900",10.17 ~ 10.22,https://www.wishbunny.me/drop/4406,New Item
fashion,어그 모음전,"89,100",10.17 ~ 10.22,https://www.wishbunny.me/drop/4405,New Item
fashion,폴로 케이블 니트,"59,000",10.17 ~ 10.23,https://www.wishbunny.me/drop/4404,New Item
fashion,블로우 보냉백팩,N/A,11.24 ~ 11.26,https://www.wishbunny.me/drop/4358,New Item
fashion,호주 어그,N/A,10.23 ~ 10.26,https://www.wishbunny.me/drop/4343,New Item
fashion,어그 모음전,"71,000",10.15 ~ 10.16,https://www.wishbunny.me/drop/4303,New Item
fashion,시크릿 키즈 후리스,"29,900",10.29 ~ 11.02,https://www.wishbunny.me/drop/4214,New Item
fashion,블로우백팩 신상,N/A,10.25 ~ 10.29,https://www.wishbunny.me/drop/4186,New Item
fashion,패밀리 커플잠옷,N/A,10.23 ~ 10.26,https://www.wishbunny.me/drop/4184,New Item
fashion,졸리쇼즈 양말,"9,000",10.15 ~ 10.19,https://www.wishbunny.me/drop/4176,New Item
fashion,갓성비 페이크 목폴라,N/A,10.15 ~ 10.19,https://www.wishbunny.me/drop/4171,New Item
fashion,폴프렌즈 양말,N/A,10.20 ~ 10.27,https://www.wishbunny.me/drop/4118,New Item
fashion,호주어그,N/A,10.12 ~ 10.13,https://www.wishbunny.me/drop/4115,New Item
fashion,부이부이 월렛,"73,950",10.30 ~ 11.02,https://www.wishbunny.me/drop/4100,New Item
fashion,아노에틱 & 블링백,"120,000",10.27 ~ 10.31,https://www.wishbunny.me/drop/4089,New Item
fashion,아키 클래식 운동화,"79,000",10.16 ~ 10.20,https://www.wishbunny.me/drop/4084,New Item
fashion,미니두두 스카프,N/A,10.23 ~ 10.27,https://www.wishbunny.me/drop/4071,New Item
fashion,폴프렌즈,N/A,10.23 ~ 10.26,https://www.wishbunny.me/drop/4048,New Item
fashion,파베 주얼리 기획전,"850,000",10.28 ~ 11.02,https://www.wishbunny.me/drop/4031,New Item
fashion,리틀콩 실내복,N/A,10.20 ~ 10.23,https://www.wishbunny.me/drop/4021,New Item
fashion,어그 모음전,"106,200",10.17 ~ 10.31,https://www.wishbunny.me/drop/3955,New Item
fashion,마스케라 겨울모자,"38,000",10.30 ~ 11.02,https://www.wishbunny.me/drop/3941,New Item
fashion,어그 모음전,"81,000",10.15 ~ 10.19,https://www.wishbunny.me/drop/3935,New Item
fashion,어그,"72,900",10.13 ~ 10.17,https://www.wishbunny.me/drop/3925,New Item
fashion,폴프렌즈양말,N/A,10.21 ~ 10.26,https://www.wishbunny.me/drop/3895,New Item
fashion,캐시라쿤 펄로브 풀오버 가디건,N/A,10.09 ~ 10.12,https://www.wishbunny.me/drop/3845,New Item
fashion,덤블 워싱 와플 실내복,N/A,10.09 ~ 10.12,https://www.wishbunny.me/drop/3816,New Item
fashion,시크릿 키즈 겨울 후리스 점퍼,"19,900",10.31 ~ 11.02,https://www.wishbunny.me/drop/3815,New Item
fashion,리뗀클로르 마우스 / 바니거즈햇,"15,900",10.23 ~ 10.26,https://www.wishbunny.me/drop/3790,New Item
fashion,리틀콩 실내복,N/A,10.16 ~ 10.19,https://www.wishbunny.me/drop/3760,New Item
fashion,시크릿키즈,"13,900",10.20 ~ 10.23,https://www.wishbunny.me/drop/3748,New Item
fashion,디어딜리,"30,000",10.20 ~ 10.24,https://www.wishbunny.me/drop/3730,New Item
fashion,네이티브 겨울 슈즈,N/A,10.14 ~ 10.16,https://www.wishbunny.me/drop/3691,New Item
fashion,호주 어그,N/A,10.02 ~ 10.11,https://www.wishbunny.me/drop/3671,New Item
fashion,어그최저가,"86,400",10.01 ~ 10.05,https://www.wishbunny.me/drop/3667,New Item
fashion,셀렉트 기획전,"196,200",10.29 ~ 11.05,https://www.wishbunny.me/drop/3657,New Item
fashion,셀렉트 의류 기획전,"49,300",10.22 ~ 10.29,https://www.wishbunny.me/drop/3653,New Item
fashion,토에즈 의류 기획전,"178,200",10.15 ~ 10.19,https://www.wishbunny.me/drop/3650,New Item
fashion,한섬 의류 기획전,"250,200",10.15 ~ 10.19,https://www.wishbunny.me/drop/3649,New Item
fashion,토에즈 의류 기획전,"137,700",10.01 ~ 10.07,https://www.wishbunny.me/drop/3644,New Item
fashion,마이미 캘리포니아,"378,000",10.20 ~ 11.03,https://www.wishbunny.me/drop/3628,New Item
fashion,유어네임히얼,"118,300",10.13 ~ 10.21,https://www.wishbunny.me/drop/3625,New Item
fashion,에이와이오스튜디오,"88,700",10.02 ~ 10.10,https://www.wishbunny.me/drop/3623,New Item
fashion,아이헤이트먼데이,N/A,10.01 ~ 10.10,https://www.wishbunny.me/drop/3622,New Item
fashion,오슬로 아기 겨울 부츠,"35,400",10.29 ~ 11.02,https://www.wishbunny.me/drop/3580,New Item
fashion,폴프렌즈 양말,N/A,10.20 ~ 10.23,https://www.wishbunny.me/drop/3576,New Item
fashion,UGG 어그 부츠 모음전,N/A,10.03 ~ 10.08,https://www.wishbunny.me/drop/3544,New Item
fashion,리틀피기 신상 ( 멜팅치즈 ),"19,000",10.14 ~ 10.17,https://www.wishbunny.me/drop/3527,New Item
fashion,이뮤 호즈 어그부츠,"109,000",10.13 ~ 10.15,https://www.wishbunny.me/drop/3507,New Item
fashion,데일리라이크 양말,"12,900",10.31 ~ 11.02,https://www.wishbunny.me/drop/3505,New Item
fashion,오슬로 겨울부츠,"35,400",10.27 ~ 11.04,https://www.wishbunny.me/drop/3500,New Item
fashion,디즈니 파자마,N/A,10.04 ~ 10.05,https://www.wishbunny.me/drop/3482,New Item
fashion,리뗀클로르 거즈햇,"16,800",10.20 ~ 10.23,https://www.wishbunny.me/drop/3472,New Item
fashion,리틀피기 신상 실내복,"29,000",10.16 ~ 10.27,https://www.wishbunny.me/drop/3470,New Item
fashion,리뗀클로르 수면조끼,"14,900",10.03 ~ 10.06,https://www.wishbunny.me/drop/3464,New Item
fashion,폴프랜즈 양말,"9,900",10.20 ~ 10.21,https://www.wishbunny.me/drop/3445,New Item
fashion,"디아모모 쥬얼리 목걸이 , 귀걸이",N/A,10.29 ~ 11.02,https://www.wishbunny.me/drop/3429,New Item
fashion,이누이에디션 스카프 ( 울 ),N/A,10.23 ~ 10.26,https://www.wishbunny.me/drop/3428,New Item
fashion,Tamin F/W 신상,"11,400",10.13 ~ 10.16,https://www.wishbunny.me/drop/3399,New Item
fashion,블로우 보냉백팩,"99,000",10.16 ~ 10.19,https://www.wishbunny.me/drop/3393,New Item
fashion,네이티브,"59,900",10.09 ~ 10.12,https://www.wishbunny.me/drop/3391,New Item
fashion,마스케라 모자,"38,000",10.27 ~ 10.30,https://www.wishbunny.me/drop/3361,New Item
fashion,부이부이,"73,950",10.15 ~ 10.17,https://www.wishbunny.me/drop/3359,New Item
fashion,미니두두 스카프,N/A,10.20 ~ 10.22,https://www.wishbunny.me/drop/3355,New Item
fashion,어그 UGG,"49,000",10.27 ~ 11.04,https://www.wishbunny.me/drop/3214,New Item
fashion,리틀피기 실내복,N/A,10.07 ~ 10.12,https://www.wishbunny.me/drop/3129,New Item
fashion,파스텔버블 수면조끼,"29,900",10.01 ~ 10.07,https://www.wishbunny.me/drop/3102,New Item
fashion,폴로 가디건,N/A,10.07 ~ 10.13,https://www.wishbunny.me/drop/3094,New Item
fashion,리틀콩 실내복,N/A,09.29 ~ 10.01,https://www.wishbunny.me/drop/2726,New Item
fashion,딸기 실내복,N/A,09.27 ~ 09.30,https://www.wishbunny.me/drop/2676,New Item
fashion,UGG 어그부츠,"87,300",09.23 ~ 09.30,https://www.wishbunny.me/drop/2644,New Item
fashion,그로그로잉 트래블백,"19,900",09.19 ~ 09.22,https://www.wishbunny.me/drop/2643,New Item
fashion,호주 어그,N/A,09.25 ~ 09.27,https://www.wishbunny.me/drop/2639,New Item
fashion,자주 파자마,"34,900",09.15 ~ 09.21,https://www.wishbunny.me/drop/2603,New Item
fashion,졸리쇼즈 양말,"9,900",09.11 ~ 09.13,https://www.wishbunny.me/drop/2553,New Item
fashion,아기야상점퍼 / 아기양말,"29,800",09.25 ~ 09.30,https://www.wishbunny.me/drop/2518,New Item
fashion,2025 NEW 어그 모음전,"84,600",09.11 ~ 09.14,https://www.wishbunny.me/drop/2508,New Item
fashion,가을옷 골라담기,N/A,09.29 ~ 10.02,https://www.wishbunny.me/drop/2504,New Item
fashion,가을실내복,N/A,09.28 ~ 09.28,https://www.wishbunny.me/drop/2487,New Item
fashion,폴프랜즈 가을양말,N/A,09.09 ~ 09.15,https://www.wishbunny.me/drop/2475,New Item
fashion,호즈 어그 부츠,N/A,09.29 ~ 10.01,https://www.wishbunny.me/drop/2462,New Item
fashion,MCRN 스트랩,N/A,09.17 ~ 09.20,https://www.wishbunny.me/drop/2454,New Item
fashion,졸리양말,"9,000",09.10 ~ 09.12,https://www.wishbunny.me/drop/2380,New Item
fashion,수면조끼,"29,900",09.02 ~ 09.04,https://www.wishbunny.me/drop/2375,New Item
fashion,정품 UGG 어그,N/A,09.09 ~ 09.14,https://www.wishbunny.me/drop/2362,New Item
fashion,폴프랜즈 양말,N/A,09.02 ~ 09.07,https://www.wishbunny.me/drop/2358,New Item
fashion,리틀피기 실내복,N/A,09.01 ~ 09.06,https://www.wishbunny.me/drop/2344,New Item
fashion,미니두두 스카프,"95,200",09.11 ~ 09.13,https://www.wishbunny.me/drop/2314,New Item
fashion,부이부이 백,"73,950",09.25 ~ 09.28,https://www.wishbunny.me/drop/2309,New Item
fashion,미니두두 스카프,"9,700",09.22 ~ 09.25,https://www.wishbunny.me/drop/2299,New Item
fashion,미니두두 버전2,"95,200",09.23 ~ 09.25,https://www.wishbunny.me/drop/2288,New Item
fashion,리틀콩 실내복,N/A,09.16 ~ 09.18,https://www.wishbunny.me/drop/2284,New Item
fashion,폴프렌즈 양말,N/A,09.01 ~ 09.07,https://www.wishbunny.me/drop/2279,New Item
fashion,폴프랜즈 가을양말,N/A,09.02 ~ 09.14,https://www.wishbunny.me/drop/2234,New Item
fashion,오즈웨어 UGG 어그,"99,900",09.15 ~ 09.17,https://www.wishbunny.me/drop/2219,New Item
fashion,마이희로 가을신상 패밀리 파자마,N/A,09.09 ~ 09.17,https://www.wishbunny.me/drop/2214,New Item
fashion,폴프랜즈 가을양말,N/A,09.02 ~ 09.07,https://www.wishbunny.me/drop/2208,New Item
fashion,삼소니 상하복,"9,900",09.08 ~ 09.10,https://www.wishbunny.me/drop/2196,New Item
fashion,폴프랜즈 가을양말,N/A,09.02 ~ 09.15,https://www.wishbunny.me/drop/2193,New Item
fashion,맘팬티,"21,900",09.22 ~ 09.25,https://www.wishbunny.me/drop/2162,New Item
fashion,쿠메 링크프리셔츠,"135,000",09.18 ~ 09.28,https://www.wishbunny.me/drop/2129,New Item
fashion,프로스펙스 운동화,N/A,09.22 ~ 09.24,https://www.wishbunny.me/drop/2127,New Item
fashion,NEW 마이미 이코야 진주목걸이 & 귀걸이,"358,000",09.08 ~ 09.11,https://www.wishbunny.me/drop/2115,New Item
fashion,호주 정품 UGG 어그,N/A,09.03 ~ 09.07,https://www.wishbunny.me/drop/2077,New Item
fashion,호주 정품 UGG 어그,"71,100",09.11 ~ 09.14,https://www.wishbunny.me/drop/2065,New Item
fashion,졸리쇼즈 양말,"9,000",09.02 ~ 09.05,https://www.wishbunny.me/drop/2046,New Item
fashion,리뗀클로르 거즈햇,"16,800",09.08 ~ 09.10,https://www.wishbunny.me/drop/2045,New Item
fashion,폴프랜즈 양말 2025 FW,N/A,09.01 ~ 09.07,https://www.wishbunny.me/drop/2030,New Item
fashion,진주 대전,"119,000",09.25 ~ 09.28,https://www.wishbunny.me/drop/1957,New Item
fashion,드이예트 가을 등원룩,N/A,09.10 ~ 09.14,https://www.wishbunny.me/drop/1933,New Item
fashion,뚜루뚜루 F/W 가을옷,"88,500",09.22 ~ 09.26,https://www.wishbunny.me/drop/1927,New Item
fashion,가을실내복,N/A,09.04 ~ 09.06,https://www.wishbunny.me/drop/1890,New Item
fashion,배변팬티,"8,900",09.01 ~ 09.07,https://www.wishbunny.me/drop/1886,New Item
fashion,오엘로 수제화,N/A,09.18 ~ 09.21,https://www.wishbunny.me/drop/1841,New Item
fashion,미니두두 두두스카프,N/A,09.29 ~ 10.01,https://www.wishbunny.me/drop/1791,New Item
fashion,"콜잇바이유어네임 반다나백,스카프,파우치,악세서리","359,000",09.30 ~ 10.07,https://www.wishbunny.me/drop/1677,New Item
fashion,빅토리아 슈즈,"71,200",09.08 ~ 09.15,https://www.wishbunny.me/drop/1656,New Item
fashion,쿠메 F/W,"55,250",09.22 ~ 09.26,https://www.wishbunny.me/drop/1645,New Item
fashion,데이즈데이즈 수영복,"62,300",09.08 ~ 09.12,https://www.wishbunny.me/drop/1640,New Item
fashion,메종키츠네 베이비폭스 가디건,N/A,09.17 ~ 09.21,https://www.wishbunny.me/drop/1627,New Item
fashion,화이트샌즈 우양산,"27,000",09.10 ~ 09.14,https://www.wishbunny.me/drop/1623,New Item
fashion,더 한섬 의류,"146,700",09.17 ~ 09.21,https://www.wishbunny.me/drop/1602,New Item
fashion,셀렉트 브랜드데이,N/A,09.10 ~ 09.17,https://www.wishbunny.me/drop/1598,New Item
fashion,브룩스 브랜드데이,"150,000",09.09 ~ 09.12,https://www.wishbunny.me/drop/1597,New Item
fashion,토에즈 의류,"169,200",09.03 ~ 09.07,https://www.wishbunny.me/drop/1594,New Item
fashion,스케쳐스,"69,000",09.02 ~ 09.07,https://www.wishbunny.me/drop/1566,New Item
fashion,리틀콩 긴팔 실내복,N/A,08.20 ~ 08.25,https://www.wishbunny.me/drop/1509,New Item
fashion,겨울 오기전에 UGG,"88,800",08.28 ~ 08.29,https://www.wishbunny.me/drop/1504,New Item
fashion,리틀콩 실내복,"13,410",08.27 ~ 08.31,https://www.wishbunny.me/drop/1485,New Item
fashion,네이티브 신발,N/A,08.11 ~ 08.17,https://www.wishbunny.me/drop/1476,New Item
fashion,데일리라이크 메쉬실내복 & 양말,"6,900",08.08 ~ 08.10,https://www.wishbunny.me/drop/1441,New Item
fashion,오즈웨어 어그 베스트셀러&신상,N/A,08.29 ~ 08.31,https://www.wishbunny.me/drop/1380,New Item
fashion,리뗀클로르 빕,"10,900",08.15 ~ 08.17,https://www.wishbunny.me/drop/1329,New Item
fashion,리뗀클로르 거즈햇,"16,800",08.08 ~ 08.11,https://www.wishbunny.me/drop/1326,New Item
fashion,모구 기저귀가방,"114,000",08.18 ~ 08.20,https://www.wishbunny.me/drop/1281,New Item
fashion,리틀피기 실내복,N/A,08.09 ~ 08.12,https://www.wishbunny.me/drop/1265,New Item
fashion,가을준비 오엘로 걸음마 신발,"62,000",08.07 ~ 08.10,https://www.wishbunny.me/drop/1246,New Item
fashion,블로우보냉팩,"99,000",08.19 ~ 08.20,https://www.wishbunny.me/drop/1230,New Item
fashion,몽피치 등원룩,"69,900",08.12 ~ 08.17,https://www.wishbunny.me/drop/1224,New Item
fashion,마스케라 모자,"38,000",08.07 ~ 08.10,https://www.wishbunny.me/drop/1222,New Item
fashion,이몽 기저귀가방 & 기저귀패드,"29,500",08.07 ~ 08.10,https://www.wishbunny.me/drop/1210,New Item
fashion,MCRN 핸드폰 스트랩,N/A,08.13 ~ 08.16,https://www.wishbunny.me/drop/1180,New Item
fashion,신상 부이부이 지갑,"73,950",08.25 ~ 08.28,https://www.wishbunny.me/drop/1166,New Item
fashion,리바이스,"135,000",08.25 ~ 08.29,https://www.wishbunny.me/drop/1117,New Item
fashion,파나쉬 쥬얼리,"57,000",08.11 ~ 08.15,https://www.wishbunny.me/drop/1110,New Item
fashion,셀렉트 기획전,"39,600",08.27 ~ 09.03,https://www.wishbunny.me/drop/1093,New Item
fashion,셀렉트 기획전,"38,700",08.06 ~ 08.13,https://www.wishbunny.me/drop/1081,New Item
fashion,타밈속옷,N/A,08.11 ~ 08.20,https://www.wishbunny.me/drop/1060,New Item
fashion,러브모모 자체제작 반팔 티셔츠,N/A,08.14 ~ 08.17,https://www.wishbunny.me/drop/945,New Item
fashion,자브메쉬백팩,"68,000",08.12 ~ 08.15,https://www.wishbunny.me/drop/917,New Item
fashion,브이파다 여성샌들,"37,800",07.02 ~ 07.06,https://www.wishbunny.me/drop/449,New Item
fashion,리뗀클로르 거즈햇,"16,800",07.16 ~ 07.20,https://www.wishbunny.me/drop/422,New Item
fashion,도파밍 모찌백 방수 실리콘 파우치,"16,900",07.14 ~ 07.17,https://www.wishbunny.me/drop/333,New Item
fashion,아코디코 니트웨어,"177,300",06.14 ~ 06.15,https://www.wishbunny.me/drop/211,New Item
fashion,색상 짱짱 실내복,"19,900",06.10 ~ 06.13,https://www.wishbunny.me/drop/193,New Item
fashion,부이부이 리벳 월렛,"73,950",06.26 ~ 06.29,https://www.wishbunny.me/drop/187,New Item
fashion,아치스 국민 쪼리,N/A,06.02 ~ 06.04,https://www.wishbunny.me/drop/180,New Item
fashion,몽피치 2차 냉감셔츠,"69,900",06.18 ~ 06.22,https://www.wishbunny.me/drop/164,New Item
fashion,블로우 백팩,"73,000",06.04 ~ 06.08,https://www.wishbunny.me/drop/154,New Item
fashion,마이희로 파자마,0,06.03 ~ 06.08,https://www.wishbunny.me/drop/120,New Item
health,리메스카 흉터스틱 4차,N/A,02.10 ~ 02.12,https://www.wishbunny.me/drop/10152,New Item
health,현존 최고 SPEC 올비건 오메가3 4차,N/A,02.02 ~ 02.04,https://www.wishbunny.me/drop/10145,New Item
health,라라메드 엉덩이클렌져,"19,900",02.08 ~ 02.12,https://www.wishbunny.me/drop/10108,New Item
health,닥터파이토 파이토블락,N/A,02.24 ~ 02.28,https://www.wishbunny.me/drop/10039,
health,하트 핫팩 찜질팩,"8,000",02.04 ~ 02.08,https://www.wishbunny.me/drop/10013,
health,코밤 소아과 판매 코프레쉬 밤,N/A,02.10 ~ 02.18,https://www.wishbunny.me/drop/9993,
health,차일드 라이프,N/A,02.23 ~ 02.27,https://www.wishbunny.me/drop/9953,
health,"비오맘베베,비오맘스노우,비오맘칼마디","27,000",02.04 ~ 02.09,https://www.wishbunny.me/drop/9914,
health,슈퍼세이브 곰보배추시럽,N/A,02.13 ~ 02.19,https://www.wishbunny.me/drop/9895,
health,랩트리션 그로우업 플러스 초유,N/A,02.24 ~ 02.28,https://www.wishbunny.me/drop/9885,
health,VSL #3 유산균,N/A,02.19 ~ 02.22,https://www.wishbunny.me/drop/9884,
health,마그오메가 DHA,"60,000",02.05 ~ 02.09,https://www.wishbunny.me/drop/9883,
health,다이어트환,"129,360",02.02 ~ 02.05,https://www.wishbunny.me/drop/9851,
health,리포좀비타민C,N/A,02.19,https://www.wishbunny.me/drop/9845,
health,올퓨어멀티비타민,"31,000",02.02 ~ 02.08,https://www.wishbunny.me/drop/9839,
health,온 가족 변Bi 탈출템,N/A,02.23 ~ 02.25,https://www.wishbunny.me/drop/9821,
health,리포좀 글루타치온,N/A,02.19 ~ 02.21,https://www.wishbunny.me/drop/9820,
health,헤모키즈,N/A,02.13 ~ 02.15,https://www.wishbunny.me/drop/9807,
health,굿에바스 플레이짐,N/A,02.13 ~ 02.15,https://www.wishbunny.me/drop/9782,
health,아이언츄 철분,N/A,02.26 ~ 02.28,https://www.wishbunny.me/drop/9772,
health,캔틴나인 헤리폴 (프로폴리스 젤리),N/A,02.25 ~ 03.02,https://www.wishbunny.me/drop/9706,
health,더블엔 비타민D 1000IU + EK2,N/A,02.19 ~ 02.24,https://www.wishbunny.me/drop/9705,
health,알티지 오메가3 츄어블,N/A,02.09 ~ 02.15,https://www.wishbunny.me/drop/9704,
health,엘키즈 유산균,"49,500",02.04 ~ 02.10,https://www.wishbunny.me/drop/9703,
health,올비건 오메가3,N/A,02.09 ~ 02.12,https://www.wishbunny.me/drop/9689,
health,액상 콜라겐,N/A,02.27 ~ 02.11,https://www.wishbunny.me/drop/9549,
health,람노플 유산균,N/A,02.24 ~ 02.06,https://www.wishbunny.me/drop/9548,
health,해모키즈&정크키즈,N/A,02.18 ~ 02.04,https://www.wishbunny.me/drop/9547,
health,커큐민,N/A,02.13 ~ 02.04,https://www.wishbunny.me/drop/9546,
health,알티지부스터 오메가3,N/A,02.10 ~ 02.06,https://www.wishbunny.me/drop/9545,
health,키즈 츄어블 DK2,"194,000",02.06 ~ 02.08,https://www.wishbunny.me/drop/9544,Date Update: 02.06 ~ 02.04 -> 02.06 ~ 02.08
health,리포좀 비타민C,"82,500",02.03 ~ 02.04,https://www.wishbunny.me/drop/9543,
health,바른웰빙 리포좀 글루타치온,N/A,02.26 ~ 02.28,https://www.wishbunny.me/drop/9522,
health,락토비피도케어 유산균100,N/A,02.23 ~ 02.25,https://www.wishbunny.me/drop/9521,
health,저스트글로우 알리포산,N/A,02.19 ~ 02.21,https://www.wishbunny.me/drop/9520,
health,저스트글로우 파이토좀 베르베린,N/A,02.11 ~ 02.13,https://www.wishbunny.me/drop/9519,
health,담백하루 지속성 비타민C,N/A,02.09 ~ 02.11,https://www.wishbunny.me/drop/9518,
health,유트리션 코엔자임큐텐,N/A,02.09 ~ 02.11,https://www.wishbunny.me/drop/9517,New Item
health,백만효소애낙,"32,800",02.06 ~ 02.08,https://www.wishbunny.me/drop/9516,New Item
health,담백하루 식물성 오메가3,"199,000",02.05 ~ 02.07,https://www.wishbunny.me/drop/9515,New Item
health,저스트글로우 리버클렌즈,"108,000",02.02 ~ 02.04,https://www.wishbunny.me/drop/9514,New Item
health,비움매실,N/A,02.04 ~ 02.08,https://www.wishbunny.me/drop/9486,New Item
health,지니어스뉴 오메가3,N/A,02.25 ~ 02.27,https://www.wishbunny.me/drop/9482,New Item
health,이뮤업 그로우 초유,N/A,02.26 ~ 03.02,https://www.wishbunny.me/drop/9468,New Item
health,코알라 밤&배쓰,N/A,02.24 ~ 02.27,https://www.wishbunny.me/drop/9466,New Item
health,식이습관,N/A,02.16 ~ 02.27,https://www.wishbunny.me/drop/9447,New Item
health,빼빼리카노 다이어트 커피,N/A,02.12 ~ 02.22,https://www.wishbunny.me/drop/9446,New Item
health,파이토블락,"26,000",02.02 ~ 02.06,https://www.wishbunny.me/drop/9401,New Item
health,비타민 dk2,N/A,03.02 ~ 03.04,https://www.wishbunny.me/drop/9399,New Item
health,리포좀 비타민c,N/A,02.26 ~ 02.28,https://www.wishbunny.me/drop/9398,New Item
health,이뮤업 오리진(+유산균 추가),N/A,02.09 ~ 02.11,https://www.wishbunny.me/drop/9393,New Item
health,포키즈 앵콜,"65,400",02.02 ~ 02.04,https://www.wishbunny.me/drop/9357,New Item
health,디톡스환,"47,250",02.02 ~ 02.05,https://www.wishbunny.me/drop/9325,New Item
health,비타민D3 K2,N/A,02.23 ~ 02.25,https://www.wishbunny.me/drop/9323,New Item
health,테라큐민 정제&가루,N/A,02.19 ~ 02.21,https://www.wishbunny.me/drop/9322,New Item
health,가루형 마그네슘,N/A,02.16 ~ 02.18,https://www.wishbunny.me/drop/9321,New Item
health,멀티비타민,N/A,02.11 ~ 02.13,https://www.wishbunny.me/drop/9320,New Item
health,1000mg 오메가3,N/A,02.09 ~ 02.11,https://www.wishbunny.me/drop/9319,New Item
health,헤모씨 철분제 4종,"41,200",02.06 ~ 02.08,https://www.wishbunny.me/drop/9318,New Item
health,쿄큐텐 부스터,"92,900",02.02 ~ 02.04,https://www.wishbunny.me/drop/9317,New Item
health,MVL,N/A,02.19 ~ 02.21,https://www.wishbunny.me/drop/9291,New Item
health,엘포틴 유산균,N/A,02.09 ~ 02.11,https://www.wishbunny.me/drop/9290,New Item
health,성장템#2 최초 리포좀 철분과 비타민C,N/A,02.24 ~ 02.27,https://www.wishbunny.me/drop/9266,New Item
health,성장템#1 맛있는 칼마디 젤리,N/A,02.24 ~ 02.27,https://www.wishbunny.me/drop/9265,New Item
health,퀄리티 좋은 마그네슘 K2,N/A,02.16 ~ 02.18,https://www.wishbunny.me/drop/9264,New Item
health,더블엔 비타민D 츄어블,N/A,02.12 ~ 02.14,https://www.wishbunny.me/drop/9263,New Item
health,어린이 A2단백질 키즈밀,N/A,02.10 ~ 02.12,https://www.wishbunny.me/drop/9262,New Item
health,바닐라향 오메가3 미니,"99,000",02.02 ~ 02.04,https://www.wishbunny.me/drop/9261,New Item
health,역대급 갓스펙 오메가3,"219,600",02.02 ~ 02.04,https://www.wishbunny.me/drop/9260,New Item
health,키즈 오메가3,"89,700",02.02 ~ 02.06,https://www.wishbunny.me/drop/9250,New Item
health,비타민D3 K2,N/A,02.23 ~ 02.25,https://www.wishbunny.me/drop/9249,New Item
health,테라큐민 정제&가루,N/A,02.19 ~ 02.21,https://www.wishbunny.me/drop/9248,New Item
health,가루형 마그네슘,N/A,02.16 ~ 02.18,https://www.wishbunny.me/drop/9247,New Item
health,1000mg 오메가3,N/A,02.09 ~ 02.11,https://www.wishbunny.me/drop/9245,New Item
health,MVL,N/A,02.19 ~ 02.21,https://www.wishbunny.me/drop/9217,New Item
health,엘포틴 유산균,N/A,02.09 ~ 02.11,https://www.wishbunny.me/drop/9216,New Item
health,산삼배양근,N/A,02.06 ~ 02.08,https://www.wishbunny.me/drop/9214,New Item
health,성장템#2 최초 리포좀 철분과 비타민C,N/A,02.24 ~ 02.27,https://www.wishbunny.me/drop/9192,New Item
health,성장템#1 맛있는 칼마디 젤리,N/A,02.24 ~ 02.27,https://www.wishbunny.me/drop/9191,New Item
health,퀄리티 좋은 마그네슘 K2,N/A,02.16 ~ 02.18,https://www.wishbunny.me/drop/9190,New Item
health,더블엔 비타민D 츄어블,N/A,02.12 ~ 02.14,https://www.wishbunny.me/drop/9189,New Item
health,어린이 A2단백질 키즈밀,N/A,02.10 ~ 02.12,https://www.wishbunny.me/drop/9188,New Item
health,키즈 오메가3,"89,700",02.02 ~ 02.06,https://www.wishbunny.me/drop/9176,New Item
health,닥터파이토 파이토블락 / 오메가3 / 루테인 / 칼마디 / 철분c,"54,000",02.07 ~ 02.13,https://www.wishbunny.me/drop/9172,New Item
health,롱키원프리미엄골드공구첫런칭,"77,000",01.12 ~ 02.10,https://www.wishbunny.me/drop/9109,
health,더리틀스 케이투미네랄부스터,N/A,02.20 ~ 02.22,https://www.wishbunny.me/drop/9101,
health,제니튼,N/A,02.18 ~ 02.20,https://www.wishbunny.me/drop/9100,
health,트루엔 사르르 리포좀 비타민C & 메가리포좀 비타민C,N/A,02.12 ~ 02.14,https://www.wishbunny.me/drop/9099,
health,더좋은 이뮤업 그로우,N/A,02.12 ~ 02.09,https://www.wishbunny.me/drop/9098,Date Update: 02.07 ~ 02.09 -> 02.12 ~ 02.09
health,은하약사 X YDY 폴라초임계오메가3,"79,000",02.05 ~ 02.07,https://www.wishbunny.me/drop/9097,
health,은하약사 X 어썸키즈오메가3 & 어썸CM+,"60,800",02.02 ~ 02.04,https://www.wishbunny.me/drop/9095,Date Update: 02.01 ~ 02.03 -> 02.02 ~ 02.04
health,마이너스 티 프리미엄,N/A,02.19 ~ 03.01,https://www.wishbunny.me/drop/9081,
health,페이퍼백 글루타치온 2종,N/A,02.19 ~ 03.01,https://www.wishbunny.me/drop/9080,
health,뮴 키즈 오메가3 구미,N/A,02.12 ~ 02.18,https://www.wishbunny.me/drop/9079,
health,모비타 듀얼 초임계 오메가 프로,N/A,02.12 ~ 02.18,https://www.wishbunny.me/drop/9078,New Item
health,페이퍼백 보라지유 케어츄,N/A,02.09 ~ 02.15,https://www.wishbunny.me/drop/9077,New Item
health,헤어메스 7종,"24,500",02.02 ~ 02.04,https://www.wishbunny.me/drop/9073,New Item
health,이뮤업 그로우 초유,N/A,02.26 ~ 03.02,https://www.wishbunny.me/drop/9071,New Item
health,코알라 밤&배쓰,N/A,02.24 ~ 02.27,https://www.wishbunny.me/drop/9069,New Item
health,헤모&에너지 철분,"72,000",02.05 ~ 02.09,https://www.wishbunny.me/drop/9061,New Item
health,베투키 리포좀 철분 + 비타민C,N/A,02.24 ~ 02.26,https://www.wishbunny.me/drop/9045,New Item
health,어썸 CMK 칼마디 젤리,N/A,02.24 ~ 02.26,https://www.wishbunny.me/drop/9044,New Item
health,더리틀스 케이투 폴리마그네슘,N/A,02.16 ~ 02.18,https://www.wishbunny.me/drop/9043,New Item
health,더블엔 비타민D K2 2000iu 츄어블,N/A,02.12 ~ 02.14,https://www.wishbunny.me/drop/9042,New Item
health,퓨어젠 A2 단백질 키즈밀,N/A,02.10 ~ 02.12,https://www.wishbunny.me/drop/9041,New Item
health,흉터스틱 프로실플러스 공구,N/A,01.31 ~ 02.08,https://www.wishbunny.me/drop/8990,New Item
health,임박할인상품) 비판텐퍼스트에이드 100g,"13,900",01.28,https://www.wishbunny.me/drop/8914,New Item
health,종근당 젤튼튼 키즈 아르기닌 스틱,N/A,01.27 ~ 02.03,https://www.wishbunny.me/drop/8904,New Item
health,국내산 네블라이저,N/A,01.28 ~ 02.05,https://www.wishbunny.me/drop/8862,New Item
health,"🎁이벤트⭐️최초공구⭐️유산균,비타민d아연,비타민d드롭",N/A,02.02 ~ 02.03,https://www.wishbunny.me/drop/8827,New Item
health,베라수,N/A,01.30 ~ 02.03,https://www.wishbunny.me/drop/8744,New Item
health,올바스 오일 & 올바스 밤,"16,000",02.02 ~ 02.08,https://www.wishbunny.me/drop/8726,New Item
health,발톡스슈즈&마이너스크림 EMS저주파발마사지기 설날선물,"59,900",02.07 ~ 02.08,https://www.wishbunny.me/drop/8693,New Item
health,국내제조 피아이시스 아기 콧물흡입기,"149,000",02.07 ~ 02.08,https://www.wishbunny.me/drop/8692,New Item
health,천연 편백가습기,"23,920",01.16 ~ 01.20,https://www.wishbunny.me/drop/8686,New Item
health,땡스맘 비타민C,"12,500",01.12 ~ 01.19,https://www.wishbunny.me/drop/8682,New Item
health,큐모발검사,N/A,01.26 ~ 01.29,https://www.wishbunny.me/drop/8662,New Item
health,슈퍼세이브 곰보배추시럽,"69,000",01.21 ~ 01.27,https://www.wishbunny.me/drop/8631,New Item
health,VSL#3,"110,000",01.26 ~ 01.29,https://www.wishbunny.me/drop/8563,New Item
health,저스트글로우 NMN 롱지비티,"87,800",01.15 ~ 01.21,https://www.wishbunny.me/drop/8560,New Item
health,차일드 라이프,"96,400",01.12 ~ 01.14,https://www.wishbunny.me/drop/8559,New Item
health,리틀펄리 자일리톨 & 구강유산균,"44,000",01.19 ~ 01.21,https://www.wishbunny.me/drop/8539,New Item
health,엘더베리 빌베리 프로폴리스,"28,600",01.12 ~ 01.15,https://www.wishbunny.me/drop/8512,New Item
health,야채/과일 100% 식이섬유젤리,N/A,01.14 ~ 01.18,https://www.wishbunny.me/drop/8495,New Item
health,면역짝꿍 아연젤리,"27,200",01.19 ~ 01.22,https://www.wishbunny.me/drop/8492,New Item
health,참든 유기농 야채수,"71,900",01.12 ~ 01.18,https://www.wishbunny.me/drop/8487,New Item
health,지니어스뉴,N/A,01.15 ~ 01.17,https://www.wishbunny.me/drop/8457,New Item
health,파라핀,N/A,01.29 ~ 01.31,https://www.wishbunny.me/drop/8399,New Item
health,비오맘 유산균 20차,"84,000",01.19 ~ 01.19,https://www.wishbunny.me/drop/8337,New Item
health,콤비타 올리브잎추출액,N/A,01.05 ~ 01.07,https://www.wishbunny.me/drop/8291,New Item
health,오로라 비타민B,"67,000",01.26 ~ 01.28,https://www.wishbunny.me/drop/8237,New Item
health,가든오브라이프 윈스 데일리 여성 유산균,"63,900",01.15 ~ 01.17,https://www.wishbunny.me/drop/8235,New Item
health,닥토비피러스 유산균,"214,900",01.27 ~ 01.29,https://www.wishbunny.me/drop/8232,New Item
health,유기농스틱 올리브유,"184,000",01.23 ~ 01.25,https://www.wishbunny.me/drop/8231,New Item
health,엘더베리 베타글루칸,"134,900",01.20 ~ 01.22,https://www.wishbunny.me/drop/8230,New Item
health,키즈 단백질 (NEW),"139,900",01.16 ~ 01.18,https://www.wishbunny.me/drop/8229,New Item
health,츄어블 알레스카 오메가3,"77,000",01.13 ~ 01.15,https://www.wishbunny.me/drop/8228,New Item
health,키즈 미네랄,"148,900",01.06 ~ 01.08,https://www.wishbunny.me/drop/8227,New Item
health,피타니 유기농 컬리케일 100,N/A,01.14 ~ 01.16,https://www.wishbunny.me/drop/8198,New Item
health,뚜띠프루티 올토샷,"34,900",01.04 ~ 01.08,https://www.wishbunny.me/drop/8117,New Item
health,엑스퍼트 & W 더블밸런스,"78,900",01.30 ~ 02.01,https://www.wishbunny.me/drop/8003,New Item
health,쏘핏약사 X YDY 오큐클리어,"345,600",01.26 ~ 02.01,https://www.wishbunny.me/drop/8002,New Item
health,알티지 오메가3,"99,000",01.25 ~ 01.27,https://www.wishbunny.me/drop/8001,New Item
health,나프라우드 칼마디 K2 머치,"79,000",01.19 ~ 01.21,https://www.wishbunny.me/drop/8000,New Item
health,아르기닌 퍼포먼스,"46,400",01.15 ~ 01.17,https://www.wishbunny.me/drop/7999,New Item
health,리포좀 비타민C,"208,800",01.13 ~ 01.15,https://www.wishbunny.me/drop/7998,New Item
health,면역 프로폴리스,N/A,01.12 ~ 01.08,https://www.wishbunny.me/drop/7997,New Item
health,"닥터제안 비타포뮬러 피로개선 활력비타민 활성엽산 8박스, 4박스 홍경천 종합 비타민B C D 홍비씨","172,000",01.08 ~ 01.10,https://www.wishbunny.me/drop/7996,New Item
health,담백하루 키즈 알티지 오메가 츄 600,"81,900",01.06 ~ 01.02,https://www.wishbunny.me/drop/7995,New Item
health,DHA 오메가 4차,"42,000",01.26 ~ 01.29,https://www.wishbunny.me/drop/7989,New Item
health,히알루론산 글로이 5차,"99,500",01.14 ~ 01.18,https://www.wishbunny.me/drop/7987,New Item
health,유한양행 엘레나퀸,"99,000",01.09 ~ 01.12,https://www.wishbunny.me/drop/7985,New Item
health,프리미엄 비타민,"69,600",01.04 ~ 01.07,https://www.wishbunny.me/drop/7984,New Item
health,오비큠 프로,"289,000",01.07 ~ 01.07,https://www.wishbunny.me/drop/7982,New Item
health,유산균,"83,600",01.27 ~ 01.31,https://www.wishbunny.me/drop/7978,New Item
health,초임계 오메가3,"127,500",01.22 ~ 01.24,https://www.wishbunny.me/drop/7977,New Item
health,약사임당 X 어썸키즈오메가3 & 어썸CM+,"60,800",01.19 ~ 01.22,https://www.wishbunny.me/drop/7976,New Item
health,밀크시슬,"128,900",01.16 ~ 01.17,https://www.wishbunny.me/drop/7975,New Item
health,베르베린 500mg,"108,000",01.12 ~ 01.16,https://www.wishbunny.me/drop/7974,New Item
health,리포좀 멜라토닌,"49,000",01.08 ~ 01.10,https://www.wishbunny.me/drop/7973,New Item
health,코랄칼마디,"92,000",01.05 ~ 01.08,https://www.wishbunny.me/drop/7972,New Item
health,래디웰 유산균,"38,900",01.27 ~ 01.30,https://www.wishbunny.me/drop/7971,New Item
health,온가족이 먹을 수 있는 알래스카 rTG 오메가3 츄어블,"84,000",01.20 ~ 01.26,https://www.wishbunny.me/drop/7970,New Item
health,노화의 종말 저스트글로우 NMN,"102,800",01.06 ~ 01.12,https://www.wishbunny.me/drop/7968,New Item
health,천연액상 철분제,"29,600",01.22 ~ 01.25,https://www.wishbunny.me/drop/7963,New Item
health,락토페린 3차,"58,000",01.07 ~ 01.13,https://www.wishbunny.me/drop/7909,New Item
health,540g 경량 방수 책가방 2종세트 모노라이트 워셔블 초등학생 저학년 백팩,"129,000",01.22 ~ 01.24,https://www.wishbunny.me/drop/7888,New Item
health,베러 투게더 DK2 츄어블 / 전옵션 무료배송,"83,000",01.15 ~ 01.17,https://www.wishbunny.me/drop/7886,New Item
health,토니멜 로얄젤리,"180,000",01.27 ~ 01.29,https://www.wishbunny.me/drop/7883,New Item
health,플럼잇 & 베리잇,"109,000",01.22 ~ 01.24,https://www.wishbunny.me/drop/7842,New Item
health,해모먼트,N/A,01.20 ~ 01.22,https://www.wishbunny.me/drop/7841,New Item
health,포키즈 젤리,"65,400",01.14 ~ 01.16,https://www.wishbunny.me/drop/7839,New Item
health,(비채리바) 온 가족 변Bi 탈출템,"79,000",01.26 ~ 01.28,https://www.wishbunny.me/drop/7831,New Item
health,"프로 베베, 키즈, 패밀리 D 유산균",N/A,01.12 ~ 01.15,https://www.wishbunny.me/drop/7823,New Item
health,메가 오메가3 올,"28,800",01.26 ~ 01.29,https://www.wishbunny.me/drop/7817,New Item
health,리메스카 흉터스틱,N/A,01.28 ~ 01.30,https://www.wishbunny.me/drop/7808,New Item
health,뉴트리션 청포도맛 이노시톨,"169,500",01.28 ~ 02.03,https://www.wishbunny.me/drop/7771,New Item
health,트루엔 트리플 마그네슘 400,"40,000",01.26 ~ 02.01,https://www.wishbunny.me/drop/7770,New Item
health,더리틀스 람노플여성유산균,"199,900",01.21 ~ 01.23,https://www.wishbunny.me/drop/7769,New Item
health,트루엔 리포좀 비타민 C & 키즈,"63,000",01.19 ~ 01.21,https://www.wishbunny.me/drop/7768,New Item
health,트루엔 듀얼액상콜라겐,"65,000",01.14 ~ 01.16,https://www.wishbunny.me/drop/7767,New Item
health,업그레이드 붓기 영양제,"159,000",01.12 ~ 01.14,https://www.wishbunny.me/drop/7766,New Item
health,닥터체크 오메가3 츄어블 & 미니,"198,000",01.08 ~ 01.10,https://www.wishbunny.me/drop/7765,New Item
health,저스트 글로우 베르베린 어드밴스드,"84,600",01.05 ~ 01.07,https://www.wishbunny.me/drop/7764,New Item
health,칼로하스 유기농 그린케일,N/A,01.01 ~ 01.04,https://www.wishbunny.me/drop/7763,New Item
health,비타민 DK2,"83,000",01.26 ~ 01.28,https://www.wishbunny.me/drop/7761,New Item
health,리포좀 비타민 C,"82,500",01.12 ~ 01.19,https://www.wishbunny.me/drop/7757,New Item
health,리턴효소,"45,000",01.29 ~ 02.01,https://www.wishbunny.me/drop/7735,New Item
health,커큐민 3종,"37,000",01.19 ~ 01.21,https://www.wishbunny.me/drop/7732,New Item
health,마이키즈,"28,900",01.06 ~ 01.08,https://www.wishbunny.me/drop/7716,New Item
health,담백하루 초임계오메가에센스1000,"89,000",01.27 ~ 01.29,https://www.wishbunny.me/drop/7692,New Item
health,칼로하스 케일+ 비트,"104,000",01.20 ~ 01.22,https://www.wishbunny.me/drop/7691,New Item
health,한독테라큐민,"52,500",01.13 ~ 01.15,https://www.wishbunny.me/drop/7690,New Item
health,리포좀 글루타치온,"190,000",01.06 ~ 01.08,https://www.wishbunny.me/drop/7689,New Item
health,국민템 마더케이 신학기 준비물 모음전,"18,900",01.23 ~ 01.25,https://www.wishbunny.me/drop/7658,New Item
health,Upgrade 이뮤업 그로우 초유,"64,800",01.12 ~ 01.13,https://www.wishbunny.me/drop/7646,New Item
health,DHA + vue 4세대 오메가3,"56,700",01.19 ~ 01.21,https://www.wishbunny.me/drop/7636,New Item
health,컷당솔루션,"26,000",01.08 ~ 01.10,https://www.wishbunny.me/drop/7633,New Item
health,프리미엄 로얄젤리 아로코얄,"75,000",01.05 ~ 01.07,https://www.wishbunny.me/drop/7632,New Item
health,엘레나 스틱,"59,900",01.28 ~ 01.30,https://www.wishbunny.me/drop/7627,New Item
health,UGA 오메가3,"42,000",01.22 ~ 01.24,https://www.wishbunny.me/drop/7623,New Item
health,다이어트환 ( 감비환 &비움환),"315,000",01.19 ~ 01.21,https://www.wishbunny.me/drop/7617,New Item
health,닥터제안 유산균,"215,600",01.26 ~ 01.28,https://www.wishbunny.me/drop/7551,New Item
health,브로콜리핏,"73,900",01.22 ~ 01.24,https://www.wishbunny.me/drop/7550,New Item
health,뉴탠다드 츄어블 오메가3,"207,500",01.20 ~ 01.22,https://www.wishbunny.me/drop/7549,New Item
health,트루엔 오.엠.비,"143,200",01.19 ~ 01.21,https://www.wishbunny.me/drop/7548,New Item
health,비타푸드 글루타치온,"79,800",01.15 ~ 01.17,https://www.wishbunny.me/drop/7547,New Item
health,담백하루 비타민 D 200IU,"59,500",01.13 ~ 01.15,https://www.wishbunny.me/drop/7546,New Item
health,베리굿빌베리,"67,000",01.12 ~ 01.14,https://www.wishbunny.me/drop/7545,New Item
health,비포락토 100 & W밸런스,"78,900",01.09 ~ 01.10,https://www.wishbunny.me/drop/7544,New Item
health,트루엔 리포좀 비타민 C,"63,000",01.06 ~ 01.08,https://www.wishbunny.me/drop/7543,New Item
health,담백하루 오메가3,"175,000",01.05 ~ 01.07,https://www.wishbunny.me/drop/7542,New Item
health,닥터라인 마그네슘,"58,000",01.03 ~ 01.05,https://www.wishbunny.me/drop/7541,New Item
health,나프라우드 칼마디 K2 머치,"79,000",01.29 ~ 02.01,https://www.wishbunny.me/drop/7540,New Item
health,퓨어젠 그린 프로폴리스,"137,900",01.26 ~ 02.01,https://www.wishbunny.me/drop/7539,New Item
health,담백하루 트랜짓 유산균,"139,800",01.22 ~ 01.28,https://www.wishbunny.me/drop/7538,New Item
health,YDY 레드큐민 가루 & 알약 (커큐민),"149,600",01.19 ~ 01.31,https://www.wishbunny.me/drop/7537,New Item
health,담백하루 최고스펙 아르기닌,"259,000",01.15 ~ 01.21,https://www.wishbunny.me/drop/7536,New Item
health,담백하루 스트레스&피로개선 홍경천 멀티비타민 맥스,"129,500",01.12 ~ 01.18,https://www.wishbunny.me/drop/7535,New Item
health,더리틀스 다이어트 혈당컷,"126,000",01.08 ~ 01.14,https://www.wishbunny.me/drop/7534,New Item
health,트루엔 초임계 알티지 오메가3,"127,500",01.05 ~ 01.13,https://www.wishbunny.me/drop/7533,New Item
health,나프라우드 칼마디 (미네랄),"79,000",01.02 ~ 01.08,https://www.wishbunny.me/drop/7532,New Item
health,갱년기 개선 메노플로라,"159,000",01.01 ~ 01.07,https://www.wishbunny.me/drop/7531,New Item
health,담백하루 BCAA 칼마 단백질,"299,000",01.29 ~ 02.04,https://www.wishbunny.me/drop/7530,New Item
health,담백하루 지속성비타민C,"111,900",01.26 ~ 02.01,https://www.wishbunny.me/drop/7529,New Item
health,더리틀스 코큐텐부스터,"128,900",01.19 ~ 01.25,https://www.wishbunny.me/drop/7528,New Item
health,닥터체크 철분츄어블,"280,800",01.15 ~ 01.21,https://www.wishbunny.me/drop/7527,New Item
health,나프라우드 칼마디K2머치,"79,000",01.12 ~ 01.18,https://www.wishbunny.me/drop/7526,New Item
health,담백하루 트랜짓유산균,"139,800",01.08 ~ 01.14,https://www.wishbunny.me/drop/7525,New Item
health,트루엔 아르기닌 퍼포먼스 5000,"46,400",01.05 ~ 01.11,https://www.wishbunny.me/drop/7524,New Item
health,저스트글로우 NMN,"102,800",01.01 ~ 01.04,https://www.wishbunny.me/drop/7523,New Item
health,저스트글로우 리포조말 글루타치온/ 키플러스 성장영양제,"95,600",01.12 ~ 01.15,https://www.wishbunny.me/drop/7516,New Item
health,닥터하랑 비연고,"44,000",01.05 ~ 01.08,https://www.wishbunny.me/drop/7513,New Item
health,더 맑은 글루텐분해 효소,"201,100",01.13 ~ 01.15,https://www.wishbunny.me/drop/7503,New Item
health,"아마쿠라 초유 앰플, 유기농 분말","31,800",01.09 ~ 01.12,https://www.wishbunny.me/drop/7502,New Item
health,바이오가이아 유산균,"47,800",01.30 ~ 02.01,https://www.wishbunny.me/drop/7499,New Item
health,리메스카 흉터스틱 3차,N/A,01.19 ~ 01.21,https://www.wishbunny.me/drop/7491,New Item
health,HERMES 바이오렉트라,"15,400",01.27 ~ 01.30,https://www.wishbunny.me/drop/7471,New Item
health,하드렐 오브 캠브리지 마누카 꿀,"34,000",01.20 ~ 01.23,https://www.wishbunny.me/drop/7466,New Item
health,일동후디스 하이뮨 파이토좀 커큐민,"46,000",01.16 ~ 01.20,https://www.wishbunny.me/drop/7465,New Item
health,마니스 리포조말 비타민 C,"53,100",01.16 ~ 01.20,https://www.wishbunny.me/drop/7464,New Item
health,칼로하스 덴마크 유기농 그린케일,"79,000",01.13 ~ 01.16,https://www.wishbunny.me/drop/7462,New Item
health,에필리프 지중해밸런스 나트륨 컷,"29,400",01.09 ~ 01.13,https://www.wishbunny.me/drop/7461,New Item
health,올비건 오메가3,"79,000",01.08 ~ 01.12,https://www.wishbunny.me/drop/7417,New Item
health,마이시톨 대박이벤트,"16,900",01.08 ~ 01.11,https://www.wishbunny.me/drop/7402,New Item
health,잇츠 차전자피 (마지막 진행*),"43,000",01.28 ~ 01.31,https://www.wishbunny.me/drop/7398,New Item
health,잇츠 그린샐러드,"24,900",01.26 ~ 01.29,https://www.wishbunny.me/drop/7397,New Item
health,본아페티 단백질 쉐이크,"63,000",01.22 ~ 01.25,https://www.wishbunny.me/drop/7396,New Item
health,헬스앤뷰티 (다이어트 식단 골라담기),"3,900",01.21 ~ 01.25,https://www.wishbunny.me/drop/7395,New Item
health,잇츠 시톨,"34,000",01.15 ~ 01.18,https://www.wishbunny.me/drop/7393,New Item
health,퀸즈베리,"52,200",01.14 ~ 01.18,https://www.wishbunny.me/drop/7392,New Item
health,히든키,"28,300",01.12 ~ 01.16,https://www.wishbunny.me/drop/7391,New Item
health,롱비다 커큐민 3종,"49,800",01.08 ~ 01.14,https://www.wishbunny.me/drop/7379,New Item
health,올비건 오메가3,"79,000",01.12 ~ 01.15,https://www.wishbunny.me/drop/7351,New Item
health,츄어블철분제,"72,000",01.05 ~ 01.08,https://www.wishbunny.me/drop/7349,New Item
health,퓨어젠 양유 키즈밀,"179,900",01.29 ~ 01.31,https://www.wishbunny.me/drop/7347,New Item
health,트루엔키즈 수분보급젤리,"39,000",01.26 ~ 01.29,https://www.wishbunny.me/drop/7346,New Item
health,테라큐민,"52,500",01.22 ~ 01.25,https://www.wishbunny.me/drop/7345,New Item
health,퓨어젠 츄어블 오메가3,"199,900",01.19 ~ 01.21,https://www.wishbunny.me/drop/7344,New Item
health,담백하루 샤르르 키즈헴철,"225,000",01.15 ~ 01.18,https://www.wishbunny.me/drop/7343,New Item
health,담백하루 퍼펙트키즈 컴플리트,"295,000",01.12 ~ 01.15,https://www.wishbunny.me/drop/7342,New Item
health,"[공구/은하약사] 아이마음 케이2 칼마디 젤리, 오션스 케이2 칼마디","75,400",01.08 ~ 01.11,https://www.wishbunny.me/drop/7341,New Item
health,건강나눔 케이2 칼마디 젤리 & 알약,"75,400",01.05 ~ 01.08,https://www.wishbunny.me/drop/7340,New Item
health,슈퍼세이브 곰보배추 14차,"69,000",01.05 ~ 01.08,https://www.wishbunny.me/drop/7316,New Item
health,흡수율 42배UP 테라큐민 신제품,"158,000",01.26 ~ 02.01,https://www.wishbunny.me/drop/7315,New Item
health,담백하루 오메가3 600 미니,"98,900",01.15 ~ 01.21,https://www.wishbunny.me/drop/7314,New Item
health,실패 없는 어썸 키즈오메가3,"60,800",01.12 ~ 01.18,https://www.wishbunny.me/drop/7313,New Item
health,꿀잠 미네랄 베투키 칼마미,"45,000",01.05 ~ 01.11,https://www.wishbunny.me/drop/7312,New Item
health,노르딕 오메가3,"145,500",01.27 ~ 02.02,https://www.wishbunny.me/drop/7288,New Item
health,어썸키즈 오메가3,"60,800",01.26 ~ 02.01,https://www.wishbunny.me/drop/7287,New Item
health,비타민 D 츄어블,"46,500",01.23 ~ 01.29,https://www.wishbunny.me/drop/7286,New Item
health,120년 기술력 덴마크 유산균 비포락토100&더블유밸런스플러스&덴틱스,"19,800",01.22 ~ 01.25,https://www.wishbunny.me/drop/7285,New Item
health,"닥터라인 마그네슘, 징크키즈, 칼디케이, NEW칼디케이 키즈","19,000",01.20 ~ 01.22,https://www.wishbunny.me/drop/7284,New Item
health,"트랜짓 유산균, 카무트 효소","139,800",01.15 ~ 01.21,https://www.wishbunny.me/drop/7283,New Item
health,커큐민플라,"240,000",01.13 ~ 01.22,https://www.wishbunny.me/drop/7282,New Item
health,빌베리 구미,"59,400",01.09 ~ 01.11,https://www.wishbunny.me/drop/7281,New Item
health,그린케일,"79,000",01.08 ~ 01.12,https://www.wishbunny.me/drop/7280,New Item
health,헤모퀸즈 플러스 & 헤모씨 플리스 & 헤모씨,"23,000",01.06 ~ 01.12,https://www.wishbunny.me/drop/7279,New Item
health,츄어블 오메가3,"207,500",01.02 ~ 01.08,https://www.wishbunny.me/drop/7277,New Item
health,베라수,"69,900",01.22 ~ 01.26,https://www.wishbunny.me/drop/7249,New Item
health,바이어트 16차,N/A,01.31 ~ 01.31,https://www.wishbunny.me/drop/7214,New Item
health,손소독 티슈,"11,000",01.15 ~ 01.19,https://www.wishbunny.me/drop/7170,New Item
health,뷰니스 한끼 쉐이크 파우치,"19,900",01.27 ~ 01.30,https://www.wishbunny.me/drop/7019,New Item
health,약국입점정품 수퍼이뮨젤리 소비기한 26년 9월,"4,700",02.07 ~ 02.13,https://www.wishbunny.me/drop/6949,New Item
health,비오맘 유산균,N/A,12.12 ~ 12.15,https://www.wishbunny.me/drop/6853,New Item
health,데이프로바 유산균,N/A,12.11 ~ 12.13,https://www.wishbunny.me/drop/6847,New Item
health,파이토블락,N/A,12.10 ~ 12.14,https://www.wishbunny.me/drop/6828,New Item
health,프리미엄 오메가3,"61,000",12.15 ~ 01.01,https://www.wishbunny.me/drop/6806,New Item
health,퍼플푸드 최강자 엘더베리,"28,600",12.29 ~ 01.01,https://www.wishbunny.me/drop/6787,New Item
health,미국FDA 한국식품기술대상 동상 마시는수액,"38,900",12.29 ~ 01.02,https://www.wishbunny.me/drop/6662,New Item
health,[독일 최우수상 철분제] 알프뉴트리션 프리미엄 비건 어린이철분제,"28,000",12.17 ~ 12.21,https://www.wishbunny.me/drop/6659,New Item
health,베투키 오메가3,N/A,12.01 ~ 12.07,https://www.wishbunny.me/drop/6610,New Item
health,글로우뉴 칼마망,"19,000",12.03 ~ 12.14,https://www.wishbunny.me/drop/6536,New Item
health,파이토 블락,"96,000",12.24 ~ 12.28,https://www.wishbunny.me/drop/6527,New Item
health,곰보배추시럽,"687,200",12.08 ~ 12.14,https://www.wishbunny.me/drop/6468,New Item
health,이뮤업 그로우,N/A,12.18 ~ 12.15,https://www.wishbunny.me/drop/6457,New Item
health,이뮤업,"57,400",12.15 ~ 12.17,https://www.wishbunny.me/drop/6407,New Item
health,올비건 오메가3,"79,000",12.08 ~ 12.10,https://www.wishbunny.me/drop/6397,New Item
health,컬처렐 유산균,"33,900",12.18 ~ 12.21,https://www.wishbunny.me/drop/6394,New Item
health,엔젯 오리진 비타민 구미,"24,900",12.01 ~ 12.03,https://www.wishbunny.me/drop/6392,New Item
health,비타바움,"69,600",12.08 ~ 12.14,https://www.wishbunny.me/drop/6348,New Item
health,에스키모-3 오메가,N/A,12.01 ~ 12.03,https://www.wishbunny.me/drop/6308,New Item
health,칼마디,N/A,12.01 ~ 12.10,https://www.wishbunny.me/drop/6292,New Item
health,주스의 정석 ABC주스,N/A,12.11 ~ 12.14,https://www.wishbunny.me/drop/6284,New Item
health,바이오가이아,"65,000",12.01 ~ 12.04,https://www.wishbunny.me/drop/6242,New Item
health,덴티백 구강 유산균,N/A,12.08 ~ 12.12,https://www.wishbunny.me/drop/6234,New Item
health,파이토 블락,N/A,12.08 ~ 01.01,https://www.wishbunny.me/drop/6233,New Item
health,가든오브라이프 여성 유산균,N/A,12.11 ~ 12.13,https://www.wishbunny.me/drop/6222,New Item
health,"키즈텐 영양제 ( 멀티비타민, 철분, 비타민D유산균 )",N/A,12.26 ~ 01.01,https://www.wishbunny.me/drop/6194,New Item
health,비타민C,"178,000",12.18 ~ 12.21,https://www.wishbunny.me/drop/6149,New Item
health,알엔알 백투 에이지 탭,"105,300",12.04 ~ 12.07,https://www.wishbunny.me/drop/6145,New Item
health,바이오렉트라,N/A,12.01 ~ 12.10,https://www.wishbunny.me/drop/6083,New Item
health,곰보배추,"69,000",12.01 ~ 12.07,https://www.wishbunny.me/drop/6069,New Item
health,올퓨어 키즈 올인원 구미 멀티비타민,"31,600",12.08 ~ 12.14,https://www.wishbunny.me/drop/6050,New Item
health,올바스오일,N/A,11.24 ~ 11.28,https://www.wishbunny.me/drop/6043,New Item
health,언더레스 찜질 손목보호대,"28,800",12.11 ~ 12.13,https://www.wishbunny.me/drop/6035,New Item
health,이뮤업 오리진,"57,400",11.17 ~ 11.19,https://www.wishbunny.me/drop/5886,New Item
health,저스트글로우 NMN 롱지비티,"87,800",11.10 ~ 11.16,https://www.wishbunny.me/drop/5883,New Item
health,닥터라인 (헤모/징크/칼디k),"19,000",12.05 ~ 12.07,https://www.wishbunny.me/drop/5871,New Item
health,리메스카 흉터스틱,N/A,11.06 ~ 11.16,https://www.wishbunny.me/drop/5851,New Item
health,키펀 자일리톨 캔디,"22,500",11.05 ~ 11.07,https://www.wishbunny.me/drop/5823,New Item
health,슈퍼세이브 곰보배추시럽,N/A,11.04 ~ 11.10,https://www.wishbunny.me/drop/5821,New Item
health,더좋은 올비건 오메가3,"79,000",11.17 ~ 11.24,https://www.wishbunny.me/drop/5806,New Item
health,더 좋은 헤모 & 에너지 철분,"72,000",11.10 ~ 11.12,https://www.wishbunny.me/drop/5801,New Item
health,리틀펄리,"44,000",11.13 ~ 11.16,https://www.wishbunny.me/drop/5794,New Item
health,프로페린디,"144,000",11.20 ~ 11.23,https://www.wishbunny.me/drop/5790,New Item
health,청레몬즙,"21,000",11.17 ~ 11.21,https://www.wishbunny.me/drop/5789,New Item
health,라이필 더마 콜라겐 시그니처 에센스,"22,500",11.26 ~ 12.08,https://www.wishbunny.me/drop/5756,New Item
health,비오맘 유산균 & 칼마디 젤리,N/A,11.10 ~ 11.14,https://www.wishbunny.me/drop/5721,New Item
health,장인정신 에브리데이 & 수세미즙,"26,000",11.06 ~ 11.09,https://www.wishbunny.me/drop/5717,New Item
health,닥터파이토 모음전,"26,000",11.24 ~ 11.26,https://www.wishbunny.me/drop/5616,New Item
health,아이언츄,"44,000",11.13 ~ 11.17,https://www.wishbunny.me/drop/5611,New Item
health,차일드라이프,"39,100",11.17 ~ 11.21,https://www.wishbunny.me/drop/5606,New Item
health,엘더베리,"28,600",11.10 ~ 11.12,https://www.wishbunny.me/drop/5602,New Item
health,리포좀 비타민C,"82,500",11.20 ~ 11.23,https://www.wishbunny.me/drop/5594,New Item
health,드시모네 유산균,"72,000",11.13 ~ 11.15,https://www.wishbunny.me/drop/5590,New Item
health,VSL 유산균,N/A,11.10 ~ 11.13,https://www.wishbunny.me/drop/5561,New Item
health,드시모네 유산균,N/A,11.20 ~ 12.01,https://www.wishbunny.me/drop/5516,New Item
health,더좋은 철분,"72,000",11.06 ~ 11.09,https://www.wishbunny.me/drop/5506,New Item
health,곰보 배추 시럽,"69,000",11.23 ~ 11.27,https://www.wishbunny.me/drop/5497,New Item
health,비오맘 유산균,N/A,11.17 ~ 11.20,https://www.wishbunny.me/drop/5495,New Item
health,캡슐 올리브오일,"69,000",11.12 ~ 11.16,https://www.wishbunny.me/drop/5482,New Item
health,트루엔 사르르 리포좀 비타민C,"48,000",11.17 ~ 11.19,https://www.wishbunny.me/drop/5478,New Item
health,트루엔 빌베리,"75,600",12.01 ~ 12.10,https://www.wishbunny.me/drop/5477,New Item
health,YDY 플라초임계 오메가3,"79,000",11.27 ~ 11.30,https://www.wishbunny.me/drop/5476,New Item
health,어썸키즈 오메가3 & 어썸 CM,"60,800",11.24 ~ 11.27,https://www.wishbunny.me/drop/5475,New Item
health,건강나눔 아이마음 햄철 & 베타글루칸,"54,000",11.10 ~ 11.12,https://www.wishbunny.me/drop/5474,New Item
health,MS 비타페린,"203,000",11.07 ~ 11.09,https://www.wishbunny.me/drop/5473,New Item
health,아르타민,"54,900",11.06 ~ 11.12,https://www.wishbunny.me/drop/5472,New Item
health,그로우뉴,"19,000",11.25 ~ 11.28,https://www.wishbunny.me/drop/5468,New Item
health,이트뮨 배도라지,"13,000",11.13 ~ 11.16,https://www.wishbunny.me/drop/5457,New Item
health,닥터체크 칼마디 K2 플러스,"205,200",11.11 ~ 11.17,https://www.wishbunny.me/drop/5432,New Item
health,더리틀스 니코틴산아미드 500부스터,"104,000",11.28 ~ 12.04,https://www.wishbunny.me/drop/5431,New Item
health,닥터체크 분홍이 유산균,"138,000",11.25 ~ 12.01,https://www.wishbunny.me/drop/5430,New Item
health,YDY 액티브 비큐텐,N/A,11.21 ~ 11.27,https://www.wishbunny.me/drop/5429,New Item
health,닥터체크 오메가3,"219,600",11.07 ~ 11.12,https://www.wishbunny.me/drop/5426,New Item
health,YDY SLB 유산균,"88,000",11.04 ~ 11.10,https://www.wishbunny.me/drop/5425,New Item
health,카베 SOD 위밸런스,"59,900",11.24 ~ 11.27,https://www.wishbunny.me/drop/5424,New Item
health,알래스카 미니 오메가3,"219,600",11.17 ~ 11.19,https://www.wishbunny.me/drop/5423,New Item
health,더블핏 유산균,"98,300",11.11 ~ 11.14,https://www.wishbunny.me/drop/5421,New Item
health,아르기닌 퍼포먼스 5000,"46,400",11.10 ~ 11.14,https://www.wishbunny.me/drop/5420,New Item
health,베투키 리포좀C + 리포좀 철분,"27,000",11.03 ~ 11.06,https://www.wishbunny.me/drop/5419,New Item
health,어썸 CMK 젤리스틱,"70,000",11.03 ~ 11.06,https://www.wishbunny.me/drop/5418,New Item
health,담은수 단업 초유,"44,800",11.17 ~ 11.20,https://www.wishbunny.me/drop/5374,New Item
health,프로디 유산균,"31,000",11.03 ~ 11.06,https://www.wishbunny.me/drop/5369,New Item
health,유어그린 비타민c,"38,700",11.24 ~ 11.27,https://www.wishbunny.me/drop/5367,New Item
health,에스키모 오메가3,"61,000",11.10 ~ 11.14,https://www.wishbunny.me/drop/5362,New Item
health,리메스카 흉터스틱,N/A,11.11 ~ 11.13,https://www.wishbunny.me/drop/5336,New Item
health,더좋은 철분제,"72,000",11.24 ~ 11.27,https://www.wishbunny.me/drop/5300,New Item
health,업그레이드 잇니 플러스,"15,800",11.10 ~ 11.12,https://www.wishbunny.me/drop/5280,New Item
health,로버츠베리에 핀란드 빌베리,"89,800",11.04 ~ 11.07,https://www.wishbunny.me/drop/5265,New Item
health,캡슐 올리브오일,"69,000",11.04 ~ 11.08,https://www.wishbunny.me/drop/5254,New Item
health,멀티비타민 젤리,"24,500",11.03 ~ 11.06,https://www.wishbunny.me/drop/5253,New Item
health,리메스카 흉터스틱,"48,000",11.20 ~ 11.23,https://www.wishbunny.me/drop/5247,New Item
health,슈페세이브 곰보 배추시럽,"69,000",11.19 ~ 11.23,https://www.wishbunny.me/drop/5218,New Item
health,엘더베리 + 빌베리 영양제,"74,000",11.20 ~ 11.23,https://www.wishbunny.me/drop/5155,New Item
health,리포좀 비타민 C,"82,500",11.13 ~ 11.16,https://www.wishbunny.me/drop/5152,New Item
health,비타민D+K2,"83,000",11.03 ~ 11.06,https://www.wishbunny.me/drop/5146,New Item
health,곰보 배추,"69,000",11.27 ~ 11.30,https://www.wishbunny.me/drop/5133,New Item
health,잇니,"15,800",11.24 ~ 11.26,https://www.wishbunny.me/drop/5132,New Item
health,리메스카,N/A,11.13 ~ 11.16,https://www.wishbunny.me/drop/5126,New Item
health,리메스카 / 핫팩,N/A,11.25 ~ 11.28,https://www.wishbunny.me/drop/5118,New Item
health,올바스 오일 & 밤,N/A,11.10 ~ 11.13,https://www.wishbunny.me/drop/5047,New Item
health,파이토 블락,N/A,11.13 ~ 11.18,https://www.wishbunny.me/drop/5033,New Item
health,차일드라이프,"155,400",11.10 ~ 11.12,https://www.wishbunny.me/drop/5015,New Item
health,NMN,"112,240",11.10 ~ 11.14,https://www.wishbunny.me/drop/5004,New Item
health,프레스샷 액상 비타민,"24,200",11.10 ~ 11.14,https://www.wishbunny.me/drop/5002,New Item
health,비포락토,"25,900",11.24 ~ 11.26,https://www.wishbunny.me/drop/4992,New Item
health,로얄젤리,"119,000",11.17 ~ 11.21,https://www.wishbunny.me/drop/4990,New Item
health,오메가3,"56,700",11.10 ~ 11.11,https://www.wishbunny.me/drop/4988,New Item
health,아미노산,"99,000",11.06 ~ 11.08,https://www.wishbunny.me/drop/4987,New Item
health,파이토블락,N/A,11.17 ~ 11.19,https://www.wishbunny.me/drop/4879,New Item
health,엘더베리 커큐민 프로폴리스,"30,400",12.22 ~ 12.28,https://www.wishbunny.me/drop/4874,New Item
health,메가 오메가3올 젤리,"28,800",12.15 ~ 12.21,https://www.wishbunny.me/drop/4872,New Item
health,락토비피도 케어 유산균 100,"219,000",11.24 ~ 11.26,https://www.wishbunny.me/drop/4859,New Item
health,코어 미네랄 드롭스,"50,400",11.18 ~ 11.21,https://www.wishbunny.me/drop/4858,New Item
health,안국건강 오가닉 그린케일,"79,000",11.13 ~ 11.16,https://www.wishbunny.me/drop/4856,New Item
health,저스트 글로우 리버 클렌즈,"108,000",11.09 ~ 11.12,https://www.wishbunny.me/drop/4855,New Item
health,유트리션 코엔자임 Q10,"120,000",11.03 ~ 11.07,https://www.wishbunny.me/drop/4854,New Item
health,뉴트리코어 100% 유기농 레몬즙 & 레몬생강즙,"42,000",11.21 ~ 11.25,https://www.wishbunny.me/drop/4845,New Item
health,바이탈 싸이클 아르기닌,"42,000",11.07 ~ 11.11,https://www.wishbunny.me/drop/4835,New Item
health,엘레나 퀸 프로바이오틱스 1+1,"98,000",11.04 ~ 11.07,https://www.wishbunny.me/drop/4830,New Item
health,메이플 캐나다,"51,500",11.11 ~ 11.16,https://www.wishbunny.me/drop/4822,New Item
health,비뮤노 프로바이오틱스,"498,000",11.07 ~ 11.09,https://www.wishbunny.me/drop/4821,New Item
health,존앤질스 마누카,"99,800",12.03 ~ 12.08,https://www.wishbunny.me/drop/4806,New Item
health,모비타 커큐민,"109,800",11.24 ~ 12.01,https://www.wishbunny.me/drop/4774,New Item
health,닥터비알 하루 숨 삼백도라지,"98,000",11.10 ~ 11.17,https://www.wishbunny.me/drop/4767,New Item
health,올바스오일 1+1,"16,000",11.03 ~ 11.09,https://www.wishbunny.me/drop/4707,New Item
health,비오맘 스노우 유산균/ 칼마디 젤리,N/A,11.13 ~ 11.16,https://www.wishbunny.me/drop/4687,New Item
health,구강 유산균 덴티백,N/A,11.11 ~ 11.16,https://www.wishbunny.me/drop/4686,New Item
health,어썸 키즈오메가 3,"28,800",11.03 ~ 11.07,https://www.wishbunny.me/drop/4674,New Item
health,마이가 오토롤 마사지기,"169,000",11.11 ~ 11.14,https://www.wishbunny.me/drop/4569,New Item
health,메가톡톡 뿌유 유산균 뿌리는 유산균,"51,000",11.01 ~ 11.05,https://www.wishbunny.me/drop/4559,New Item
health,클라 마스크,"3,900",10.28 ~ 11.09,https://www.wishbunny.me/drop/4557,New Item
health,오므론 네뷸라이저,"169,000",10.25 ~ 10.31,https://www.wishbunny.me/drop/4538,New Item
health,곰보배추시럽,"69,000",10.23 ~ 10.30,https://www.wishbunny.me/drop/4484,New Item
health,차일드라이프 영양제,"45,500",10.29 ~ 10.30,https://www.wishbunny.me/drop/4456,New Item
health,바풀 스트레칭 월바 홈짐 슈로스바,"480,000",11.24 ~ 11.26,https://www.wishbunny.me/drop/4439,New Item
health,바풀 스트레칭 월바 홈짐 슈로스바,"480,000",11.17 ~ 11.23,https://www.wishbunny.me/drop/4438,New Item
health,바풀 스트레칭 월바 홈짐 슈로스바,"460,000",11.08 ~ 11.10,https://www.wishbunny.me/drop/4436,New Item
health,바풀 스트레칭 월바 홈짐 슈로스바,"480,000",11.03 ~ 11.06,https://www.wishbunny.me/drop/4435,New Item
health,바풀 스트레칭 월바 홈짐 슈로스바,"480,000",10.27 ~ 10.30,https://www.wishbunny.me/drop/4433,New Item
health,CJ 온스타일 x 바풀 슈로스바,"494,000",10.24 ~ 10.26,https://www.wishbunny.me/drop/4432,New Item
health,CJ 온스타일 x 바풀 슈로스바,"494,000",10.24 ~ 10.26,https://www.wishbunny.me/drop/4431,New Item
health,CJ 온스타일 x 바풀 슈로스바,"494,000",10.24 ~ 10.26,https://www.wishbunny.me/drop/4430,New Item
health,"리압 스텝퍼,지압슬리퍼, 지압토즈, 쪼임이","32,900",10.20 ~ 10.26,https://www.wishbunny.me/drop/4428,New Item
health,진짜 양배추즙,"74,000",10.17 ~ 10.20,https://www.wishbunny.me/drop/4398,New Item
health,올트루 효소,"22,900",11.20 ~ 11.24,https://www.wishbunny.me/drop/4376,New Item
health,미네랄 드롭스,"50,400",10.30 ~ 11.03,https://www.wishbunny.me/drop/4372,New Item
health,메디니스 목 견인기,"349,000",10.20 ~ 10.23,https://www.wishbunny.me/drop/4370,New Item
health,클린24,"19,800",10.21 ~ 10.23,https://www.wishbunny.me/drop/4348,New Item
health,베라수&엘라수,"69,900",10.17 ~ 10.22,https://www.wishbunny.me/drop/4347,New Item
health,올바스 오일,N/A,10.22 ~ 10.26,https://www.wishbunny.me/drop/4292,New Item
health,VSL#3 유산균 모음전,"110,000",10.17 ~ 10.19,https://www.wishbunny.me/drop/4224,New Item
health,리틀펄리 구강유산균,"44,000",10.27 ~ 10.31,https://www.wishbunny.me/drop/4219,New Item
health,크로우뉴 칼마망DK 영양제,"19,000",10.16 ~ 10.19,https://www.wishbunny.me/drop/4206,New Item
health,알로에 면역젤리,"74,000",10.16 ~ 10.19,https://www.wishbunny.me/drop/4178,New Item
health,단독 최저가 칼슘업,"208,000",10.16 ~ 10.19,https://www.wishbunny.me/drop/4166,New Item
health,수퍼이뮨젤리,"4,700",10.14 ~ 10.27,https://www.wishbunny.me/drop/4151,New Item
health,수분보충 링티아이,N/A,10.12 ~ 10.18,https://www.wishbunny.me/drop/4125,New Item
health,롱비다 커큐민,"49,800",10.30 ~ 11.02,https://www.wishbunny.me/drop/4113,New Item
health,올가니카 유기농 레몬즙,"50,000",10.10 ~ 10.15,https://www.wishbunny.me/drop/4106,New Item
health,이뮤업 초유 영양제,"55,000",10.13 ~ 10.16,https://www.wishbunny.me/drop/4095,New Item
health,올비건 오메가 3,"79,000",10.10 ~ 10.12,https://www.wishbunny.me/drop/4094,New Item
health,구강유산균,"95,000",11.17 ~ 11.20,https://www.wishbunny.me/drop/4078,New Item
health,배도라지 진액,"47,600",11.24 ~ 11.27,https://www.wishbunny.me/drop/4056,New Item
health,약사가 만든 유산균,N/A,10.20 ~ 10.26,https://www.wishbunny.me/drop/4054,New Item
health,프로폴리스 스프레이,N/A,10.15 ~ 10.19,https://www.wishbunny.me/drop/4053,New Item
health,MS 비타페린 넘사벽 철분제,"203,000",10.31 ~ 11.02,https://www.wishbunny.me/drop/4042,New Item
health,베르베린 끝판왕,"138,000",10.28 ~ 10.31,https://www.wishbunny.me/drop/4041,New Item
health,어썸 키즈 칼마디 K2,"70,000",10.21 ~ 10.26,https://www.wishbunny.me/drop/4040,New Item
health,ABC 유산균,"133,500",10.17 ~ 10.20,https://www.wishbunny.me/drop/4039,New Item
health,마그듀오 K2,"72,000",10.14 ~ 10.20,https://www.wishbunny.me/drop/4038,New Item
health,리포조말 글루타치온 비타민C,"220,000",10.27 ~ 10.30,https://www.wishbunny.me/drop/4037,New Item
health,알레스카 오메가3 미니 360,"98,900",10.16 ~ 10.19,https://www.wishbunny.me/drop/4035,New Item
health,샤르르 리포좀 비타민 C & D,"48,900",10.16 ~ 10.21,https://www.wishbunny.me/drop/4034,New Item
health,어썸 키즈 오메가 3,"60,800",10.20 ~ 10.24,https://www.wishbunny.me/drop/4033,New Item
health,위키드랩 핑크 구미 베어,"20,500",10.27 ~ 10.31,https://www.wishbunny.me/drop/4004,New Item
health,올퓨어 멀티비타민,"33,000",10.27 ~ 10.31,https://www.wishbunny.me/drop/3995,New Item
health,올비건 오메가3,"79,000",10.16 ~ 10.19,https://www.wishbunny.me/drop/3990,New Item
health,이뮤업 그로우 초유,"60,000",10.20 ~ 10.23,https://www.wishbunny.me/drop/3967,New Item
health,리메스카 흉터연고,N/A,10.17 ~ 10.20,https://www.wishbunny.me/drop/3966,New Item
health,이트뮨 배도라지즙,"13,000",10.16 ~ 10.19,https://www.wishbunny.me/drop/3952,New Item
health,프로베베 D & 키즈 D,"31,000",10.27 ~ 10.31,https://www.wishbunny.me/drop/3947,New Item
health,메가 오메가3,"280,003",10.20 ~ 10.23,https://www.wishbunny.me/drop/3945,New Item
health,비오맘,N/A,10.16 ~ 10.19,https://www.wishbunny.me/drop/3926,New Item
health,Vita DHA 오메가3,"42,000",10.23 ~ 10.26,https://www.wishbunny.me/drop/3915,New Item
health,비타바움,"69,600",10.20 ~ 10.22,https://www.wishbunny.me/drop/3914,New Item
health,엘레나퀸 질유산균,"70,900",10.29 ~ 11.02,https://www.wishbunny.me/drop/3889,New Item
health,에스더포뮬러 온가족철분제,"35,000",10.20 ~ 10.23,https://www.wishbunny.me/drop/3885,New Item
health,곰보배추시럽,"69,000",10.21 ~ 10.26,https://www.wishbunny.me/drop/3836,New Item
health,파이토블락,"96,000",10.27 ~ 10.31,https://www.wishbunny.me/drop/3827,New Item
health,파이토블락 & 덴티백,N/A,10.28 ~ 10.31,https://www.wishbunny.me/drop/3812,New Item
health,비오맘,N/A,10.23 ~ 10.26,https://www.wishbunny.me/drop/3810,New Item
health,엠엔엠 멀티비타민,"24,500",10.13 ~ 10.19,https://www.wishbunny.me/drop/3803,New Item
health,에스키모 오메가3,N/A,10.28 ~ 11.04,https://www.wishbunny.me/drop/3783,New Item
health,드시모네 x CJ온스타일 초특가,"174,750",11.29 ~ 11.30,https://www.wishbunny.me/drop/3746,New Item
health,비판텐,N/A,10.11 ~ 10.12,https://www.wishbunny.me/drop/3707,New Item
health,닥터파미아 비타민 C,"12,500",10.23 ~ 10.26,https://www.wishbunny.me/drop/3703,New Item
health,"프로 베베 키즈, 패밀리 D 유산균","31,000",10.20 ~ 10.23,https://www.wishbunny.me/drop/3701,New Item
health,스파톤 철분제,"29,600",10.09 ~ 10.12,https://www.wishbunny.me/drop/3685,New Item
health,올퓨어 멀티비타민 구미,"33,000",10.02 ~ 10.05,https://www.wishbunny.me/drop/3665,New Item
health,HERMES 바이오렉트라,"15,400",10.21 ~ 10.24,https://www.wishbunny.me/drop/3652,New Item
health,Vita DHA rTG Omega-3,"72,000",10.10 ~ 10.14,https://www.wishbunny.me/drop/3647,New Item
health,비피맥스 프리미엄 비피더스 100억 XOS 유산균,"55,000",10.10 ~ 10.14,https://www.wishbunny.me/drop/3646,New Item
health,런쿡 스무디,"150,000",10.13 ~ 10.17,https://www.wishbunny.me/drop/3641,New Item
health,세렌 아르기닌,"279,000",10.27 ~ 11.10,https://www.wishbunny.me/drop/3632,New Item
health,파이토블락,N/A,10.01 ~ 10.03,https://www.wishbunny.me/drop/3614,New Item
health,잇니플러스,"15,800",10.20 ~ 10.23,https://www.wishbunny.me/drop/3604,New Item
health,헤모츄 철분제,"55,000",10.15 ~ 10.19,https://www.wishbunny.me/drop/3601,New Item
health,리메스카 흉터스틱,N/A,10.14 ~ 10.20,https://www.wishbunny.me/drop/3600,New Item
health,VSL#3 유산균,N/A,10.09 ~ 10.12,https://www.wishbunny.me/drop/3564,New Item
health,총영하이 배도라지차,N/A,10.30 ~ 11.02,https://www.wishbunny.me/drop/3503,New Item
health,자일리톨팝,"20,000",10.29 ~ 11.02,https://www.wishbunny.me/drop/3502,New Item
health,엘더베리 빌베리,"28,600",10.20 ~ 10.23,https://www.wishbunny.me/drop/3493,New Item
health,배도라지즙 가을특가,"28,900",10.16 ~ 10.19,https://www.wishbunny.me/drop/3490,New Item
health,잇니플러스,"15,800",10.13 ~ 10.15,https://www.wishbunny.me/drop/3487,New Item
health,유기농 키즈 오일,"29,500",10.11 ~ 10.15,https://www.wishbunny.me/drop/3486,New Item
health,고요아 가습기,"228,000",10.23 ~ 10.26,https://www.wishbunny.me/drop/3458,New Item
health,클라 마스크,"3,900",10.23 ~ 10.26,https://www.wishbunny.me/drop/3446,New Item
health,오인스픽 애사비 콤부사비,"127,600",10.16 ~ 10.19,https://www.wishbunny.me/drop/3419,New Item
health,드시모네 유산균,"153,400",10.01 ~ 10.16,https://www.wishbunny.me/drop/3404,New Item
health,초록홍합,"186,000",10.30 ~ 11.03,https://www.wishbunny.me/drop/3402,New Item
health,드시모네,"72,000",10.20 ~ 10.24,https://www.wishbunny.me/drop/3385,New Item
health,키즈 철분제,"72,000",10.27 ~ 10.30,https://www.wishbunny.me/drop/3356,New Item
health,드시모네 유산균,"81,200",10.16 ~ 10.19,https://www.wishbunny.me/drop/3354,New Item
health,슈퍼세이프 곰보배추시럽,"69,000",10.14 ~ 10.20,https://www.wishbunny.me/drop/3334,New Item
health,라이브오랄스 불소바니쉬,"59,830",10.15 ~ 10.17,https://www.wishbunny.me/drop/3316,New Item
health,엠엔엠 멀티비타민 젤리,"24,500",10.27 ~ 10.30,https://www.wishbunny.me/drop/3313,New Item
health,아마쿠라 초유,"31,800",10.17 ~ 10.24,https://www.wishbunny.me/drop/3311,New Item
health,더 맑은효소,"189,000",10.14 ~ 10.19,https://www.wishbunny.me/drop/3310,New Item
health,파이토블락,N/A,10.13 ~ 10.16,https://www.wishbunny.me/drop/3293,New Item
health,마그오메가 DHA,"60,000",10.23 ~ 10.26,https://www.wishbunny.me/drop/3273,New Item
health,랩트리션 그로우업 플러스 초유,"52,000",10.14 ~ 10.19,https://www.wishbunny.me/drop/3271,New Item
health,비타민D 초미니 캡슐,"59,500",10.31 ~ 11.02,https://www.wishbunny.me/drop/3259,New Item
health,엘레나퀸 1+1,"99,000",10.28 ~ 10.31,https://www.wishbunny.me/drop/3258,New Item
health,오메가3 츄어블,"199,900",10.24 ~ 10.28,https://www.wishbunny.me/drop/3257,New Item
health,마그네슘 셀렌징크,"11,000",10.22 ~ 10.26,https://www.wishbunny.me/drop/3256,New Item
health,메리루스 발효 빌베리,"149,000",10.21 ~ 10.26,https://www.wishbunny.me/drop/3255,New Item
health,양배추 농축액,"74,000",10.20 ~ 10.24,https://www.wishbunny.me/drop/3254,New Item
health,비포락토,"17,000",10.17 ~ 10.23,https://www.wishbunny.me/drop/3253,New Item
health,카무트 효소,"145,500",10.16 ~ 10.19,https://www.wishbunny.me/drop/3252,New Item
health,노르딕 오메가3,"145,500",10.16 ~ 10.19,https://www.wishbunny.me/drop/3251,New Item
health,헤모씨 헤모퀸즈 헤모키즈,"21,000",10.13 ~ 10.16,https://www.wishbunny.me/drop/3250,New Item
health,단백질 파우더,N/A,10.10 ~ 10.14,https://www.wishbunny.me/drop/3249,New Item
health,이뮤업 오리진,"55,000",10.07 ~ 10.13,https://www.wishbunny.me/drop/3248,New Item
health,멀티비타민 칼마디 K2,"205,200",10.03 ~ 10.09,https://www.wishbunny.me/drop/3247,New Item
health,총명하이 배도라지차,N/A,10.23 ~ 10.26,https://www.wishbunny.me/drop/3191,New Item
health,프로 베베 유산균,"41,000",10.13 ~ 10.17,https://www.wishbunny.me/drop/3189,New Item
health,VSL#3 유산균,N/A,10.22 ~ 10.26,https://www.wishbunny.me/drop/3169,New Item
health,칼로하스 케일,"79,000",10.03 ~ 10.09,https://www.wishbunny.me/drop/3164,New Item
health,테라큐민,"52,500",10.21 ~ 10.26,https://www.wishbunny.me/drop/3160,New Item
health,베리굿 빌베리,"67,000",10.06 ~ 10.12,https://www.wishbunny.me/drop/3157,New Item
health,액티브 비큐텐,"96,600",10.03 ~ 10.09,https://www.wishbunny.me/drop/3156,New Item
health,더리틀스 피부 오메가7,"134,900",10.30 ~ 11.02,https://www.wishbunny.me/drop/3155,New Item
health,트루엔 아르기닌,"46,400",10.27 ~ 10.30,https://www.wishbunny.me/drop/3154,New Item
health,리포좀 비타민C,"64,300",10.23 ~ 10.26,https://www.wishbunny.me/drop/3153,New Item
health,한독 빌베리,"144,000",10.20 ~ 10.26,https://www.wishbunny.me/drop/3152,New Item
health,저스트글로우 알리포산,"112,800",10.16 ~ 10.19,https://www.wishbunny.me/drop/3151,New Item
health,유리알 글루타치온,"32,900",10.14 ~ 10.20,https://www.wishbunny.me/drop/3150,New Item
health,담백하루 키즈 오메가츄,"143,500",10.07 ~ 10.13,https://www.wishbunny.me/drop/3149,New Item
health,유트리션 오메가3 미니,"99,000",10.01 ~ 10.05,https://www.wishbunny.me/drop/3148,New Item
health,파이토블락,N/A,10.27 ~ 10.30,https://www.wishbunny.me/drop/3111,New Item
health,리얼 양배추즙,"74,000",10.09 ~ 10.13,https://www.wishbunny.me/drop/3095,New Item
health,비타바움,"69,600",09.29 ~ 10.02,https://www.wishbunny.me/drop/3091,New Item
health,드시모네 모음전,N/A,09.27 ~ 09.29,https://www.wishbunny.me/drop/2675,New Item
health,루솔 배도라지즙,"36,500",09.25 ~ 09.28,https://www.wishbunny.me/drop/2668,New Item
health,오므론 네뷸라이저,"119,000",09.20 ~ 09.30,https://www.wishbunny.me/drop/2665,New Item
health,프로디 유산균,N/A,09.24 ~ 09.28,https://www.wishbunny.me/drop/2663,New Item
health,면역유산균 VSL#3,"110,000",09.23 ~ 09.25,https://www.wishbunny.me/drop/2661,New Item
health,드시모네 모음전,"72,000",09.22 ~ 09.25,https://www.wishbunny.me/drop/2660,New Item
health,이뮤업그로우,"60,000",09.22 ~ 09.25,https://www.wishbunny.me/drop/2652,New Item
health,지니어스뉴 두뇌성분제,"99,000",09.24 ~ 09.29,https://www.wishbunny.me/drop/2631,New Item
health,닥터라인,N/A,09.17 ~ 09.21,https://www.wishbunny.me/drop/2604,New Item
health,글루타치온 레몬즙,"35,800",09.11 ~ 09.14,https://www.wishbunny.me/drop/2601,New Item
health,엘더베리 맥문동,"26,000",09.18 ~ 09.21,https://www.wishbunny.me/drop/2594,New Item
health,방토즙,N/A,09.26 ~ 09.30,https://www.wishbunny.me/drop/2485,New Item
health,홍삼구미,N/A,09.29 ~ 10.02,https://www.wishbunny.me/drop/2430,New Item
health,스파톤애플 액상철분,N/A,09.22 ~ 09.24,https://www.wishbunny.me/drop/2428,New Item
health,올키 칼슘 / 비타 젤리,"64,000",09.15 ~ 09.17,https://www.wishbunny.me/drop/2402,New Item
health,리메스카 흉터스틱,N/A,09.24 ~ 09.27,https://www.wishbunny.me/drop/2370,New Item
health,지니어스 뉴 오메가3,"43,000",09.05 ~ 09.09,https://www.wishbunny.me/drop/2360,New Item
health,헤모 & 에너지철분,"72,000",09.01 ~ 09.04,https://www.wishbunny.me/drop/2321,New Item
health,링티아이,"36,900",09.16 ~ 09.19,https://www.wishbunny.me/drop/2297,New Item
health,비윗유 프로폴리스,"59,900",09.11 ~ 09.14,https://www.wishbunny.me/drop/2295,New Item
health,파이토블락,N/A,09.10 ~ 09.14,https://www.wishbunny.me/drop/2282,New Item
health,리메스카 흉터스틱,N/A,09.26 ~ 09.28,https://www.wishbunny.me/drop/2251,New Item
health,메리루스 멀티비타민,"63,500",09.08 ~ 09.10,https://www.wishbunny.me/drop/2236,New Item
health,바이오 가이아 유산균,"65,000",09.24 ~ 10.01,https://www.wishbunny.me/drop/2223,New Item
health,올비건 오메가3,"599,000",09.29 ~ 10.02,https://www.wishbunny.me/drop/2207,New Item
health,투데이디3 비타민D,"25,900",09.02 ~ 09.07,https://www.wishbunny.me/drop/2172,New Item
health,튼튼 키즈 유산균,N/A,09.20 ~ 09.22,https://www.wishbunny.me/drop/2152,New Item
health,뮴 키즈 오메가,"37,900",09.02 ~ 09.07,https://www.wishbunny.me/drop/2121,New Item
health,듀얼 초임계 오메가 프로,"48,000",09.02 ~ 09.07,https://www.wishbunny.me/drop/2120,New Item
health,엘레나 퀸 & 비프락토,"69,900",09.02 ~ 09.05,https://www.wishbunny.me/drop/2114,New Item
health,에스파뇰라 선물세트,"22,000",09.04 ~ 09.10,https://www.wishbunny.me/drop/2089,New Item
health,케이투 폴리 마그네슘,"126,000",09.25 ~ 10.01,https://www.wishbunny.me/drop/2037,New Item
health,샤르르 리포좀 C & D,"48,000",09.22 ~ 09.24,https://www.wishbunny.me/drop/2036,New Item
health,이뮨 빌베리,"132,000",09.15 ~ 09.17,https://www.wishbunny.me/drop/2035,New Item
health,더블핏 유산균,"98,300",09.08 ~ 09.10,https://www.wishbunny.me/drop/2034,New Item
health,베투키 칼마미,"45,000",09.01 ~ 09.07,https://www.wishbunny.me/drop/2033,New Item
health,엘더베리 빌베리,N/A,09.22 ~ 09.24,https://www.wishbunny.me/drop/2019,New Item
health,비오맘 유산균 & 젤리케어,"67,000",09.29 ~ 10.02,https://www.wishbunny.me/drop/2001,New Item
health,닥터파이토 추석전,"26,000",09.24 ~ 09.30,https://www.wishbunny.me/drop/1999,New Item
health,베르가못,N/A,09.19 ~ 09.22,https://www.wishbunny.me/drop/1995,New Item
health,자일리톨 덴티큐브,"55,600",09.04 ~ 09.07,https://www.wishbunny.me/drop/1985,New Item
health,비오맘 유산균 & 칼마디,N/A,09.25 ~ 09.28,https://www.wishbunny.me/drop/1982,New Item
health,엘더베리 빌베리,N/A,09.15 ~ 09.18,https://www.wishbunny.me/drop/1977,New Item
health,곰보배추시럽,"69,000",09.01 ~ 09.08,https://www.wishbunny.me/drop/1973,New Item
health,잇츠 크랜베리,"36,000",09.17 ~ 09.21,https://www.wishbunny.me/drop/1967,New Item
health,쥬히 다이어트 젤리,"27,900",09.15 ~ 09.21,https://www.wishbunny.me/drop/1965,New Item
health,초록홍합,"176,000",09.10 ~ 09.21,https://www.wishbunny.me/drop/1951,New Item
health,아미노맥스 & 아이언츄,"32,000",09.08 ~ 09.14,https://www.wishbunny.me/drop/1950,New Item
health,바른웰빙 백만효소 애낙,"32,800",09.25 ~ 09.30,https://www.wishbunny.me/drop/1947,New Item
health,나프라우드 칼마디케이 투머치,"79,000",09.22 ~ 09.24,https://www.wishbunny.me/drop/1946,New Item
health,닥터제안 피로개선 활력 비타민,"172,000",09.16 ~ 09.19,https://www.wishbunny.me/drop/1945,New Item
health,아워뉴트라 락토비피도 케어 유산균 100,"219,000",09.11 ~ 09.14,https://www.wishbunny.me/drop/1944,New Item
health,피치힐 rtg 오메가3,"69,900",09.08 ~ 09.10,https://www.wishbunny.me/drop/1943,New Item
health,YDY 액티브 헴철,"140,000",09.01 ~ 09.07,https://www.wishbunny.me/drop/1942,New Item
health,리메스카 흉터스틱,N/A,09.01 ~ 09.04,https://www.wishbunny.me/drop/1928,New Item
health,올퓨어 올인원 영양제,"33,000",09.01 ~ 09.05,https://www.wishbunny.me/drop/1923,New Item
health,눈 영양제 빌베리 부스터,"139,400",09.29 ~ 10.03,https://www.wishbunny.me/drop/1920,New Item
health,바이해빗 리듀코스 착즙 클렌즈 주스,"97,000",09.22 ~ 09.26,https://www.wishbunny.me/drop/1918,New Item
health,이뮨파파 어린이 멀티 영양제,"192,000",09.15 ~ 09.17,https://www.wishbunny.me/drop/1915,New Item
health,바이오가이아 유산균,"65,000",09.08 ~ 09.11,https://www.wishbunny.me/drop/1912,New Item
health,비오맘 유산균 & 칼마디,N/A,09.18 ~ 09.21,https://www.wishbunny.me/drop/1902,New Item
health,충치 OUT ! 치약 & 가글,"33,900",09.01 ~ 09.14,https://www.wishbunny.me/drop/1830,New Item
health,랩트리션 리포퍼 철분,"28,000",09.23 ~ 09.28,https://www.wishbunny.me/drop/1818,New Item
health,마칼디K 부스트,"119,000",09.19 ~ 09.23,https://www.wishbunny.me/drop/1817,New Item
health,HMIND 리포좀 글루타치온,"65,000",09.16 ~ 09.21,https://www.wishbunny.me/drop/1816,New Item
health,랩트리션 리포좀 비타민C,"29,000",09.16 ~ 09.21,https://www.wishbunny.me/drop/1815,New Item
health,VSL 유산균,"110,000",09.04 ~ 09.07,https://www.wishbunny.me/drop/1812,New Item
health,비비랩 올리브레몬 듀얼샷,N/A,09.19 ~ 09.28,https://www.wishbunny.me/drop/1808,New Item
health,리메스카 흉터스틱,"48,000",09.25 ~ 09.28,https://www.wishbunny.me/drop/1802,New Item
health,곰보배추시럽,"69,000",09.21 ~ 09.24,https://www.wishbunny.me/drop/1785,New Item
health,자일리톨 덴티큐브,"16,000",09.15 ~ 09.17,https://www.wishbunny.me/drop/1782,New Item
health,비타바움 액상형 비타민,"109,480",09.11 ~ 09.14,https://www.wishbunny.me/drop/1732,New Item
health,엘레나 퀸 프로바이오틱스,N/A,09.25 ~ 09.28,https://www.wishbunny.me/drop/1730,New Item
health,센스텐 혈압.혈당.콜레스테롤 영양제,N/A,09.25 ~ 09.28,https://www.wishbunny.me/drop/1726,New Item
health,프로디 유산균,"31,000",09.18 ~ 09.22,https://www.wishbunny.me/drop/1722,New Item
health,젤리 오메가3,N/A,09.08 ~ 09.11,https://www.wishbunny.me/drop/1720,New Item
health,메가오메가3,N/A,09.23 ~ 09.26,https://www.wishbunny.me/drop/1711,New Item
health,"주키 선물세트, 리포조말 비타민C","153,000",09.23 ~ 09.30,https://www.wishbunny.me/drop/1670,New Item
health,"아치 선물세트, 애플사이다비니거","23,800",09.05 ~ 09.12,https://www.wishbunny.me/drop/1669,New Item
health,모비타,"41,000",09.29 ~ 10.13,https://www.wishbunny.me/drop/1664,New Item
health,타무르,"62,900",09.12 ~ 09.19,https://www.wishbunny.me/drop/1658,New Item
health,프레스샷,"218,000",09.10 ~ 09.17,https://www.wishbunny.me/drop/1657,New Item
health,셀티바 맛있는 효소,"59,000",09.08 ~ 09.12,https://www.wishbunny.me/drop/1652,New Item
health,일동후디스 커큐민,"46,000",09.29 ~ 10.03,https://www.wishbunny.me/drop/1650,New Item
health,이야이야엔프렌즈 유기농 토마토즙,N/A,09.15 ~ 09.22,https://www.wishbunny.me/drop/1644,New Item
health,메디니스 롤러마사지기,"219,000",09.15 ~ 09.17,https://www.wishbunny.me/drop/1641,New Item
health,PRN 고함량 오메가3,"65,120",09.01 ~ 09.05,https://www.wishbunny.me/drop/1637,New Item
health,DS LAB laboratories,"39,100",09.08 ~ 09.12,https://www.wishbunny.me/drop/1635,New Item
health,엘레나 퀸 프로바이오틱스,"69,900",09.15 ~ 09.18,https://www.wishbunny.me/drop/1616,New Item
health,차일드라이프 키즈 영양제,"73,200",09.08 ~ 09.11,https://www.wishbunny.me/drop/1614,New Item
health,드시모네 유산균,"81,200",09.01 ~ 09.04,https://www.wishbunny.me/drop/1613,New Item
health,무량수 선물세트,"17,100",09.23 ~ 09.26,https://www.wishbunny.me/drop/1604,New Item
health,리얼더마 브랜드데이,"25,000",09.12 ~ 09.16,https://www.wishbunny.me/drop/1599,New Item
health,엘레나 퀸 프로바이오틱스,"69,900",09.05 ~ 09.09,https://www.wishbunny.me/drop/1595,New Item
health,동국제약 마데카크림,"27,900",09.05 ~ 09.07,https://www.wishbunny.me/drop/1588,New Item
health,디나닥스 에너지젤리,"38,900",09.01 ~ 09.07,https://www.wishbunny.me/drop/1571,New Item
health,바이오렉트라,"123,700",09.01 ~ 09.07,https://www.wishbunny.me/drop/1560,New Item
health,오므론 네블라이저,"119,000",08.25 ~ 08.28,https://www.wishbunny.me/drop/1546,New Item
health,곰보배추시럽,N/A,08.26 ~ 08.27,https://www.wishbunny.me/drop/1503,New Item
health,리포좀 비타민C,"82,500",08.21 ~ 08.25,https://www.wishbunny.me/drop/1468,New Item
health,비오맘,N/A,08.18 ~ 08.21,https://www.wishbunny.me/drop/1447,New Item
health,유산균 드시모네,"124,800",08.18 ~ 08.21,https://www.wishbunny.me/drop/1438,New Item
health,잇니플러스,"15,000",08.25 ~ 08.28,https://www.wishbunny.me/drop/1423,New Item
health,아워뉴트리 메가 비타민D 2000,"144,900",08.28 ~ 09.03,https://www.wishbunny.me/drop/1373,New Item
health,저스트 글로우 파이토좀 베르베린,"84,600",08.25 ~ 09.01,https://www.wishbunny.me/drop/1372,New Item
health,오메가3 미니,"199,900",08.18 ~ 08.24,https://www.wishbunny.me/drop/1371,New Item
health,YDY 오큐클리어,"94,500",08.13 ~ 08.19,https://www.wishbunny.me/drop/1370,New Item
health,미네랄 드롭스 플러스,"50,400",08.11 ~ 08.17,https://www.wishbunny.me/drop/1369,New Item
health,아르기닌 충전수,N/A,08.21 ~ 08.23,https://www.wishbunny.me/drop/1367,New Item
health,키즈 오메가3,N/A,08.11 ~ 08.13,https://www.wishbunny.me/drop/1364,New Item
health,프로덴틱스 구강유산균,N/A,08.20 ~ 08.25,https://www.wishbunny.me/drop/1359,New Item
health,차일드라이프,"99,700",08.18 ~ 08.21,https://www.wishbunny.me/drop/1321,New Item
health,리뉴얼 ! 덴티백,"37,000",08.20 ~ 08.29,https://www.wishbunny.me/drop/1312,New Item
health,엘더베리 빌베리 프로폴리스,N/A,08.11 ~ 08.17,https://www.wishbunny.me/drop/1309,New Item
health,비타바움,"109,480",08.07 ~ 08.10,https://www.wishbunny.me/drop/1300,New Item
health,맘스나이이드 베이비워터,"39,500",08.07 ~ 08.11,https://www.wishbunny.me/drop/1263,New Item
health,이트뮨 배도라지즙,"13,000",08.18 ~ 08.21,https://www.wishbunny.me/drop/1216,New Item
health,올비건 오메가3,"79,000",08.18 ~ 08.21,https://www.wishbunny.me/drop/1208,New Item
health,드시모네,"72,000",08.26 ~ 08.31,https://www.wishbunny.me/drop/1206,New Item
health,잇니 플러스,N/A,08.18 ~ 08.25,https://www.wishbunny.me/drop/1202,New Item
health,비오맘,N/A,08.21 ~ 08.24,https://www.wishbunny.me/drop/1186,New Item
health,담은수 단업 초유,"44,800",08.18 ~ 08.21,https://www.wishbunny.me/drop/1164,New Item
health,차일드 라이프,"155,400",08.08 ~ 08.10,https://www.wishbunny.me/drop/1161,New Item
health,파이토블락,N/A,08.14 ~ 08.17,https://www.wishbunny.me/drop/1134,New Item
health,골리,"157,900",08.27 ~ 09.03,https://www.wishbunny.me/drop/1129,New Item
health,세렌 홀세일,"215,000",08.11 ~ 08.25,https://www.wishbunny.me/drop/1124,New Item
health,라티브,"99,000",08.06 ~ 08.13,https://www.wishbunny.me/drop/1121,New Item
health,로킷 아메리카,"112,240",08.25 ~ 08.29,https://www.wishbunny.me/drop/1119,New Item
health,존앤질스,"99,800",08.25 ~ 08.29,https://www.wishbunny.me/drop/1118,New Item
health,와사비 다이어트,"138,600",08.18 ~ 08.22,https://www.wishbunny.me/drop/1115,New Item
health,미에로화이바,"39,000",08.25 ~ 09.01,https://www.wishbunny.me/drop/1101,New Item
health,칼로하스 덴마크 유기농 그린케일,"79,000",08.29 ~ 09.02,https://www.wishbunny.me/drop/1094,New Item
health,HERMES 바이오렉트라,"15,400",08.26 ~ 08.29,https://www.wishbunny.me/drop/1092,New Item
health,무량수,"17,100",08.22 ~ 08.26,https://www.wishbunny.me/drop/1090,New Item
health,위키드랩 핑크 구미 베어,"20,500",08.11 ~ 08.14,https://www.wishbunny.me/drop/1085,New Item
health,바이탈 싸이클 아르기닌,"49,000",08.05 ~ 08.08,https://www.wishbunny.me/drop/1080,New Item
health,비타 DHA rTG 오메가3,"72,000",08.05 ~ 08.08,https://www.wishbunny.me/drop/1079,New Item
health,멀티비타민젤리,N/A,08.19 ~ 08.25,https://www.wishbunny.me/drop/1021,New Item
health,프로디 프로베베 유산균 D,N/A,08.05 ~ 08.08,https://www.wishbunny.me/drop/1007,New Item
health,에스더포뮬러 키즈유산균,N/A,08.25 ~ 08.30,https://www.wishbunny.me/drop/1003,New Item
health,에스더포뮬러 키성장젤리,"30,000",08.11 ~ 08.17,https://www.wishbunny.me/drop/999,New Item
health,비타바움,N/A,08.21 ~ 08.24,https://www.wishbunny.me/drop/993,New Item
health,알파 방황기,"65,000",08.07 ~ 08.11,https://www.wishbunny.me/drop/988,New Item
health,뉴트리원 콜라겐 & 뮤신,N/A,09.04 ~ 09.07,https://www.wishbunny.me/drop/986,New Item
health,올퓨어 멀티비타민 구미,"33,000",08.21 ~ 08.25,https://www.wishbunny.me/drop/941,New Item
health,국내산 원물 수세미와 작두콩차,"51,000",08.01 ~ 08.10,https://www.wishbunny.me/drop/841,New Item
health,차일드라이프 스페셜 구성,"73,200",07.24 ~ 07.28,https://www.wishbunny.me/drop/707,New Item
health,드시모네 모음전,"72,000",07.28 ~ 07.30,https://www.wishbunny.me/drop/705,New Item
health,이뮤업 그로우 초유,"60,000",07.21 ~ 07.24,https://www.wishbunny.me/drop/691,New Item
health,올 비건 오메가3,"79,000",07.17 ~ 07.19,https://www.wishbunny.me/drop/661,New Item
health,파이토블락,N/A,07.21 ~ 07.25,https://www.wishbunny.me/drop/642,New Item
health,엠엔엠 멀티비타민 젤리,"24,500",07.14 ~ 07.17,https://www.wishbunny.me/drop/606,New Item
health,파이토블락,"96,000",07.14 ~ 07.20,https://www.wishbunny.me/drop/594,New Item
health,올퓨어 멀티비타민,"33,000",07.01 ~ 07.07,https://www.wishbunny.me/drop/549,New Item
health,파이토 블락,"26,000",07.01 ~ 07.03,https://www.wishbunny.me/drop/507,New Item
health,멀티비타민 젤리,"24,500",07.24 ~ 07.27,https://www.wishbunny.me/drop/461,New Item
health,닥터체크 오메가3 블랙,"219,600",07.31 ~ 08.06,https://www.wishbunny.me/drop/447,New Item
health,닥터체크 마그샷,"216,000",07.24 ~ 07.30,https://www.wishbunny.me/drop/446,New Item
health,YDY 프로바이오 SLB,"158,400",07.08 ~ 07.14,https://www.wishbunny.me/drop/445,New Item
health,닥터체크 칼마디 K2 plus,"205,200",07.15 ~ 07.21,https://www.wishbunny.me/drop/444,New Item
health,닥터체크 원퍼데이 루테인 아스타잔틴 & 빌베리 프리미엄원료 3종구성,"264,000",07.22 ~ 07.28,https://www.wishbunny.me/drop/443,New Item
health,발톡스 EMS,N/A,07.24 ~ 07.27,https://www.wishbunny.me/drop/429,New Item
health,데코아르 에어건,"69,800",07.02 ~ 07.06,https://www.wishbunny.me/drop/406,New Item
health,프로디 유산균 프로키즈 프로베베,"90,000",07.01 ~ 07.04,https://www.wishbunny.me/drop/398,New Item
health,잇니 플러스,"15,800",07.28 ~ 07.31,https://www.wishbunny.me/drop/394,New Item
health,닥터 더마퍼트,"120,100",07.22 ~ 07.27,https://www.wishbunny.me/drop/365,New Item
health,랩트리션 그로우업 플러스 초유,"262,000",07.15 ~ 07.20,https://www.wishbunny.me/drop/363,New Item
health,HMIND 리포좀 글루타치온,"65,000",07.10 ~ 07.14,https://www.wishbunny.me/drop/362,New Item
health,랩트리션 리포좀 비타민C,"29,000",07.10 ~ 07.14,https://www.wishbunny.me/drop/361,New Item
health,마그오메가 DHA 츄어블,"32,000",07.01 ~ 07.06,https://www.wishbunny.me/drop/359,New Item
health,드시모네 영양제,"72,000",07.03 ~ 07.06,https://www.wishbunny.me/drop/351,New Item
health,링티아이,"36,900",07.09 ~ 07.13,https://www.wishbunny.me/drop/345,New Item
health,올비건 오메가3,"348,000",07.14 ~ 07.20,https://www.wishbunny.me/drop/342,New Item
health,올퓨어 멀티비타민,"33,000",07.28 ~ 07.31,https://www.wishbunny.me/drop/305,New Item
health,리메스카 흉터스틱,"48,000",06.26 ~ 06.29,https://www.wishbunny.me/drop/289,New Item
health,유한양행 헤모츄 철분제,"29,800",06.27 ~ 06.29,https://www.wishbunny.me/drop/267,New Item
health,초록홍합 16차,"186,000",06.06 ~ 06.09,https://www.wishbunny.me/drop/219,New Item
health,잇츠 차전자피,"189,000",06.27 ~ 06.29,https://www.wishbunny.me/drop/215,New Item
health,"유산균, 칼마디",N/A,06.26 ~ 06.30,https://www.wishbunny.me/drop/206,New Item
health,단업 초유 2차,"44,800",06.02 ~ 06.08,https://www.wishbunny.me/drop/182,New Item
health,세렌 리포좀 비타민C / 글루타치온,"279,000",06.05 ~ 06.11,https://www.wishbunny.me/drop/113,New Item
health,비오맘 유산균,"39,800",06.06 ~ 06.10,https://www.wishbunny.me/drop/79,New Item
health,흉터스틱 스카스틱,N/A,06.23 ~ 06.26,https://www.wishbunny.me/drop/42,New Item
health,올퓨어 멀티비타민 구미 7차,"33,000",06.02 ~ 06.05,https://www.wishbunny.me/drop/29,New Item
health,비타포뮬러 피로 개선 활력 비타민,N/A,05.20 ~ 05.27,https://www.wishbunny.me/drop/26,New Item
interior,"하미모아x자작나무 우드파티션, 우드가벽","85,000",02.06 ~ 02.08,https://www.wishbunny.me/drop/9915,
interior,아클리브 테이블 보호필름,N/A,01.31 ~ 01.31,https://www.wishbunny.me/drop/8903,
interior,바스탈취제 모음전,"10,900",02.03 ~ 02.08,https://www.wishbunny.me/drop/8365,
interior,스티치 블랭킷,"17,900",01.02 ~ 01.05,https://www.wishbunny.me/drop/7582,
interior,비키틀즈 시계,"49,800",01.02 ~ 01.05,https://www.wishbunny.me/drop/7580,
interior,BAS 탈취제 핑크에디션 / BAS 블랙라벨 탈취제 / BAS 생활 탈취제 블루,"10,900",02.06 ~ 02.14,https://www.wishbunny.me/drop/7135,Date Update: 01.31 ~ 02.05 -> 02.06 ~ 02.14
interior,아오라 우주빔,"64,900",12.25 ~ 12.27,https://www.wishbunny.me/drop/6881,
interior,jd홈드레싱 두잇보드&전면책장,"178,200",12.15 ~ 12.17,https://www.wishbunny.me/drop/6877,
interior,효도 달력,"21,900",12.17 ~ 12.21,https://www.wishbunny.me/drop/6637,
interior,아가드 하이체어,"155,000",12.12 ~ 12.14,https://www.wishbunny.me/drop/6635,
interior,일루와 아기텐트,"46,900",12.04 ~ 12.07,https://www.wishbunny.me/drop/6632,
interior,더보이 정전기 트리 데코 스티커,"8,000",12.18 ~ 12.20,https://www.wishbunny.me/drop/6628,
interior,2차 앵콜공구! 5초 완성 원터치 트리,"129,000",12.10 ~ 12.24,https://www.wishbunny.me/drop/6623,
interior,효도 달력,N/A,12.01 ~ 12.04,https://www.wishbunny.me/drop/6565,
interior,쑥쑥찰칵 효도 달력,"21,900",12.22 ~ 12.26,https://www.wishbunny.me/drop/6562,
interior,심플룸 교구장 & 책장,"46,500",12.19 ~ 12.21,https://www.wishbunny.me/drop/6547,
interior,일루와 아기텐트,"46,900",12.11 ~ 12.14,https://www.wishbunny.me/drop/6541,
interior,효도달력,"21,900",12.10 ~ 12.15,https://www.wishbunny.me/drop/6540,
interior,심플룸 텐트,"46,000",12.22 ~ 12.25,https://www.wishbunny.me/drop/6526,
interior,효도달력,"219,000",12.15 ~ 12.18,https://www.wishbunny.me/drop/6486,
interior,갓성비 심플룸 아기옷장,"57,600",12.10 ~ 12.13,https://www.wishbunny.me/drop/6451,
interior,효도 달력,N/A,12.08 ~ 12.12,https://www.wishbunny.me/drop/6449,
interior,미니트리 오르골,N/A,12.02 ~ 12.05,https://www.wishbunny.me/drop/6415,
interior,플랫 매트,"80,910",12.31 ~ 01.01,https://www.wishbunny.me/drop/6413,
interior,커스텀 달항아리,"19,000",01.05 ~ 01.11,https://www.wishbunny.me/drop/6343,New Item
interior,아이팜 빈백소파,"77,000",12.04 ~ 12.07,https://www.wishbunny.me/drop/6309,New Item
interior,아이 사진 담은 효도 달력!,N/A,12.04 ~ 12.07,https://www.wishbunny.me/drop/6288,New Item
interior,엔그로운 모음,N/A,12.24 ~ 01.01,https://www.wishbunny.me/drop/6265,New Item
interior,아오라 우주빔,N/A,12.14 ~ 01.01,https://www.wishbunny.me/drop/6255,New Item
interior,쑥쑥찰칵 달력,"21,900",12.02 ~ 12.10,https://www.wishbunny.me/drop/6244,New Item
interior,온기로움 회전책장,"154,000",12.15 ~ 12.17,https://www.wishbunny.me/drop/6214,New Item
interior,엔그로운 독서대,N/A,12.08 ~ 01.01,https://www.wishbunny.me/drop/6212,New Item
interior,라비베베 안전가드,"48,900",12.22 ~ 12.25,https://www.wishbunny.me/drop/6206,New Item
interior,원형 러그,"35,800",12.16 ~ 01.01,https://www.wishbunny.me/drop/6187,New Item
interior,슈슈비 셀프 시공 클립 매트,N/A,12.15 ~ 12.17,https://www.wishbunny.me/drop/6185,New Item
interior,우드 토퍼 ( 감성사진 필수템 ),"22,500",12.10 ~ 01.01,https://www.wishbunny.me/drop/6182,New Item
interior,버드베베 독서대 책장,"94,900",01.02 ~ 01.05,https://www.wishbunny.me/drop/6165,New Item
interior,베란다&세탁실 데크타일,N/A,12.15 ~ 12.21,https://www.wishbunny.me/drop/6120,New Item
interior,풍선트리,"5,500",12.08 ~ 12.10,https://www.wishbunny.me/drop/6118,New Item
interior,하로월드 로이침대,"850,000",12.03 ~ 12.07,https://www.wishbunny.me/drop/6101,New Item
interior,Ringadate,"5,000",12.16 ~ 12.21,https://www.wishbunny.me/drop/6099,New Item
interior,라운드라운드 가벽,N/A,12.08 ~ 12.14,https://www.wishbunny.me/drop/6098,New Item
interior,센서등,"6,700",12.26 ~ 12.30,https://www.wishbunny.me/drop/6097,New Item
interior,슬라이딩 선반,"31,900",12.22 ~ 12.25,https://www.wishbunny.me/drop/6096,New Item
interior,노트 피아노 데스크,"687,000",12.08 ~ 12.13,https://www.wishbunny.me/drop/6090,New Item
interior,리베르떼 책상 책장,"2,216,800",12.08 ~ 12.13,https://www.wishbunny.me/drop/6089,New Item
interior,에브니에 책상 책장 북선반,"2,748,000",12.01 ~ 12.06,https://www.wishbunny.me/drop/6088,New Item
interior,두잉썸 벽트리,"72,000",12.05 ~ 12.08,https://www.wishbunny.me/drop/6059,New Item
interior,곰돌이 회전미니트리&오르골모음,"29,900",11.29 ~ 12.01,https://www.wishbunny.me/drop/6054,New Item
interior,루시아이 트리 & 오르골,"29,900",11.26 ~ 11.30,https://www.wishbunny.me/drop/6051,New Item
interior,제이닷 벽트리/리스/대형트리,"109,000",11.24 ~ 11.28,https://www.wishbunny.me/drop/6040,New Item
interior,온감러그,"39,900",12.05 ~ 12.09,https://www.wishbunny.me/drop/6025,New Item
interior,로렌힐스 싱크볼,"890,000",12.02 ~ 12.05,https://www.wishbunny.me/drop/6024,New Item
interior,알집 아기 의자 쇼파 모음전,"85,000",11.28 ~ 11.30,https://www.wishbunny.me/drop/5816,New Item
interior,두잉썸 벽트리,"72,000",11.19 ~ 11.22,https://www.wishbunny.me/drop/5808,New Item
interior,무드앤스 회전책장,"188,000",11.07 ~ 11.09,https://www.wishbunny.me/drop/5799,New Item
interior,제철 캘린더,N/A,11.13 ~ 11.18,https://www.wishbunny.me/drop/5788,New Item
interior,로열 에버그린 트리,N/A,11.10 ~ 11.14,https://www.wishbunny.me/drop/5787,New Item
interior,두잉썸 벽트리,"72,000",11.12 ~ 11.14,https://www.wishbunny.me/drop/5774,New Item
interior,크리스마스 집꾸템,N/A,11.03 ~ 11.09,https://www.wishbunny.me/drop/5768,New Item
interior,아오라 우주빔,"64,900",11.22 ~ 12.01,https://www.wishbunny.me/drop/5732,New Item
interior,다같이 아기행거 3단 & 4단,"24,200",11.18 ~ 11.22,https://www.wishbunny.me/drop/5730,New Item
interior,르자당 트리,N/A,11.10 ~ 11.13,https://www.wishbunny.me/drop/5704,New Item
interior,드제코 텐트 / 오르골 보석함,"99,000",11.03 ~ 11.11,https://www.wishbunny.me/drop/5700,New Item
interior,크리스마스 벽트리,"72,000",11.17 ~ 11.20,https://www.wishbunny.me/drop/5693,New Item
interior,꼬메모이 트롤리 특가 첫 런칭!,"198,000",11.12 ~ 11.16,https://www.wishbunny.me/drop/5589,New Item
interior,플레이블 독서대,"92,000",11.17 ~ 11.19,https://www.wishbunny.me/drop/5576,New Item
interior,어드벤트 캘린더 블럭,"33,900",11.11 ~ 11.17,https://www.wishbunny.me/drop/5569,New Item
interior,일루와 아기텐트,"46,900",11.21 ~ 11.23,https://www.wishbunny.me/drop/5517,New Item
interior,슈슈비 클립 매트,"21,600",11.17 ~ 11.19,https://www.wishbunny.me/drop/5513,New Item
interior,두잉썸 벽트리,"72,000",11.10 ~ 11.13,https://www.wishbunny.me/drop/5508,New Item
interior,사이드 테이블,"19,900",11.07 ~ 11.09,https://www.wishbunny.me/drop/5481,New Item
interior,미니 트리,"19,900",11.23 ~ 11.26,https://www.wishbunny.me/drop/5466,New Item
interior,심플룸 책장,"52,900",11.18 ~ 11.21,https://www.wishbunny.me/drop/5461,New Item
interior,아벨 트리,"299,000",11.13 ~ 11.16,https://www.wishbunny.me/drop/5392,New Item
interior,블루돌핀 시공 매트,N/A,11.10 ~ 11.16,https://www.wishbunny.me/drop/5389,New Item
interior,돌아가는 곰트리,"19,900",11.26 ~ 12.03,https://www.wishbunny.me/drop/5368,New Item
interior,베베누보 카본 온열 매트,"99,000",11.07 ~ 11.09,https://www.wishbunny.me/drop/5328,New Item
interior,코지애드 실키레더 소파,"1,611,000",11.05 ~ 11.11,https://www.wishbunny.me/drop/5318,New Item
interior,크리스마스 트리,"198,000",11.11 ~ 11.16,https://www.wishbunny.me/drop/5257,New Item
interior,무드앤스 회전책장,"228,000",11.19 ~ 11.22,https://www.wishbunny.me/drop/5202,New Item
interior,생활특권 빈백,"99,000",11.10 ~ 11.12,https://www.wishbunny.me/drop/5178,New Item
interior,루카스 1층 침대,"399,000",11.17 ~ 11.19,https://www.wishbunny.me/drop/5154,New Item
interior,신상 아벨 트리,"299,000",11.14 ~ 11.18,https://www.wishbunny.me/drop/5153,New Item
interior,3D 달력,"23,800",11.21 ~ 12.01,https://www.wishbunny.me/drop/5143,New Item
interior,흔들말,"99,000",11.27 ~ 11.30,https://www.wishbunny.me/drop/5120,New Item
interior,미니트리,"19,900",11.11 ~ 11.14,https://www.wishbunny.me/drop/5106,New Item
interior,휴대용 하이체어,"43,900",11.10 ~ 11.12,https://www.wishbunny.me/drop/5105,New Item
interior,루시아이 미니트리 & 벽트리,"72,000",11.18 ~ 11.19,https://www.wishbunny.me/drop/5092,New Item
interior,루시아이 벽트리,"23,900",11.20 ~ 11.23,https://www.wishbunny.me/drop/5038,New Item
interior,크리스마스 트리,"23,900",11.26 ~ 11.30,https://www.wishbunny.me/drop/4983,New Item
interior,다원 몬테소리 책상/의자,"149,000",11.03 ~ 11.07,https://www.wishbunny.me/drop/4916,New Item
interior,화전책장 ( 신상포함 ),"198,000",12.23 ~ 01.01,https://www.wishbunny.me/drop/4745,New Item
interior,[최초공구] 이동식 멀티 행거,"33,900",12.18 ~ 12.21,https://www.wishbunny.me/drop/4742,New Item
interior,[최초공구] 책장/교구장,"171,000",12.17 ~ 12.21,https://www.wishbunny.me/drop/4741,New Item
interior,리세 전면책장,"54,900",11.27 ~ 11.28,https://www.wishbunny.me/drop/4728,New Item
interior,홈캠 스탠드,"28,900",11.25 ~ 11.28,https://www.wishbunny.me/drop/4726,New Item
interior,어뜌 콩딱 도어 1+1,"15,300",11.14 ~ 11.16,https://www.wishbunny.me/drop/4718,New Item
interior,심플북 북카트,"49,800",11.10 ~ 11.12,https://www.wishbunny.me/drop/4712,New Item
interior,시우맘Pick 스터디대,N/A,11.20 ~ 11.23,https://www.wishbunny.me/drop/4706,New Item
interior,아빠차트,"18,000",11.27 ~ 11.30,https://www.wishbunny.me/drop/4691,New Item
interior,산타 피규어 XXL,"147,000",11.08 ~ 11.10,https://www.wishbunny.me/drop/4660,New Item
interior,회전 책장,"188,000",11.19 ~ 11.21,https://www.wishbunny.me/drop/4653,New Item
interior,헤이홈거치대/홈캠거치대,"12,900",10.22 ~ 10.25,https://www.wishbunny.me/drop/4331,New Item
interior,접이식 매트리스,"116,000",11.01 ~ 11.05,https://www.wishbunny.me/drop/4306,New Item
interior,엔데이지홈 모달 올인원 매트리스커버,"152,500",10.27 ~ 10.31,https://www.wishbunny.me/drop/4305,New Item
interior,까르엠 모션소파,N/A,11.17 ~ 10.21,https://www.wishbunny.me/drop/4272,New Item
interior,알루아테이블 B급,"185,000",10.15 ~ 10.19,https://www.wishbunny.me/drop/4270,New Item
interior,후 하이체어,"58,000",10.17 ~ 10.19,https://www.wishbunny.me/drop/4201,New Item
interior,틱택타일,"4,600",11.14 ~ 11.18,https://www.wishbunny.me/drop/4163,New Item
interior,윈터스케치 원터치 트리,"110,000",10.30 ~ 11.03,https://www.wishbunny.me/drop/4159,New Item
interior,쁘띠라뻥 2층 침대,"1,350,000",10.16 ~ 10.19,https://www.wishbunny.me/drop/4096,New Item
interior,아르떼하임 유아침대,N/A,10.29 ~ 11.02,https://www.wishbunny.me/drop/4091,New Item
interior,프렌디아 책상,"45,900",10.28 ~ 10.31,https://www.wishbunny.me/drop/4090,New Item
interior,몬테소리 책장,"260,000",11.06 ~ 11.09,https://www.wishbunny.me/drop/4075,New Item
interior,"JD홈드레싱 책장 , 책상","357,850",10.27 ~ 10.30,https://www.wishbunny.me/drop/4072,New Item
interior,슬로우베드 토퍼 매트리스,"199,000",10.27 ~ 11.02,https://www.wishbunny.me/drop/4060,New Item
interior,레브 이층침대,"2,980,000",10.10 ~ 10.14,https://www.wishbunny.me/drop/4059,New Item
interior,에떼 이층침대,"3,750,000",10.10 ~ 10.14,https://www.wishbunny.me/drop/4058,New Item
interior,필웰 전면 책장,"78,900",10.27 ~ 10.30,https://www.wishbunny.me/drop/4022,New Item
interior,홈스탠드 홈카메라 거치대,"28,900",10.24 ~ 10.28,https://www.wishbunny.me/drop/3970,New Item
interior,심플룸 올인원 책장,"52,900",10.17 ~ 10.20,https://www.wishbunny.me/drop/3965,New Item
interior,후 하이체어,"109,000",10.15 ~ 10.19,https://www.wishbunny.me/drop/3860,New Item
interior,이쯔포포 변신소파,"75,900",10.27 ~ 10.30,https://www.wishbunny.me/drop/3819,New Item
interior,발도장 액자,"26,000",10.13 ~ 10.16,https://www.wishbunny.me/drop/3788,New Item
interior,알집 더블 플립 매트 & 우들리 베이비룸,"299,000",10.28 ~ 10.31,https://www.wishbunny.me/drop/3766,New Item
interior,윌로우하우스 책상 & 교구장,"45,900",10.24 ~ 10.27,https://www.wishbunny.me/drop/3745,New Item
interior,아오라 우주빔,"64,900",10.09 ~ 10.12,https://www.wishbunny.me/drop/3696,New Item
interior,쥬니테이블,N/A,11.21 ~ 11.23,https://www.wishbunny.me/drop/3695,New Item
interior,쥬니트롤리 명절 특별 할인공구,"215,000",10.01 ~ 10.07,https://www.wishbunny.me/drop/3666,New Item
interior,아오라 우주빔,"64,900",10.27 ~ 10.30,https://www.wishbunny.me/drop/3664,New Item
interior,인메이블 달항아리액자,N/A,10.02 ~ 10.03,https://www.wishbunny.me/drop/3636,New Item
interior,2026년 아프로캣 벽달력,N/A,10.24 ~ 10.27,https://www.wishbunny.me/drop/3591,New Item
interior,일루와 유아텐트,N/A,10.28 ~ 10.31,https://www.wishbunny.me/drop/3586,New Item
interior,맘스보드 피노 회전책장,"249,000",10.05 ~ 10.08,https://www.wishbunny.me/drop/3582,New Item
interior,몬테소리 스툴,"40,900",10.27 ~ 10.29,https://www.wishbunny.me/drop/3533,New Item
interior,토이앤플레이 곰돌이 1단 책장,"29,700",10.22 ~ 10.25,https://www.wishbunny.me/drop/3531,New Item
interior,JD홈드레싱 전면책장 / 두잇보드,"205,200",10.13 ~ 10.15,https://www.wishbunny.me/drop/3467,New Item
interior,알루아 비스포크 테이블,"161,000",10.21 ~ 10.26,https://www.wishbunny.me/drop/3436,New Item
interior,달항아리 & 웜네이쳐 그림 액차,"78,300",10.16 ~ 10.20,https://www.wishbunny.me/drop/3435,New Item
interior,봄디 가족얼굴 자석,N/A,11.05 ~ 11.05,https://www.wishbunny.me/drop/3367,New Item
interior,NEW 에몬스 회전책장 & 북카트,"227,050",10.13 ~ 10.19,https://www.wishbunny.me/drop/3358,New Item
interior,리틀라이프 스텝 스툴,"29,900",10.22 ~ 10.24,https://www.wishbunny.me/drop/3285,New Item
interior,비앙스 회전책장,"431,000",10.21 ~ 10.26,https://www.wishbunny.me/drop/3272,New Item
interior,샤토에르 철제 수납장,N/A,10.21 ~ 10.27,https://www.wishbunny.me/drop/3174,New Item
interior,미니 금고,"149,000",09.29 ~ 10.06,https://www.wishbunny.me/drop/3168,New Item
interior,라운드라운드 파티션 4종,N/A,10.16 ~ 10.19,https://www.wishbunny.me/drop/3161,New Item
interior,포르투칼러그,"36,900",10.27 ~ 10.29,https://www.wishbunny.me/drop/3101,New Item
interior,필웰 교구장 & 전면책장,"78,900",09.29 ~ 10.02,https://www.wishbunny.me/drop/2627,New Item
interior,맘스니노 책상,"119,000",09.18 ~ 09.21,https://www.wishbunny.me/drop/2605,New Item
interior,곰돌이 원목 책장,"29,700",09.22 ~ 09.25,https://www.wishbunny.me/drop/2564,New Item
interior,코에르 욕실매트,N/A,09.16 ~ 09.21,https://www.wishbunny.me/drop/2532,New Item
interior,심플룸 아기행거,"57,600",09.10 ~ 09.14,https://www.wishbunny.me/drop/2527,New Item
interior,돌반지 보관함 달금손,"25,000",09.09 ~ 09.12,https://www.wishbunny.me/drop/2526,New Item
interior,심플룸 신상 슈벤치,"42,900",09.02 ~ 09.07,https://www.wishbunny.me/drop/2521,New Item
interior,일루와 아기텐트,N/A,09.01 ~ 09.04,https://www.wishbunny.me/drop/2520,New Item
interior,빈백,"62,600",09.08 ~ 09.09,https://www.wishbunny.me/drop/2474,New Item
interior,꼬메모이 모이듀 원형 회전 책장,"420,000",09.08 ~ 09.15,https://www.wishbunny.me/drop/2464,New Item
interior,고구려 방충망,N/A,09.11 ~ 09.17,https://www.wishbunny.me/drop/2449,New Item
interior,JBJ 세탁바구니,"239,000",09.09 ~ 09.14,https://www.wishbunny.me/drop/2446,New Item
interior,보스 젤리곰 조명,"129,000",09.08 ~ 09.10,https://www.wishbunny.me/drop/2445,New Item
interior,토츠 독서대,"42,900",09.25 ~ 09.28,https://www.wishbunny.me/drop/2438,New Item
interior,몬테소리 스툴,"45,900",09.15 ~ 09.17,https://www.wishbunny.me/drop/2435,New Item
interior,일루와 아기텐트,"46,900",09.22 ~ 09.26,https://www.wishbunny.me/drop/2421,New Item
interior,후 모던 하이체어,"109,000",09.10 ~ 09.14,https://www.wishbunny.me/drop/2398,New Item
interior,롤베이비 원형러그 / 방수패드,"35,800",09.19 ~ 09.21,https://www.wishbunny.me/drop/2368,New Item
interior,뉴코코맘 수플레 트롤리,"79,900",09.22 ~ 09.26,https://www.wishbunny.me/drop/2353,New Item
interior,네이처스티치 원형러그,"49,800",09.22 ~ 09.29,https://www.wishbunny.me/drop/2352,New Item
interior,코에르 욕실매트,"18,800",09.02 ~ 09.05,https://www.wishbunny.me/drop/2312,New Item
interior,바브레 발 디딤대,"32,800",09.02 ~ 09.06,https://www.wishbunny.me/drop/2311,New Item
interior,튜즐 스터디 독서대 & 미니책장,"94,000",09.29 ~ 10.02,https://www.wishbunny.me/drop/2310,New Item
interior,엉클디 책상 모음전,"165,400",09.04 ~ 09.10,https://www.wishbunny.me/drop/2302,New Item
interior,라비킷 유아베개,"46,300",09.25 ~ 09.28,https://www.wishbunny.me/drop/2300,New Item
interior,피보 트롤리,"61,000",09.01 ~ 09.03,https://www.wishbunny.me/drop/2291,New Item
interior,다원 몬테소리 스툴,"40,900",09.22 ~ 09.24,https://www.wishbunny.me/drop/2287,New Item
interior,아빠차트,"14,400",09.11 ~ 09.14,https://www.wishbunny.me/drop/2244,New Item
interior,알집 매트 & 베이비룸 & 벽매트,"239,000",09.25 ~ 09.28,https://www.wishbunny.me/drop/2191,New Item
interior,심플룸 북카트,"49,800",09.24 ~ 09.26,https://www.wishbunny.me/drop/2189,New Item
interior,지티스 목베개,"17,800",09.22 ~ 09.27,https://www.wishbunny.me/drop/2153,New Item
interior,생활특권 빈백,"64,600",09.14 ~ 09.21,https://www.wishbunny.me/drop/2150,New Item
interior,탈부착 에어소파,"67,000",09.11 ~ 09.16,https://www.wishbunny.me/drop/2149,New Item
interior,튜즐 독서대,"88,000",09.18 ~ 09.21,https://www.wishbunny.me/drop/2140,New Item
interior,아가드 하이체어,"119,000",09.04 ~ 09.10,https://www.wishbunny.me/drop/2133,New Item
interior,광주요 그릇 달항아리,N/A,09.10 ~ 09.14,https://www.wishbunny.me/drop/2125,New Item
interior,엔젤앤비 낮잠이불,"39,900",09.26 ~ 09.28,https://www.wishbunny.me/drop/2103,New Item
interior,아오라 우주빔,"64,900",09.05 ~ 09.08,https://www.wishbunny.me/drop/2098,New Item
interior,문틀핏 ! 모노맷 미니 안전매트,"59,500",09.01 ~ 09.03,https://www.wishbunny.me/drop/2073,New Item
interior,반달&라운드 선반,"116,000",09.29 ~ 10.12,https://www.wishbunny.me/drop/2070,New Item
interior,노르딕 슬립 사계절 침구,N/A,09.16 ~ 09.19,https://www.wishbunny.me/drop/2066,New Item
interior,올핏 소파 & 에어컨 커버,N/A,09.01 ~ 09.07,https://www.wishbunny.me/drop/2062,New Item
interior,모베 x 오인스 제작 모션 베드,N/A,09.01 ~ 09.07,https://www.wishbunny.me/drop/2055,New Item
interior,심플룸 아기 텐트,"46,000",09.16 ~ 09.20,https://www.wishbunny.me/drop/2052,New Item
interior,아오라 우주빔,"64,900",09.01 ~ 09.04,https://www.wishbunny.me/drop/2048,New Item
interior,다원 몬테소리 책상의자 & 스툴,"99,000",09.08 ~ 09.12,https://www.wishbunny.me/drop/2003,New Item
interior,비앙스 회전책장,"96,000",09.12 ~ 09.14,https://www.wishbunny.me/drop/1991,New Item
interior,맘스보드 회전책장,"249,000",09.04 ~ 09.07,https://www.wishbunny.me/drop/1961,New Item
interior,도파밍 가방걸이,"36,900",09.01 ~ 09.24,https://www.wishbunny.me/drop/1921,New Item
interior,무아스 스탠드,N/A,09.04 ~ 09.07,https://www.wishbunny.me/drop/1911,New Item
interior,꼬메모이 스터디대,"69,000",09.03 ~ 09.07,https://www.wishbunny.me/drop/1910,New Item
interior,온더꼬끄매트,"55,000",09.15 ~ 09.17,https://www.wishbunny.me/drop/1899,New Item
interior,피아노책상,"687,200",09.08 ~ 09.14,https://www.wishbunny.me/drop/1773,New Item
interior,호들 낮잠이불,N/A,09.05 ~ 09.07,https://www.wishbunny.me/drop/1753,New Item
interior,모더니 저상프레임,"439,000",09.25 ~ 09.29,https://www.wishbunny.me/drop/1739,New Item
interior,슬로우베드 토퍼,"375,000",09.25 ~ 09.28,https://www.wishbunny.me/drop/1738,New Item
interior,써니클라우드 모달침구,N/A,09.22 ~ 09.25,https://www.wishbunny.me/drop/1737,New Item
interior,크리스피바바 양모패드,"21,900",09.02 ~ 09.07,https://www.wishbunny.me/drop/1734,New Item
interior,빈백에어소파,N/A,09.10 ~ 09.14,https://www.wishbunny.me/drop/1700,New Item
interior,라문 브랜드워크,N/A,09.04 ~ 09.11,https://www.wishbunny.me/drop/1655,New Item
interior,아티잔 사각싱크볼,N/A,09.29 ~ 10.02,https://www.wishbunny.me/drop/1633,New Item
interior,버금 액막이 명태,"25,600",09.25 ~ 09.28,https://www.wishbunny.me/drop/1632,New Item
interior,CJ X 달항아리 액자,N/A,09.24 ~ 09.27,https://www.wishbunny.me/drop/1631,New Item
interior,안지가구,"221,000",08.23 ~ 08.30,https://www.wishbunny.me/drop/1544,New Item
interior,리틀라이프 이지폴딩 베이비룸,"99,000",08.25 ~ 08.27,https://www.wishbunny.me/drop/1507,New Item
interior,모모 누아지미니 전면책장,"98,000",08.22 ~ 08.27,https://www.wishbunny.me/drop/1496,New Item
interior,생활 특권 빈백,"59,000",08.11 ~ 08.30,https://www.wishbunny.me/drop/1471,New Item
interior,세레스홈 침대프레임,"918,000",08.27 ~ 08.31,https://www.wishbunny.me/drop/1436,New Item
interior,책장/책상,"178,200",08.14 ~ 08.18,https://www.wishbunny.me/drop/1382,New Item
interior,빈백 10가지 컬러,N/A,08.14 ~ 08.14,https://www.wishbunny.me/drop/1375,New Item
interior,"나산가구 책장, 교구장",N/A,08.10 ~ 08.13,https://www.wishbunny.me/drop/1226,New Item
interior,시디즈 의자,"329,000",08.29 ~ 08.31,https://www.wishbunny.me/drop/1109,New Item
interior,뉴트럴 프리덤 엑스 체어,"469,000",08.08 ~ 08.12,https://www.wishbunny.me/drop/1082,New Item
interior,비앙스 자작원목 원형&사각 3단/4단 회전책장 5차 공구,"289,000",06.02 ~ 06.08,https://www.wishbunny.me/drop/76,New Item
travel,롤링힐스 특가,"158,000",02.03 ~ 02.08,https://www.wishbunny.me/drop/10118,New Item
travel,봄 피크닉 준비물 기획전,N/A,03.26 ~ 03.30,https://www.wishbunny.me/drop/10076,New Item
travel,마이다스 호텔&리조트 클래스 1+1 최초,N/A,02.02 ~ 02.08,https://www.wishbunny.me/drop/9583,
travel,롤링힐스 2026 하리보룸 최초 공구,N/A,02.03 ~ 02.06,https://www.wishbunny.me/drop/9503,
travel,트래블백,"19,900",02.02 ~ 02.04,https://www.wishbunny.me/drop/8918,
travel,소피텔 앰배서더 서울 특가,N/A,01.26 ~ 01.30,https://www.wishbunny.me/drop/8890,
travel,위로 여는 풀메탈 알루미늄 캐리어 머즈캐리어,"115,000",02.03 ~ 02.07,https://www.wishbunny.me/drop/8691,
travel,캐리어,N/A,01.27 ~ 01.31,https://www.wishbunny.me/drop/8567,
travel,제주 신라호텔 역대급 특가,N/A,01.12 ~ 01.18,https://www.wishbunny.me/drop/8461,
travel,목베개 (스탠다드 / 프리미엄,"18,800",01.12 ~ 01.18,https://www.wishbunny.me/drop/8351,
travel,유누옷장×머즈캐리어 파일럿캐리어 기내용캐리어,N/A,01.05 ~ 01.08,https://www.wishbunny.me/drop/8127,
travel,보홀 에어텔공구,"549,000",01.14 ~ 01.16,https://www.wishbunny.me/drop/8105,
travel,속초 롯데리조트 특가,N/A,01.05 ~ 01.11,https://www.wishbunny.me/drop/8075,
travel,베로로 캐리어,"199,000",01.28 ~ 01.31,https://www.wishbunny.me/drop/7701,
travel,마이다스 호텔,N/A,01.27 ~ 01.31,https://www.wishbunny.me/drop/7700,
travel,로드웨이 캐리어,"109,000",01.21 ~ 01.25,https://www.wishbunny.me/drop/7264,
travel,데코아르 맥세이프 보조배터리,"29,900",01.22 ~ 01.25,https://www.wishbunny.me/drop/7228,
travel,머즈 기내용 파일럿캐리어,"115,000",01.07 ~ 01.10,https://www.wishbunny.me/drop/7025,
travel,머즈캐리어,"115,000",12.17 ~ 12.22,https://www.wishbunny.me/drop/6886,
travel,롯데리조트 속초,"234,000",12.17 ~ 12.23,https://www.wishbunny.me/drop/6885,
travel,머즈 캐리어,N/A,12.04 ~ 12.16,https://www.wishbunny.me/drop/6688,
travel,사이판,N/A,12.01 ~ 12.07,https://www.wishbunny.me/drop/6554,
travel,나트랑,N/A,12.03 ~ 12.10,https://www.wishbunny.me/drop/6403,
travel,갓성비 인생 파일럿 캐리어,N/A,12.12 ~ 12.15,https://www.wishbunny.me/drop/6381,
travel,머즈 캐리어,"115,000",12.06 ~ 12.09,https://www.wishbunny.me/drop/6299,
travel,아쿠아리움에서 함께하는 특별한 밤,"162,000",12.24 ~ 12.29,https://www.wishbunny.me/drop/6277,
travel,중부권 리조트,"183,360",12.18 ~ 12.22,https://www.wishbunny.me/drop/6276,New Item
travel,"6인 90,000원 키즈 풀빌라",N/A,12.04 ~ 12.09,https://www.wishbunny.me/drop/6275,New Item
travel,에이든 여행지도 국내여권,"25,400",11.20 ~ 11.22,https://www.wishbunny.me/drop/5863,New Item
travel,베르지아 캐리어,"229,000",11.05 ~ 11.09,https://www.wishbunny.me/drop/5537,New Item
travel,타고가요 캐리어,"188,000",11.05 ~ 11.09,https://www.wishbunny.me/drop/5536,New Item
travel,롯데월드 + 롯데호텔,"270,000",11.06 ~ 11.09,https://www.wishbunny.me/drop/5148,New Item
travel,노보텔 동대문,"165,000",11.27 ~ 12.01,https://www.wishbunny.me/drop/5144,New Item
travel,"괌 PIC , 힐튼 ( 마이리얼트립 )",N/A,11.27 ~ 11.30,https://www.wishbunny.me/drop/4960,New Item
travel,한화 리조트 설악 쏘라노,"177,630",11.06 ~ 11.09,https://www.wishbunny.me/drop/4957,New Item
travel,푸꾸옥 X 마이리얼 트립,N/A,11.24 ~ 11.27,https://www.wishbunny.me/drop/4952,New Item
travel,강릉 세인트존스 호텔,N/A,11.11 ~ 11.14,https://www.wishbunny.me/drop/4949,New Item
travel,머즈 캐리어,N/A,12.08 ~ 12.12,https://www.wishbunny.me/drop/4733,New Item
travel,베르지아 캐리어,"229,000",10.20 ~ 10.24,https://www.wishbunny.me/drop/4300,New Item
travel,세부 vs 코타키나발루 여행 마켓,N/A,10.22 ~ 10.31,https://www.wishbunny.me/drop/3886,New Item
travel,티니핑 파라다이스시티 원더박스 티켓,N/A,10.02 ~ 10.05,https://www.wishbunny.me/drop/3369,New Item
travel,아틀란티스 & 퍼플 키즈카페,"19,000",09.29 ~ 10.03,https://www.wishbunny.me/drop/3223,New Item
travel,까로 여행용 웨건,"199,000",09.19 ~ 09.22,https://www.wishbunny.me/drop/2456,New Item
travel,솜솜라이크 피크닉 매트,"36,900",09.18 ~ 09.21,https://www.wishbunny.me/drop/2455,New Item
travel,뉴이키즈 캐리어,"138,000",09.18 ~ 09.21,https://www.wishbunny.me/drop/2384,New Item
travel,포브 등산 캐리어,N/A,09.11 ~ 09.15,https://www.wishbunny.me/drop/2345,New Item
travel,베르지아 캐리어,"229,000",09.11 ~ 09.15,https://www.wishbunny.me/drop/2106,New Item
travel,오인스픽 패리티 캐리어,"266,500",09.01 ~ 09.05,https://www.wishbunny.me/drop/2056,New Item
travel,베르만/베르지아 캐리어,"199,000",09.22 ~ 09.24,https://www.wishbunny.me/drop/1969,New Item
travel,스네프 물놀이 용품,N/A,09.01 ~ 09.24,https://www.wishbunny.me/drop/1922,New Item
travel,타고가요 클라우드,N/A,09.02 ~ 09.04,https://www.wishbunny.me/drop/1877,New Item
travel,부산 호텔 공동구매,N/A,09.02 ~ 09.07,https://www.wishbunny.me/drop/1846,New Item
travel,아쿠아리움 캠프,"152,000",09.19 ~ 09.22,https://www.wishbunny.me/drop/1834,New Item
travel,타고가요 신상 클라우드,N/A,09.15 ~ 09.17,https://www.wishbunny.me/drop/1767,New Item
travel,서울 메이필드 호텔 ( 베베핀룸 ),"168,000",09.01 ~ 09.03,https://www.wishbunny.me/drop/1751,New Item
travel,나드캐리어 기내용 20L 18인치,N/A,09.03 ~ 09.10,https://www.wishbunny.me/drop/1666,New Item
travel,푸켓 여행 에어텔/항공권 오픈,N/A,09.01 ~ 09.07,https://www.wishbunny.me/drop/1665,New Item
travel,타고가요,"227,400",09.18 ~ 09.22,https://www.wishbunny.me/drop/1661,New Item
travel,패리티,"286,000",09.15 ~ 09.22,https://www.wishbunny.me/drop/1659,New Item
travel,리뉴얼신상 킨즈 캐리어,"138,000",08.22 ~ 08.25,https://www.wishbunny.me/drop/1256,New Item
travel,쏠비치양양 특가,N/A,08.26 ~ 08.29,https://www.wishbunny.me/drop/1042,New Item
travel,오크밸리 천문캠프,N/A,08.04 ~ 08.30,https://www.wishbunny.me/drop/996,New Item
travel,한화리조트 설악 쏘라노,N/A,09.08 ~ 09.14,https://www.wishbunny.me/drop/771,New Item
travel,힐리언스 선마을,N/A,08.13 ~ 08.17,https://www.wishbunny.me/drop/764,New Item
travel,파라스파라 서울 특가,N/A,08.06 ~ 08.10,https://www.wishbunny.me/drop/753,New Item
pet,브라이트킨즈 미국 노즈워크 장난감,N/A,12.10 ~ 12.17,https://www.wishbunny.me/drop/6338,
pet,보가덴트,N/A,12.11 ~ 12.15,https://www.wishbunny.me/drop/6331,
pet,허니콤츄,"50,000",12.16 ~ 12.19,https://www.wishbunny.me/drop/6330,
pet,고래패드 배변패드,"22,000",11.19 ~ 11.23,https://www.wishbunny.me/drop/4568,
pet,포글 댕굴 하우스,"33,900",10.21 ~ 10.25,https://www.wishbunny.me/drop/4390,
pet,두카메디 모음전,"89,000",10.17 ~ 10.19,https://www.wishbunny.me/drop/4389,
pet,두즈,N/A,10.24 ~ 10.30,https://www.wishbunny.me/drop/4387,
pet,포말리 동결건조,N/A,10.17 ~ 10.19,https://www.wishbunny.me/drop/4386,
pet,닥터뮨 면역 종합 영양제,"9,600",10.17 ~ 10.19,https://www.wishbunny.me/drop/4385,
pet,반려동물 구강 스프레이 프로베티,"19,800",11.11 ~ 11.17,https://www.wishbunny.me/drop/4384,
pet,글림글림 네임택,"7,900",11.04 ~ 11.08,https://www.wishbunny.me/drop/4383,
pet,육명가,N/A,10.27 ~ 10.31,https://www.wishbunny.me/drop/4382,
pet,애드퍼피 빗,"37,000",10.23 ~ 10.28,https://www.wishbunny.me/drop/4381,
pet,클린투스,N/A,10.20 ~ 10.24,https://www.wishbunny.me/drop/4380,
pet,딩고나투라 사료,N/A,11.30 ~ 12.04,https://www.wishbunny.me/drop/4378,
pet,아미노맥스,"32,000",11.03 ~ 11.13,https://www.wishbunny.me/drop/4373,
pet,딩고나투라 사료,N/A,10.27 ~ 10.30,https://www.wishbunny.me/drop/4371,
pet,황금푸딩 강아지고양이 겸용,N/A,10.22 ~ 10.26,https://www.wishbunny.me/drop/4368,
pet,허브홀릭 동결건조 대용량 오리목뼈,N/A,10.25 ~ 10.26,https://www.wishbunny.me/drop/4367,
pet,육즙가닭,N/A,10.17 ~ 10.19,https://www.wishbunny.me/drop/4365,
pet,베베데코 몽글퍼 전체 시리즈,N/A,10.17 ~ 10.20,https://www.wishbunny.me/drop/4362,
pet,마이플러피,"89,000",10.27 ~ 10.30,https://www.wishbunny.me/drop/4067,
pet,벳플 영양제,"26,800",10.22 ~ 10.29,https://www.wishbunny.me/drop/4066,
pet,펫티슈 & 샴푸,"27,900",10.19 ~ 10.22,https://www.wishbunny.me/drop/4065,
pet,반려동물 인공눈물,"16,800",10.19 ~ 10.26,https://www.wishbunny.me/drop/4064,New Item
pet,알로키친 동결건조 사료,"23,900",10.13 ~ 10.19,https://www.wishbunny.me/drop/4063,New Item
pet,네이쳐스키 오메가3,"48,600",10.28 ~ 10.31,https://www.wishbunny.me/drop/4062,New Item
pet,허니콤츄 덴탈껌,"11,000",10.22 ~ 10.26,https://www.wishbunny.me/drop/4061,New Item
pet,타우로 슬리커 & 콤,"48,000",09.21 ~ 09.24,https://www.wishbunny.me/drop/1765,New Item
pet,추석 반려동물 한복 2만원대,"23,000",09.15 ~ 09.18,https://www.wishbunny.me/drop/1764,New Item
pet,밀리옹 뉴 밀링백,"109,000",09.14 ~ 09.21,https://www.wishbunny.me/drop/1763,New Item
pet,"유어벳 덴탈스프레이, 덴탈겔, 아이드롭","15,800",09.03 ~ 09.09,https://www.wishbunny.me/drop/1761,New Item
pet,스토맥스,N/A,09.08 ~ 09.14,https://www.wishbunny.me/drop/1750,New Item
pet,글루코사민,N/A,09.08 ~ 09.14,https://www.wishbunny.me/drop/1749,New Item
pet,플라그오프,N/A,09.08 ~ 09.14,https://www.wishbunny.me/drop/1748,New Item
pet,노스포 사료,N/A,08.05 ~ 08.05,https://www.wishbunny.me/drop/1150,New Item
pet,두카메디 모음전,N/A,08.05 ~ 08.06,https://www.wishbunny.me/drop/1149,New Item
pet,리카리카 베스트템,"4,000",08.01 ~ 08.07,https://www.wishbunny.me/drop/1148,New Item
pet,올치 해먹방석,"19,900",08.04 ~ 08.13,https://www.wishbunny.me/drop/1147,New Item
pet,종합영양제 펫테리토리,"52,000",08.25 ~ 08.31,https://www.wishbunny.me/drop/1146,New Item
pet,반려동물 자연식 싱크라이크펫,"169,000",09.20 ~ 09.22,https://www.wishbunny.me/drop/1145,New Item
pet,조공 데일리 습식,"33,000",08.11 ~ 08.15,https://www.wishbunny.me/drop/1142,New Item
pet,펫테리토리 종합 영양제,"48,900",08.05 ~ 08.09,https://www.wishbunny.me/drop/1141,New Item
sports,가정용 천국의계단,"179,000",01.14 ~ 01.16,https://www.wishbunny.me/drop/8643,
sports,오키독 트램폴린,"156,900",12.10 ~ 12.14,https://www.wishbunny.me/drop/6521,
sports,트램폴린,N/A,12.17 ~ 12.18,https://www.wishbunny.me/drop/6490,
sports,제트스탭,"36,000",12.15 ~ 12.18,https://www.wishbunny.me/drop/6485,
sports,"퍼스트 바이크, 인상전 마지막공구!","199,000",11.27 ~ 11.30,https://www.wishbunny.me/drop/6042,
sports,머픽 촉각매트,"67,200",11.10 ~ 11.16,https://www.wishbunny.me/drop/5849,
sports,메디니스 셀룰라 롤러 마사지기,"219,000",11.24 ~ 11.26,https://www.wishbunny.me/drop/5554,
sports,에르고바디 EMS,"28,500",11.10 ~ 11.14,https://www.wishbunny.me/drop/5541,
sports,셀룰라 마사지기,"219,000",11.13 ~ 11.18,https://www.wishbunny.me/drop/5483,
sports,제트스텝 3종,"79,000",11.27 ~ 12.01,https://www.wishbunny.me/drop/5252,
sports,스트라이더,"153,000",11.05 ~ 11.09,https://www.wishbunny.me/drop/4947,
sports,스트라이더,"153,000",11.10 ~ 11.12,https://www.wishbunny.me/drop/4899,
sports,오키독 트램펄린,"156,900",11.24 ~ 11.26,https://www.wishbunny.me/drop/4894,
sports,돌피노 밸런스보드,"24,800",11.20 ~ 11.23,https://www.wishbunny.me/drop/4608,
sports,심플리티 2in1 킥보드,"79,000",10.27 ~ 10.30,https://www.wishbunny.me/drop/4499,
sports,까사드로잉 체육용품,N/A,10.20 ~ 10.22,https://www.wishbunny.me/drop/4278,
sports,이브필라테스 슈로스바,"540,000",10.16 ~ 10.19,https://www.wishbunny.me/drop/4215,
sports,YK스쿠터 킥보드,"75,000",10.23 ~ 10.26,https://www.wishbunny.me/drop/4088,
sports,스쿳앤라이드,"133,920",10.20 ~ 10.21,https://www.wishbunny.me/drop/3927,
sports,베스리 킥보드,"104,000",10.27 ~ 10.30,https://www.wishbunny.me/drop/3921,
sports,제트스탭,"35,000",10.10 ~ 10.15,https://www.wishbunny.me/drop/3890,
sports,바풀 스트레칭 월바 홈짐 슈로스바,"48,000",10.31 ~ 11.02,https://www.wishbunny.me/drop/3850,
sports,람보르기니 킥보드,"10,000",10.16 ~ 10.19,https://www.wishbunny.me/drop/3728,
sports,심플리티 유아 스쿠터,"79,000",10.02 ~ 10.05,https://www.wishbunny.me/drop/3673,New Item
sports,스트라이더,"153,000",10.28 ~ 10.31,https://www.wishbunny.me/drop/3611,New Item
sports,제트스탭,"75,000",10.01 ~ 10.02,https://www.wishbunny.me/drop/3562,New Item
sports,스트라이더,"24,000",09.30 ~ 10.01,https://www.wishbunny.me/drop/3352,New Item
sports,밸런스보드,"95,000",10.20 ~ 10.24,https://www.wishbunny.me/drop/3341,New Item
sports,스마트트라이크 킥보드,"149,000",09.24 ~ 09.26,https://www.wishbunny.me/drop/2538,New Item
sports,심플리티 킥보드,"79,000",09.01 ~ 09.03,https://www.wishbunny.me/drop/2490,New Item
sports,나리몽 자전거,"169,000",09.22 ~ 09.24,https://www.wishbunny.me/drop/2437,New Item
sports,바풀 스트레칭 원목 운동기구,"450,000",08.25 ~ 08.30,https://www.wishbunny.me/drop/1545,New Item
sports,"퍼스트바이크 , 아부스 헬멧","198,000",08.25 ~ 08.28,https://www.wishbunny.me/drop/857,New Item
sports,스트라이더 벨런스 바이크 12인치 14인치 스포츠 프로 페달킷 유아자전거,"153,000",07.10 ~ 07.13,https://www.wishbunny.me/drop/702,New Item
etc,파파무니 얼룩제거펜,"10,800",02.06 ~ 02.08,https://www.wishbunny.me/drop/10070,New Item
etc,NEW item Coming soon,N/A,02.12 ~ 02.15,https://www.wishbunny.me/drop/9621,
etc,윈덤 강원 고성 with CJ,N/A,02.23 ~ 02.26,https://www.wishbunny.me/drop/9511,
etc,"[런칭] 하얀쿡X위드잇 한우 마미카세 모듬,한판슬라이스",N/A,02.04 ~ 02.06,https://www.wishbunny.me/drop/9194,
etc,애플비 스티커북,N/A,02.06 ~ 02.08,https://www.wishbunny.me/drop/9052,
etc,정품 유키오 인형키링(키티/교동),"14,900",01.25 ~ 02.28,https://www.wishbunny.me/drop/8876,
etc,뉴케어 마이키즈,"28,900",02.02 ~ 02.18,https://www.wishbunny.me/drop/8620,
etc,곰보배추시럽,N/A,02.12 ~ 02.26,https://www.wishbunny.me/drop/8597,
etc,미태그,"15,000",01.12 ~ 01.18,https://www.wishbunny.me/drop/8456,
etc,에스파뇰라 오일세트 설선물,"20,500",01.26 ~ 01.31,https://www.wishbunny.me/drop/8347,
etc,드라이 수채화 (최초),"14,800",01.05 ~ 01.05,https://www.wishbunny.me/drop/8331,
etc,모에모에 라벨프린터기 무선네임스티커기계,"35,000",01.21 ~ 01.25,https://www.wishbunny.me/drop/8064,
etc,540g 경량 방수 책가방 2종세트 모노라이트 워셔블 초등학생 저학년 백팩 여아 남아,"129,000",01.22 ~ 01.24,https://www.wishbunny.me/drop/7887,
etc,쾌걸조로리,"110,600",01.13 ~ 01.15,https://www.wishbunny.me/drop/7859,
etc,미니결과 함께 하는 미니미 다이어트! 미미다 10기,"420,500",01.05 ~ 01.11,https://www.wishbunny.me/drop/7728,
etc,담은수,"6,500",01.12 ~ 01.14,https://www.wishbunny.me/drop/7705,
etc,꿀 선물세트 설선물,"26,000",01.25 ~ 02.01,https://www.wishbunny.me/drop/7601,
etc,미니 핫팩,N/A,01.02 ~ 01.03,https://www.wishbunny.me/drop/7575,
etc,비밀젤,"38,000",01.23 ~ 01.25,https://www.wishbunny.me/drop/7411,
etc,설선물세트,"55,000",01.03 ~ 01.05,https://www.wishbunny.me/drop/7290,
etc,플로레떼 캡술세제,"7,900",01.01 ~ 01.11,https://www.wishbunny.me/drop/7179,
etc,천연 미니 하트 핫팩,"8,000",12.22 ~ 12.26,https://www.wishbunny.me/drop/6661,
etc,6요인 기질검사,"17,000",12.09 ~ 12.12,https://www.wishbunny.me/drop/6450,
etc,도트앤라인 네임 스티커,"8,900",01.20 ~ 01.22,https://www.wishbunny.me/drop/6142,
etc,연말 선물 할인! 쿠킹도구세트 & 마그네틱플레이 4종 & 글로팔즈 라이트업 큐브 & 트래블파우치백,"13,500",11.27 ~ 12.01,https://www.wishbunny.me/drop/5156,
etc,뮤지컬 [에벌레쇼] [에릭칼],N/A,11.12 ~ 11.18,https://www.wishbunny.me/drop/5135,New Item
etc,비판텐 외 10종,"9,800",11.01 ~ 11.02,https://www.wishbunny.me/drop/4551,New Item
etc,뮤지컬 장수탕선녀님,N/A,10.24 ~ 10.27,https://www.wishbunny.me/drop/4203,New Item
etc,타고가요 캐리어,N/A,09.22 ~ 09.24,https://www.wishbunny.me/drop/2249,New Item
etc,비타바움,"109,480",08.28 ~ 08.31,https://www.wishbunny.me/drop/1108,New Item
etc,보드게임 토들러 보드게임 베스트,"20,400",06.23 ~ 06.27,https://www.wishbunny.me/drop/269,New Item
etc,하바 보드게임,N/A,06.23 ~ 06.26,https://www.wishbunny.me/drop/87,New Item
etc,브레인티저스 유아 보드게임 베스트,"15,600",06.09 ~ 06.13,https://www.wishbunny.me/drop/80,New Item
